2026-09-10 13:59:59,739 - INFO - Executing Node 00 Health Audit...
2026-09-10 13:59:59,739 - INFO - Component [Data_Dir]: PASS
2026-09-10 13:59:59,740 - INFO - Component [DuckDB_State]: PASS
2026-09-10 13:59:59,740 - INFO - Component [Blade_Engine]: PASS
2026-09-10 17:53:17,512 - INFO - Processed 7 ticks | Anomalies: 1
2026-09-10 17:53:18,150 - WARNING - OSINT Context for Anomaly [125.4]: Nasdaq invests $100 million in Kraken parent, eyeing 2027 launch of 'tokenized' stock trading - CNBC
2026-09-10 17:53:18,150 - WARNING - OSINT Context for Anomaly [125.4]: God told them to sell crypto. Their investors lost everything. - MIT Technology Review
2026-09-10 17:53:18,150 - WARNING - OSINT Context for Anomaly [125.4]: Privacy Coin Zcash Becomes Top Performer as Crypto Losses Mount - Bloomberg.com
2026-09-10 17:53:26,184 - INFO - Processed 8 ticks | Anomalies: 2
2026-09-10 17:53:26,280 - WARNING - OSINT Context for Anomaly [124.75923599768635, 125.4]: Nasdaq invests $100 million in Kraken parent, eyeing 2027 launch of 'tokenized' stock trading - CNBC
2026-09-10 17:53:26,281 - WARNING - OSINT Context for Anomaly [124.75923599768635, 125.4]: God told them to sell crypto. Their investors lost everything. - MIT Technology Review
2026-09-10 17:53:26,281 - WARNING - OSINT Context for Anomaly [124.75923599768635, 125.4]: Privacy Coin Zcash Becomes Top Performer as Crypto Losses Mount - Bloomberg.com
2026-09-10 17:53:34,317 - INFO - Processed 9 ticks | Anomalies: 2
2026-09-10 17:53:34,415 - WARNING - OSINT Context for Anomaly [124.75923599768635, 125.4]: Nasdaq invests $100 million in Kraken parent, eyeing 2027 launch of 'tokenized' stock trading - CNBC
2026-09-10 17:53:34,416 - WARNING - OSINT Context for Anomaly [124.75923599768635, 125.4]: God told them to sell crypto. Their investors lost everything. - MIT Technology Review
2026-09-10 17:53:34,416 - WARNING - OSINT Context for Anomaly [124.75923599768635, 125.4]: Privacy Coin Zcash Becomes Top Performer as Crypto Losses Mount - Bloomberg.com
2026-09-10 17:53:42,451 - INFO - Processed 10 ticks | Anomalies: 3
2026-09-10 17:53:42,547 - WARNING - OSINT Context for Anomaly [140.80087639849376, 124.75923599768635, 125.4]: Nasdaq invests $100 million in Kraken parent, eyeing 2027 launch of 'tokenized' stock trading - CNBC
2026-09-10 17:53:42,547 - WARNING - OSINT Context for Anomaly [140.80087639849376, 124.75923599768635, 125.4]: God told them to sell crypto. Their investors lost everything. - MIT Technology Review
2026-09-10 17:53:42,547 - WARNING - OSINT Context for Anomaly [140.80087639849376, 124.75923599768635, 125.4]: Privacy Coin Zcash Becomes Top Performer as Crypto Losses Mount - Bloomberg.com
2026-09-10 17:53:50,584 - INFO - Processed 11 ticks | Anomalies: 3
2026-09-10 17:53:50,687 - WARNING - OSINT Context for Anomaly [140.80087639849376, 124.75923599768635, 125.4]: Nasdaq invests $100 million in Kraken parent, eyeing 2027 launch of 'tokenized' stock trading - CNBC
2026-09-10 17:53:50,687 - WARNING - OSINT Context for Anomaly [140.80087639849376, 124.75923599768635, 125.4]: God told them to sell crypto. Their investors lost everything. - MIT Technology Review
2026-09-10 17:53:50,687 - WARNING - OSINT Context for Anomaly [140.80087639849376, 124.75923599768635, 125.4]: Privacy Coin Zcash Becomes Top Performer as Crypto Losses Mount - Bloomberg.com
2026-09-10 17:53:58,719 - INFO - Processed 12 ticks | Anomalies: 3
2026-09-10 17:53:58,822 - WARNING - OSINT Context for Anomaly [140.80087639849376, 124.75923599768635, 125.4]: Nasdaq invests $100 million in Kraken parent, eyeing 2027 launch of 'tokenized' stock trading - CNBC
2026-09-10 17:53:58,822 - WARNING - OSINT Context for Anomaly [140.80087639849376, 124.75923599768635, 125.4]: God told them to sell crypto. Their investors lost everything. - MIT Technology Review
2026-09-10 17:53:58,822 - WARNING - OSINT Context for Anomaly [140.80087639849376, 124.75923599768635, 125.4]: Privacy Coin Zcash Becomes Top Performer as Crypto Losses Mount - Bloomberg.com
2026-09-10 17:54:06,851 - INFO - Processed 13 ticks | Anomalies: 3
2026-09-10 17:54:06,947 - WARNING - OSINT Context for Anomaly [140.80087639849376, 124.75923599768635, 125.4]: Nasdaq invests $100 million in Kraken parent, eyeing 2027 launch of 'tokenized' stock trading - CNBC
2026-09-10 17:54:06,948 - WARNING - OSINT Context for Anomaly [140.80087639849376, 124.75923599768635, 125.4]: God told them to sell crypto. Their investors lost everything. - MIT Technology Review
2026-09-10 17:54:06,948 - WARNING - OSINT Context for Anomaly [140.80087639849376, 124.75923599768635, 125.4]: Privacy Coin Zcash Becomes Top Performer as Crypto Losses Mount - Bloomberg.com
2026-09-10 17:54:14,977 - INFO - Processed 14 ticks | Anomalies: 3
2026-09-10 17:54:15,078 - WARNING - OSINT Context for Anomaly [140.80087639849376, 124.75923599768635, 125.4]: Nasdaq invests $100 million in Kraken parent, eyeing 2027 launch of 'tokenized' stock trading - CNBC
2026-09-10 17:54:15,078 - WARNING - OSINT Context for Anomaly [140.80087639849376, 124.75923599768635, 125.4]: God told them to sell crypto. Their investors lost everything. - MIT Technology Review
2026-09-10 17:54:15,078 - WARNING - OSINT Context for Anomaly [140.80087639849376, 124.75923599768635, 125.4]: Privacy Coin Zcash Becomes Top Performer as Crypto Losses Mount - Bloomberg.com
2026-09-10 17:54:23,107 - INFO - Processed 15 ticks | Anomalies: 3
2026-09-10 17:54:23,217 - WARNING - OSINT Context for Anomaly [140.80087639849376, 124.75923599768635, 125.4]: Nasdaq invests $100 million in Kraken parent, eyeing 2027 launch of 'tokenized' stock trading - CNBC
2026-09-10 17:54:23,217 - WARNING - OSINT Context for Anomaly [140.80087639849376, 124.75923599768635, 125.4]: God told them to sell crypto. Their investors lost everything. - MIT Technology Review
2026-09-10 17:54:23,217 - WARNING - OSINT Context for Anomaly [140.80087639849376, 124.75923599768635, 125.4]: Privacy Coin Zcash Becomes Top Performer as Crypto Losses Mount - Bloomberg.com
2026-09-10 17:54:31,247 - INFO - Processed 16 ticks | Anomalies: 3
2026-09-10 17:54:31,344 - WARNING - OSINT Context for Anomaly [140.80087639849376, 124.75923599768635, 125.4]: Nasdaq invests $100 million in Kraken parent, eyeing 2027 launch of 'tokenized' stock trading - CNBC
2026-09-10 17:54:31,344 - WARNING - OSINT Context for Anomaly [140.80087639849376, 124.75923599768635, 125.4]: God told them to sell crypto. Their investors lost everything. - MIT Technology Review
2026-09-10 17:54:31,344 - WARNING - OSINT Context for Anomaly [140.80087639849376, 124.75923599768635, 125.4]: Privacy Coin Zcash Becomes Top Performer as Crypto Losses Mount - Bloomberg.com
2026-09-10 17:54:39,378 - INFO - Processed 17 ticks | Anomalies: 3
2026-09-10 17:54:39,475 - WARNING - OSINT Context for Anomaly [140.80087639849376, 124.75923599768635, 125.4]: Nasdaq invests $100 million in Kraken parent, eyeing 2027 launch of 'tokenized' stock trading - CNBC
2026-09-10 17:54:39,476 - WARNING - OSINT Context for Anomaly [140.80087639849376, 124.75923599768635, 125.4]: God told them to sell crypto. Their investors lost everything. - MIT Technology Review
2026-09-10 17:54:39,476 - WARNING - OSINT Context for Anomaly [140.80087639849376, 124.75923599768635, 125.4]: Privacy Coin Zcash Becomes Top Performer as Crypto Losses Mount - Bloomberg.com
2026-09-10 17:54:47,506 - INFO - Processed 18 ticks | Anomalies: 4
2026-09-10 17:54:47,601 - WARNING - OSINT Context for Anomaly [159.16402571724348, 140.80087639849376, 124.75923599768635, 125.4]: Nasdaq invests $100 million in Kraken parent, eyeing 2027 launch of 'tokenized' stock trading - CNBC
2026-09-10 17:54:47,601 - WARNING - OSINT Context for Anomaly [159.16402571724348, 140.80087639849376, 124.75923599768635, 125.4]: God told them to sell crypto. Their investors lost everything. - MIT Technology Review
2026-09-10 17:54:47,601 - WARNING - OSINT Context for Anomaly [159.16402571724348, 140.80087639849376, 124.75923599768635, 125.4]: Privacy Coin Zcash Becomes Top Performer as Crypto Losses Mount - Bloomberg.com
2026-09-10 17:54:55,629 - INFO - Processed 19 ticks | Anomalies: 4
2026-09-10 17:54:55,738 - WARNING - OSINT Context for Anomaly [159.16402571724348, 140.80087639849376, 124.75923599768635, 125.4]: Nasdaq invests $100 million in Kraken parent, eyeing 2027 launch of 'tokenized' stock trading - CNBC
2026-09-10 17:54:55,738 - WARNING - OSINT Context for Anomaly [159.16402571724348, 140.80087639849376, 124.75923599768635, 125.4]: God told them to sell crypto. Their investors lost everything. - MIT Technology Review
2026-09-10 17:54:55,738 - WARNING - OSINT Context for Anomaly [159.16402571724348, 140.80087639849376, 124.75923599768635, 125.4]: Privacy Coin Zcash Becomes Top Performer as Crypto Losses Mount - Bloomberg.com
2026-09-10 17:55:03,783 - INFO - Processed 20 ticks | Anomalies: 4
2026-09-10 17:55:03,890 - WARNING - OSINT Context for Anomaly [159.16402571724348, 140.80087639849376, 124.75923599768635, 125.4]: Nasdaq invests $100 million in Kraken parent, eyeing 2027 launch of 'tokenized' stock trading - CNBC
2026-09-10 17:55:03,890 - WARNING - OSINT Context for Anomaly [159.16402571724348, 140.80087639849376, 124.75923599768635, 125.4]: God told them to sell crypto. Their investors lost everything. - MIT Technology Review
2026-09-10 17:55:03,890 - WARNING - OSINT Context for Anomaly [159.16402571724348, 140.80087639849376, 124.75923599768635, 125.4]: Privacy Coin Zcash Becomes Top Performer as Crypto Losses Mount - Bloomberg.com
2026-09-10 17:55:11,918 - INFO - Processed 20 ticks | Anomalies: 4
2026-09-10 17:55:12,019 - WARNING - OSINT Context for Anomaly [159.16402571724348, 140.80087639849376, 124.75923599768635, 125.4]: Nasdaq invests $100 million in Kraken parent, eyeing 2027 launch of 'tokenized' stock trading - CNBC
2026-09-10 17:55:12,020 - WARNING - OSINT Context for Anomaly [159.16402571724348, 140.80087639849376, 124.75923599768635, 125.4]: God told them to sell crypto. Their investors lost everything. - MIT Technology Review
2026-09-10 17:55:12,020 - WARNING - OSINT Context for Anomaly [159.16402571724348, 140.80087639849376, 124.75923599768635, 125.4]: Privacy Coin Zcash Becomes Top Performer as Crypto Losses Mount - Bloomberg.com
2026-09-10 17:55:20,049 - INFO - Processed 20 ticks | Anomalies: 4
2026-09-10 17:55:23,157 - WARNING - OSINT Context for Anomaly [159.16402571724348, 140.80087639849376, 124.75923599768635, 125.4]: Nasdaq invests $100 million in Kraken parent, eyeing 2027 launch of 'tokenized' stock trading - CNBC
2026-09-10 17:55:23,158 - WARNING - OSINT Context for Anomaly [159.16402571724348, 140.80087639849376, 124.75923599768635, 125.4]: God told them to sell crypto. Their investors lost everything. - MIT Technology Review
2026-09-10 17:55:23,158 - WARNING - OSINT Context for Anomaly [159.16402571724348, 140.80087639849376, 124.75923599768635, 125.4]: Privacy Coin Zcash Becomes Top Performer as Crypto Losses Mount - Bloomberg.com
2026-09-10 17:55:40,495 - INFO - Processed 20 ticks | Anomalies: 4
2026-09-10 17:55:40,605 - WARNING - OSINT Context for Anomaly [159.16402571724348, 140.80087639849376, 124.75923599768635, 125.4]: Nasdaq invests $100 million in Kraken parent, eyeing 2027 launch of 'tokenized' stock trading - CNBC
2026-09-10 17:55:40,606 - WARNING - OSINT Context for Anomaly [159.16402571724348, 140.80087639849376, 124.75923599768635, 125.4]: God told them to sell crypto. Their investors lost everything. - MIT Technology Review
2026-09-10 17:55:40,606 - WARNING - OSINT Context for Anomaly [159.16402571724348, 140.80087639849376, 124.75923599768635, 125.4]: Privacy Coin Zcash Becomes Top Performer as Crypto Losses Mount - Bloomberg.com
2026-09-10 17:55:48,644 - INFO - Processed 20 ticks | Anomalies: 4
2026-09-10 17:55:48,743 - WARNING - OSINT Context for Anomaly [155.54067621419148, 159.16402571724348, 140.80087639849376, 124.75923599768635]: Nasdaq invests $100 million in Kraken parent, eyeing 2027 launch of 'tokenized' stock trading - CNBC
2026-09-10 17:55:48,743 - WARNING - OSINT Context for Anomaly [155.54067621419148, 159.16402571724348, 140.80087639849376, 124.75923599768635]: God told them to sell crypto. Their investors lost everything. - MIT Technology Review
2026-09-10 17:55:48,743 - WARNING - OSINT Context for Anomaly [155.54067621419148, 159.16402571724348, 140.80087639849376, 124.75923599768635]: Privacy Coin Zcash Becomes Top Performer as Crypto Losses Mount - Bloomberg.com
2026-09-10 17:55:56,785 - INFO - Processed 20 ticks | Anomalies: 4
2026-09-10 17:55:56,892 - WARNING - OSINT Context for Anomaly [155.54067621419148, 159.16402571724348, 140.80087639849376, 124.75923599768635]: Nasdaq invests $100 million in Kraken parent, eyeing 2027 launch of 'tokenized' stock trading - CNBC
2026-09-10 17:55:56,892 - WARNING - OSINT Context for Anomaly [155.54067621419148, 159.16402571724348, 140.80087639849376, 124.75923599768635]: God told them to sell crypto. Their investors lost everything. - MIT Technology Review
2026-09-10 17:55:56,892 - WARNING - OSINT Context for Anomaly [155.54067621419148, 159.16402571724348, 140.80087639849376, 124.75923599768635]: Privacy Coin Zcash Becomes Top Performer as Crypto Losses Mount - Bloomberg.com
2026-09-10 17:56:04,929 - INFO - Processed 20 ticks | Anomalies: 4
2026-09-10 17:56:05,027 - WARNING - OSINT Context for Anomaly [155.54067621419148, 159.16402571724348, 140.80087639849376, 124.75923599768635]: Nasdaq invests $100 million in Kraken parent, eyeing 2027 launch of 'tokenized' stock trading - CNBC
2026-09-10 17:56:05,028 - WARNING - OSINT Context for Anomaly [155.54067621419148, 159.16402571724348, 140.80087639849376, 124.75923599768635]: God told them to sell crypto. Their investors lost everything. - MIT Technology Review
2026-09-10 17:56:05,028 - WARNING - OSINT Context for Anomaly [155.54067621419148, 159.16402571724348, 140.80087639849376, 124.75923599768635]: Privacy Coin Zcash Becomes Top Performer as Crypto Losses Mount - Bloomberg.com
2026-09-10 17:56:13,061 - INFO - Processed 20 ticks | Anomalies: 4
2026-09-10 17:56:13,167 - WARNING - OSINT Context for Anomaly [155.54067621419148, 159.16402571724348, 140.80087639849376, 124.75923599768635]: Nasdaq invests $100 million in Kraken parent, eyeing 2027 launch of 'tokenized' stock trading - CNBC
2026-09-10 17:56:13,167 - WARNING - OSINT Context for Anomaly [155.54067621419148, 159.16402571724348, 140.80087639849376, 124.75923599768635]: God told them to sell crypto. Their investors lost everything. - MIT Technology Review
2026-09-10 17:56:13,167 - WARNING - OSINT Context for Anomaly [155.54067621419148, 159.16402571724348, 140.80087639849376, 124.75923599768635]: Privacy Coin Zcash Becomes Top Performer as Crypto Losses Mount - Bloomberg.com
2026-09-10 17:56:31,723 - INFO - Processed 20 ticks | Anomalies: 3
2026-09-10 17:56:31,845 - WARNING - OSINT Context for Anomaly [155.54067621419148, 159.16402571724348, 140.80087639849376]: Nasdaq invests $100 million in Kraken parent, eyeing 2027 launch of 'tokenized' stock trading - CNBC
2026-09-10 17:56:31,846 - WARNING - OSINT Context for Anomaly [155.54067621419148, 159.16402571724348, 140.80087639849376]: God told them to sell crypto. Their investors lost everything. - MIT Technology Review
2026-09-10 17:56:31,846 - WARNING - OSINT Context for Anomaly [155.54067621419148, 159.16402571724348, 140.80087639849376]: Privacy Coin Zcash Becomes Top Performer as Crypto Losses Mount - Bloomberg.com
2026-09-12 08:11:28,012 - INFO - Processed 20 ticks | Anomalies: 3
2026-09-12 08:11:28,550 - WARNING - OSINT Context for Anomaly [155.54067621419148, 159.16402571724348, 140.80087639849376]: Exclusive | The Relentless Crypto Billionaire Who Moved to Venezuela in Pursuit of Oil - WSJ
2026-09-12 08:11:28,550 - WARNING - OSINT Context for Anomaly [155.54067621419148, 159.16402571724348, 140.80087639849376]: God told them to sell crypto. Their investors lost everything. - MIT Technology Review
2026-09-12 08:11:28,550 - WARNING - OSINT Context for Anomaly [155.54067621419148, 159.16402571724348, 140.80087639849376]: Hidden crypto farm in Mexican mountains puts spotlight on cartel funding - Reuters
2026-09-12 08:11:36,584 - INFO - Processed 20 ticks | Anomalies: 2
2026-09-12 08:11:36,683 - WARNING - OSINT Context for Anomaly [155.54067621419148, 159.16402571724348]: Exclusive | The Relentless Crypto Billionaire Who Moved to Venezuela in Pursuit of Oil - WSJ
2026-09-12 08:11:36,683 - WARNING - OSINT Context for Anomaly [155.54067621419148, 159.16402571724348]: God told them to sell crypto. Their investors lost everything. - MIT Technology Review
2026-09-12 08:11:36,683 - WARNING - OSINT Context for Anomaly [155.54067621419148, 159.16402571724348]: Hidden crypto farm in Mexican mountains puts spotlight on cartel funding - Reuters
2026-09-12 08:11:44,718 - INFO - Processed 20 ticks | Anomalies: 2
2026-09-12 08:11:44,814 - WARNING - OSINT Context for Anomaly [155.54067621419148, 159.16402571724348]: Exclusive | The Relentless Crypto Billionaire Who Moved to Venezuela in Pursuit of Oil - WSJ
2026-09-12 08:11:44,814 - WARNING - OSINT Context for Anomaly [155.54067621419148, 159.16402571724348]: God told them to sell crypto. Their investors lost everything. - MIT Technology Review
2026-09-12 08:11:44,815 - WARNING - OSINT Context for Anomaly [155.54067621419148, 159.16402571724348]: Hidden crypto farm in Mexican mountains puts spotlight on cartel funding - Reuters
2026-09-12 08:11:52,845 - INFO - Processed 20 ticks | Anomalies: 2
2026-09-12 08:11:52,960 - WARNING - OSINT Context for Anomaly [155.54067621419148, 159.16402571724348]: Exclusive | The Relentless Crypto Billionaire Who Moved to Venezuela in Pursuit of Oil - WSJ
2026-09-12 08:11:52,960 - WARNING - OSINT Context for Anomaly [155.54067621419148, 159.16402571724348]: God told them to sell crypto. Their investors lost everything. - MIT Technology Review
2026-09-12 08:11:52,960 - WARNING - OSINT Context for Anomaly [155.54067621419148, 159.16402571724348]: Hidden crypto farm in Mexican mountains puts spotlight on cartel funding - Reuters
2026-09-12 08:12:00,989 - INFO - Processed 20 ticks | Anomalies: 3
2026-09-12 08:12:01,092 - WARNING - OSINT Context for Anomaly [156.01296185267483, 155.54067621419148, 159.16402571724348]: Exclusive | The Relentless Crypto Billionaire Who Moved to Venezuela in Pursuit of Oil - WSJ
2026-09-12 08:12:01,092 - WARNING - OSINT Context for Anomaly [156.01296185267483, 155.54067621419148, 159.16402571724348]: God told them to sell crypto. Their investors lost everything. - MIT Technology Review
2026-09-12 08:12:01,092 - WARNING - OSINT Context for Anomaly [156.01296185267483, 155.54067621419148, 159.16402571724348]: Hidden crypto farm in Mexican mountains puts spotlight on cartel funding - Reuters
2026-09-12 08:12:09,127 - INFO - Processed 20 ticks | Anomalies: 3
2026-09-12 08:12:09,225 - WARNING - OSINT Context for Anomaly [156.01296185267483, 155.54067621419148, 159.16402571724348]: Exclusive | The Relentless Crypto Billionaire Who Moved to Venezuela in Pursuit of Oil - WSJ
2026-09-12 08:12:09,226 - WARNING - OSINT Context for Anomaly [156.01296185267483, 155.54067621419148, 159.16402571724348]: God told them to sell crypto. Their investors lost everything. - MIT Technology Review
2026-09-12 08:12:09,226 - WARNING - OSINT Context for Anomaly [156.01296185267483, 155.54067621419148, 159.16402571724348]: Hidden crypto farm in Mexican mountains puts spotlight on cartel funding - Reuters
2026-09-12 08:12:17,265 - INFO - Processed 20 ticks | Anomalies: 3
2026-09-12 08:12:17,364 - WARNING - OSINT Context for Anomaly [156.01296185267483, 155.54067621419148, 159.16402571724348]: Exclusive | The Relentless Crypto Billionaire Who Moved to Venezuela in Pursuit of Oil - WSJ
2026-09-12 08:12:17,364 - WARNING - OSINT Context for Anomaly [156.01296185267483, 155.54067621419148, 159.16402571724348]: God told them to sell crypto. Their investors lost everything. - MIT Technology Review
2026-09-12 08:12:17,365 - WARNING - OSINT Context for Anomaly [156.01296185267483, 155.54067621419148, 159.16402571724348]: Hidden crypto farm in Mexican mountains puts spotlight on cartel funding - Reuters
2026-09-12 08:12:25,404 - INFO - Processed 20 ticks | Anomalies: 4
2026-09-12 08:12:25,491 - WARNING - OSINT Context for Anomaly [132.8922362044491, 156.01296185267483, 155.54067621419148, 159.16402571724348]: Exclusive | The Relentless Crypto Billionaire Who Moved to Venezuela in Pursuit of Oil - WSJ
2026-09-12 08:12:25,491 - WARNING - OSINT Context for Anomaly [132.8922362044491, 156.01296185267483, 155.54067621419148, 159.16402571724348]: God told them to sell crypto. Their investors lost everything. - MIT Technology Review
2026-09-12 08:12:25,491 - WARNING - OSINT Context for Anomaly [132.8922362044491, 156.01296185267483, 155.54067621419148, 159.16402571724348]: Hidden crypto farm in Mexican mountains puts spotlight on cartel funding - Reuters
2026-09-12 08:12:33,525 - INFO - Processed 20 ticks | Anomalies: 4
2026-09-12 08:12:33,609 - WARNING - OSINT Context for Anomaly [132.8922362044491, 156.01296185267483, 155.54067621419148, 159.16402571724348]: Exclusive | The Relentless Crypto Billionaire Who Moved to Venezuela in Pursuit of Oil - WSJ
2026-09-12 08:12:33,610 - WARNING - OSINT Context for Anomaly [132.8922362044491, 156.01296185267483, 155.54067621419148, 159.16402571724348]: God told them to sell crypto. Their investors lost everything. - MIT Technology Review
2026-09-12 08:12:33,610 - WARNING - OSINT Context for Anomaly [132.8922362044491, 156.01296185267483, 155.54067621419148, 159.16402571724348]: Hidden crypto farm in Mexican mountains puts spotlight on cartel funding - Reuters
2026-09-12 08:12:41,643 - INFO - Processed 20 ticks | Anomalies: 4
2026-09-12 08:12:41,746 - WARNING - OSINT Context for Anomaly [148.56084375781904, 132.8922362044491, 156.01296185267483, 155.54067621419148]: Exclusive | The Relentless Crypto Billionaire Who Moved to Venezuela in Pursuit of Oil - WSJ
2026-09-12 08:12:41,746 - WARNING - OSINT Context for Anomaly [148.56084375781904, 132.8922362044491, 156.01296185267483, 155.54067621419148]: God told them to sell crypto. Their investors lost everything. - MIT Technology Review
2026-09-12 08:12:41,746 - WARNING - OSINT Context for Anomaly [148.56084375781904, 132.8922362044491, 156.01296185267483, 155.54067621419148]: Hidden crypto farm in Mexican mountains puts spotlight on cartel funding - Reuters
2026-09-12 08:12:49,779 - INFO - Processed 20 ticks | Anomalies: 4
2026-09-12 08:12:49,874 - WARNING - OSINT Context for Anomaly [148.56084375781904, 132.8922362044491, 156.01296185267483, 155.54067621419148]: Exclusive | The Relentless Crypto Billionaire Who Moved to Venezuela in Pursuit of Oil - WSJ
2026-09-12 08:12:49,875 - WARNING - OSINT Context for Anomaly [148.56084375781904, 132.8922362044491, 156.01296185267483, 155.54067621419148]: God told them to sell crypto. Their investors lost everything. - MIT Technology Review
2026-09-12 08:12:49,875 - WARNING - OSINT Context for Anomaly [148.56084375781904, 132.8922362044491, 156.01296185267483, 155.54067621419148]: Hidden crypto farm in Mexican mountains puts spotlight on cartel funding - Reuters
2026-09-12 08:12:57,906 - INFO - Processed 20 ticks | Anomalies: 4
2026-09-12 08:12:57,998 - WARNING - OSINT Context for Anomaly [148.56084375781904, 132.8922362044491, 156.01296185267483, 155.54067621419148]: Exclusive | The Relentless Crypto Billionaire Who Moved to Venezuela in Pursuit of Oil - WSJ
2026-09-12 08:12:57,998 - WARNING - OSINT Context for Anomaly [148.56084375781904, 132.8922362044491, 156.01296185267483, 155.54067621419148]: God told them to sell crypto. Their investors lost everything. - MIT Technology Review
2026-09-12 08:12:57,998 - WARNING - OSINT Context for Anomaly [148.56084375781904, 132.8922362044491, 156.01296185267483, 155.54067621419148]: Hidden crypto farm in Mexican mountains puts spotlight on cartel funding - Reuters
2026-09-12 08:13:06,030 - INFO - Processed 20 ticks | Anomalies: 4
2026-09-12 08:13:06,122 - WARNING - OSINT Context for Anomaly [148.56084375781904, 132.8922362044491, 156.01296185267483, 155.54067621419148]: Exclusive | The Relentless Crypto Billionaire Who Moved to Venezuela in Pursuit of Oil - WSJ
2026-09-12 08:13:06,122 - WARNING - OSINT Context for Anomaly [148.56084375781904, 132.8922362044491, 156.01296185267483, 155.54067621419148]: God told them to sell crypto. Their investors lost everything. - MIT Technology Review
2026-09-12 08:13:06,122 - WARNING - OSINT Context for Anomaly [148.56084375781904, 132.8922362044491, 156.01296185267483, 155.54067621419148]: Hidden crypto farm in Mexican mountains puts spotlight on cartel funding - Reuters
2026-09-12 08:13:14,152 - INFO - Processed 20 ticks | Anomalies: 4
2026-09-12 08:13:14,244 - WARNING - OSINT Context for Anomaly [148.56084375781904, 132.8922362044491, 156.01296185267483, 155.54067621419148]: Exclusive | The Relentless Crypto Billionaire Who Moved to Venezuela in Pursuit of Oil - WSJ
2026-09-12 08:13:14,244 - WARNING - OSINT Context for Anomaly [148.56084375781904, 132.8922362044491, 156.01296185267483, 155.54067621419148]: God told them to sell crypto. Their investors lost everything. - MIT Technology Review
2026-09-12 08:13:14,244 - WARNING - OSINT Context for Anomaly [148.56084375781904, 132.8922362044491, 156.01296185267483, 155.54067621419148]: Hidden crypto farm in Mexican mountains puts spotlight on cartel funding - Reuters
2026-09-12 08:13:22,283 - INFO - Processed 20 ticks | Anomalies: 5
2026-09-12 08:13:22,381 - WARNING - OSINT Context for Anomaly [127.48019722776178, 148.56084375781904, 132.8922362044491, 156.01296185267483, 155.54067621419148]: Exclusive | The Relentless Crypto Billionaire Who Moved to Venezuela in Pursuit of Oil - WSJ
2026-09-12 08:13:22,382 - WARNING - OSINT Context for Anomaly [127.48019722776178, 148.56084375781904, 132.8922362044491, 156.01296185267483, 155.54067621419148]: God told them to sell crypto. Their investors lost everything. - MIT Technology Review
2026-09-12 08:13:22,382 - WARNING - OSINT Context for Anomaly [127.48019722776178, 148.56084375781904, 132.8922362044491, 156.01296185267483, 155.54067621419148]: Hidden crypto farm in Mexican mountains puts spotlight on cartel funding - Reuters
2026-09-12 08:13:30,419 - INFO - Processed 20 ticks | Anomalies: 4
2026-09-12 08:13:30,933 - WARNING - OSINT Context for Anomaly [127.48019722776178, 148.56084375781904, 132.8922362044491, 156.01296185267483]: Exclusive | The Relentless Crypto Billionaire Who Moved to Venezuela in Pursuit of Oil - WSJ
2026-09-12 08:13:30,933 - WARNING - OSINT Context for Anomaly [127.48019722776178, 148.56084375781904, 132.8922362044491, 156.01296185267483]: God told them to sell crypto. Their investors lost everything. - MIT Technology Review
2026-09-12 08:13:30,933 - WARNING - OSINT Context for Anomaly [127.48019722776178, 148.56084375781904, 132.8922362044491, 156.01296185267483]: Hidden crypto farm in Mexican mountains puts spotlight on cartel funding - Reuters
2026-09-12 08:13:38,969 - INFO - Processed 20 ticks | Anomalies: 5
2026-09-12 08:13:39,068 - WARNING - OSINT Context for Anomaly [127.60648433761106, 127.48019722776178, 148.56084375781904, 132.8922362044491, 156.01296185267483]: Exclusive | The Relentless Crypto Billionaire Who Moved to Venezuela in Pursuit of Oil - WSJ
2026-09-12 08:13:39,068 - WARNING - OSINT Context for Anomaly [127.60648433761106, 127.48019722776178, 148.56084375781904, 132.8922362044491, 156.01296185267483]: God told them to sell crypto. Their investors lost everything. - MIT Technology Review
2026-09-12 08:13:39,068 - WARNING - OSINT Context for Anomaly [127.60648433761106, 127.48019722776178, 148.56084375781904, 132.8922362044491, 156.01296185267483]: Hidden crypto farm in Mexican mountains puts spotlight on cartel funding - Reuters
2026-09-12 08:13:47,099 - INFO - Processed 20 ticks | Anomalies: 6
2026-09-12 08:13:47,193 - WARNING - OSINT Context for Anomaly [149.0385673814489, 127.60648433761106, 127.48019722776178, 148.56084375781904, 132.8922362044491, 156.01296185267483]: Exclusive | The Relentless Crypto Billionaire Who Moved to Venezuela in Pursuit of Oil - WSJ
2026-09-12 08:13:47,194 - WARNING - OSINT Context for Anomaly [149.0385673814489, 127.60648433761106, 127.48019722776178, 148.56084375781904, 132.8922362044491, 156.01296185267483]: God told them to sell crypto. Their investors lost everything. - MIT Technology Review
2026-09-12 08:13:47,194 - WARNING - OSINT Context for Anomaly [149.0385673814489, 127.60648433761106, 127.48019722776178, 148.56084375781904, 132.8922362044491, 156.01296185267483]: Hidden crypto farm in Mexican mountains puts spotlight on cartel funding - Reuters
2026-09-12 08:13:55,226 - INFO - Processed 20 ticks | Anomalies: 6
2026-09-12 08:13:55,316 - WARNING - OSINT Context for Anomaly [149.0385673814489, 127.60648433761106, 127.48019722776178, 148.56084375781904, 132.8922362044491, 156.01296185267483]: Exclusive | The Relentless Crypto Billionaire Who Moved to Venezuela in Pursuit of Oil - WSJ
2026-09-12 08:13:55,317 - WARNING - OSINT Context for Anomaly [149.0385673814489, 127.60648433761106, 127.48019722776178, 148.56084375781904, 132.8922362044491, 156.01296185267483]: God told them to sell crypto. Their investors lost everything. - MIT Technology Review
2026-09-12 08:13:55,317 - WARNING - OSINT Context for Anomaly [149.0385673814489, 127.60648433761106, 127.48019722776178, 148.56084375781904, 132.8922362044491, 156.01296185267483]: Hidden crypto farm in Mexican mountains puts spotlight on cartel funding - Reuters
2026-09-12 08:14:03,349 - INFO - Processed 20 ticks | Anomalies: 6
2026-09-12 08:14:03,442 - WARNING - OSINT Context for Anomaly [149.0385673814489, 127.60648433761106, 127.48019722776178, 148.56084375781904, 132.8922362044491, 156.01296185267483]: Exclusive | The Relentless Crypto Billionaire Who Moved to Venezuela in Pursuit of Oil - WSJ
2026-09-12 08:14:03,442 - WARNING - OSINT Context for Anomaly [149.0385673814489, 127.60648433761106, 127.48019722776178, 148.56084375781904, 132.8922362044491, 156.01296185267483]: God told them to sell crypto. Their investors lost everything. - MIT Technology Review
2026-09-12 08:14:03,442 - WARNING - OSINT Context for Anomaly [149.0385673814489, 127.60648433761106, 127.48019722776178, 148.56084375781904, 132.8922362044491, 156.01296185267483]: Hidden crypto farm in Mexican mountains puts spotlight on cartel funding - Reuters
2026-09-12 08:14:11,474 - INFO - Processed 20 ticks | Anomalies: 6
2026-09-12 08:14:11,569 - WARNING - OSINT Context for Anomaly [149.0385673814489, 127.60648433761106, 127.48019722776178, 148.56084375781904, 132.8922362044491, 156.01296185267483]: Exclusive | The Relentless Crypto Billionaire Who Moved to Venezuela in Pursuit of Oil - WSJ
2026-09-12 08:14:11,569 - WARNING - OSINT Context for Anomaly [149.0385673814489, 127.60648433761106, 127.48019722776178, 148.56084375781904, 132.8922362044491, 156.01296185267483]: God told them to sell crypto. Their investors lost everything. - MIT Technology Review
2026-09-12 08:14:11,569 - WARNING - OSINT Context for Anomaly [149.0385673814489, 127.60648433761106, 127.48019722776178, 148.56084375781904, 132.8922362044491, 156.01296185267483]: Hidden crypto farm in Mexican mountains puts spotlight on cartel funding - Reuters
2026-09-12 08:14:19,604 - INFO - Processed 20 ticks | Anomalies: 7
2026-09-12 08:14:19,700 - WARNING - OSINT Context for Anomaly [142.45331153697546, 149.0385673814489, 127.60648433761106, 127.48019722776178, 148.56084375781904, 132.8922362044491, 156.01296185267483]: Exclusive | The Relentless Crypto Billionaire Who Moved to Venezuela in Pursuit of Oil - WSJ
2026-09-12 08:14:19,700 - WARNING - OSINT Context for Anomaly [142.45331153697546, 149.0385673814489, 127.60648433761106, 127.48019722776178, 148.56084375781904, 132.8922362044491, 156.01296185267483]: God told them to sell crypto. Their investors lost everything. - MIT Technology Review
2026-09-12 08:14:19,700 - WARNING - OSINT Context for Anomaly [142.45331153697546, 149.0385673814489, 127.60648433761106, 127.48019722776178, 148.56084375781904, 132.8922362044491, 156.01296185267483]: Hidden crypto farm in Mexican mountains puts spotlight on cartel funding - Reuters
2026-09-12 08:14:27,733 - INFO - Processed 20 ticks | Anomalies: 7
2026-09-12 08:14:27,824 - WARNING - OSINT Context for Anomaly [142.45331153697546, 149.0385673814489, 127.60648433761106, 127.48019722776178, 148.56084375781904, 132.8922362044491, 156.01296185267483]: Exclusive | The Relentless Crypto Billionaire Who Moved to Venezuela in Pursuit of Oil - WSJ
2026-09-12 08:14:27,824 - WARNING - OSINT Context for Anomaly [142.45331153697546, 149.0385673814489, 127.60648433761106, 127.48019722776178, 148.56084375781904, 132.8922362044491, 156.01296185267483]: God told them to sell crypto. Their investors lost everything. - MIT Technology Review
2026-09-12 08:14:27,824 - WARNING - OSINT Context for Anomaly [142.45331153697546, 149.0385673814489, 127.60648433761106, 127.48019722776178, 148.56084375781904, 132.8922362044491, 156.01296185267483]: Hidden crypto farm in Mexican mountains puts spotlight on cartel funding - Reuters
2026-09-12 08:14:35,856 - INFO - Processed 20 ticks | Anomalies: 7
2026-09-12 08:14:35,952 - WARNING - OSINT Context for Anomaly [142.45331153697546, 149.0385673814489, 127.60648433761106, 127.48019722776178, 148.56084375781904, 132.8922362044491, 156.01296185267483]: Exclusive | The Relentless Crypto Billionaire Who Moved to Venezuela in Pursuit of Oil - WSJ
2026-09-12 08:14:35,953 - WARNING - OSINT Context for Anomaly [142.45331153697546, 149.0385673814489, 127.60648433761106, 127.48019722776178, 148.56084375781904, 132.8922362044491, 156.01296185267483]: God told them to sell crypto. Their investors lost everything. - MIT Technology Review
2026-09-12 08:14:35,953 - WARNING - OSINT Context for Anomaly [142.45331153697546, 149.0385673814489, 127.60648433761106, 127.48019722776178, 148.56084375781904, 132.8922362044491, 156.01296185267483]: Hidden crypto farm in Mexican mountains puts spotlight on cartel funding - Reuters
2026-09-12 08:14:43,986 - INFO - Processed 20 ticks | Anomalies: 6
2026-09-12 08:14:44,089 - WARNING - OSINT Context for Anomaly [142.45331153697546, 149.0385673814489, 127.60648433761106, 127.48019722776178, 148.56084375781904, 132.8922362044491]: Exclusive | The Relentless Crypto Billionaire Who Moved to Venezuela in Pursuit of Oil - WSJ
2026-09-12 08:14:44,089 - WARNING - OSINT Context for Anomaly [142.45331153697546, 149.0385673814489, 127.60648433761106, 127.48019722776178, 148.56084375781904, 132.8922362044491]: God told them to sell crypto. Their investors lost everything. - MIT Technology Review
2026-09-12 08:14:44,090 - WARNING - OSINT Context for Anomaly [142.45331153697546, 149.0385673814489, 127.60648433761106, 127.48019722776178, 148.56084375781904, 132.8922362044491]: Hidden crypto farm in Mexican mountains puts spotlight on cartel funding - Reuters
2026-09-12 08:14:52,126 - INFO - Processed 20 ticks | Anomalies: 6
2026-09-12 08:14:52,220 - WARNING - OSINT Context for Anomaly [142.45331153697546, 149.0385673814489, 127.60648433761106, 127.48019722776178, 148.56084375781904, 132.8922362044491]: Exclusive | The Relentless Crypto Billionaire Who Moved to Venezuela in Pursuit of Oil - WSJ
2026-09-12 08:14:52,220 - WARNING - OSINT Context for Anomaly [142.45331153697546, 149.0385673814489, 127.60648433761106, 127.48019722776178, 148.56084375781904, 132.8922362044491]: God told them to sell crypto. Their investors lost everything. - MIT Technology Review
2026-09-12 08:14:52,220 - WARNING - OSINT Context for Anomaly [142.45331153697546, 149.0385673814489, 127.60648433761106, 127.48019722776178, 148.56084375781904, 132.8922362044491]: Hidden crypto farm in Mexican mountains puts spotlight on cartel funding - Reuters
2026-09-12 08:15:00,250 - INFO - Processed 20 ticks | Anomalies: 6
2026-09-12 08:15:00,343 - WARNING - OSINT Context for Anomaly [142.45331153697546, 149.0385673814489, 127.60648433761106, 127.48019722776178, 148.56084375781904, 132.8922362044491]: Exclusive | The Relentless Crypto Billionaire Who Moved to Venezuela in Pursuit of Oil - WSJ
2026-09-12 08:15:00,343 - WARNING - OSINT Context for Anomaly [142.45331153697546, 149.0385673814489, 127.60648433761106, 127.48019722776178, 148.56084375781904, 132.8922362044491]: God told them to sell crypto. Their investors lost everything. - MIT Technology Review
2026-09-12 08:15:00,343 - WARNING - OSINT Context for Anomaly [142.45331153697546, 149.0385673814489, 127.60648433761106, 127.48019722776178, 148.56084375781904, 132.8922362044491]: Hidden crypto farm in Mexican mountains puts spotlight on cartel funding - Reuters
2026-09-12 08:15:08,373 - INFO - Processed 20 ticks | Anomalies: 6
2026-09-12 08:15:08,470 - WARNING - OSINT Context for Anomaly [150.54483366667893, 142.45331153697546, 149.0385673814489, 127.60648433761106, 127.48019722776178, 148.56084375781904]: Exclusive | The Relentless Crypto Billionaire Who Moved to Venezuela in Pursuit of Oil - WSJ
2026-09-12 08:15:08,470 - WARNING - OSINT Context for Anomaly [150.54483366667893, 142.45331153697546, 149.0385673814489, 127.60648433761106, 127.48019722776178, 148.56084375781904]: God told them to sell crypto. Their investors lost everything. - MIT Technology Review
2026-09-12 08:15:08,471 - WARNING - OSINT Context for Anomaly [150.54483366667893, 142.45331153697546, 149.0385673814489, 127.60648433761106, 127.48019722776178, 148.56084375781904]: Hidden crypto farm in Mexican mountains puts spotlight on cartel funding - Reuters
2026-09-12 08:15:16,508 - INFO - Processed 20 ticks | Anomalies: 6
2026-09-12 08:15:16,603 - WARNING - OSINT Context for Anomaly [150.54483366667893, 142.45331153697546, 149.0385673814489, 127.60648433761106, 127.48019722776178, 148.56084375781904]: Exclusive | The Relentless Crypto Billionaire Who Moved to Venezuela in Pursuit of Oil - WSJ
2026-09-12 08:15:16,604 - WARNING - OSINT Context for Anomaly [150.54483366667893, 142.45331153697546, 149.0385673814489, 127.60648433761106, 127.48019722776178, 148.56084375781904]: God told them to sell crypto. Their investors lost everything. - MIT Technology Review
2026-09-12 08:15:16,604 - WARNING - OSINT Context for Anomaly [150.54483366667893, 142.45331153697546, 149.0385673814489, 127.60648433761106, 127.48019722776178, 148.56084375781904]: Hidden crypto farm in Mexican mountains puts spotlight on cartel funding - Reuters
2026-09-12 08:15:24,635 - INFO - Processed 20 ticks | Anomalies: 5
2026-09-12 08:15:24,728 - WARNING - OSINT Context for Anomaly [150.54483366667893, 142.45331153697546, 149.0385673814489, 127.60648433761106, 127.48019722776178]: Exclusive | The Relentless Crypto Billionaire Who Moved to Venezuela in Pursuit of Oil - WSJ
2026-09-12 08:15:24,728 - WARNING - OSINT Context for Anomaly [150.54483366667893, 142.45331153697546, 149.0385673814489, 127.60648433761106, 127.48019722776178]: God told them to sell crypto. Their investors lost everything. - MIT Technology Review
2026-09-12 08:15:24,728 - WARNING - OSINT Context for Anomaly [150.54483366667893, 142.45331153697546, 149.0385673814489, 127.60648433761106, 127.48019722776178]: Hidden crypto farm in Mexican mountains puts spotlight on cartel funding - Reuters
2026-09-12 08:15:32,760 - INFO - Processed 20 ticks | Anomalies: 5
2026-09-12 08:15:33,173 - WARNING - OSINT Context for Anomaly [150.54483366667893, 142.45331153697546, 149.0385673814489, 127.60648433761106, 127.48019722776178]: Exclusive | The Relentless Crypto Billionaire Who Moved to Venezuela in Pursuit of Oil - WSJ
2026-09-12 08:15:33,176 - WARNING - OSINT Context for Anomaly [150.54483366667893, 142.45331153697546, 149.0385673814489, 127.60648433761106, 127.48019722776178]: Hunter Biden’s Crypto Offering Plummets Upon Launching - The New York Times
2026-09-12 08:15:33,176 - WARNING - OSINT Context for Anomaly [150.54483366667893, 142.45331153697546, 149.0385673814489, 127.60648433761106, 127.48019722776178]: Hidden crypto farm in Mexican mountains puts spotlight on cartel funding - Reuters
2026-09-12 08:15:41,213 - INFO - Processed 20 ticks | Anomalies: 5
2026-09-12 08:15:41,313 - WARNING - OSINT Context for Anomaly [150.54483366667893, 142.45331153697546, 149.0385673814489, 127.60648433761106, 127.48019722776178]: Exclusive | The Relentless Crypto Billionaire Who Moved to Venezuela in Pursuit of Oil - WSJ
2026-09-12 08:15:41,313 - WARNING - OSINT Context for Anomaly [150.54483366667893, 142.45331153697546, 149.0385673814489, 127.60648433761106, 127.48019722776178]: Hunter Biden’s Crypto Offering Plummets Upon Launching - The New York Times
2026-09-12 08:15:41,314 - WARNING - OSINT Context for Anomaly [150.54483366667893, 142.45331153697546, 149.0385673814489, 127.60648433761106, 127.48019722776178]: Hidden crypto farm in Mexican mountains puts spotlight on cartel funding - Reuters
2026-09-12 08:15:49,344 - INFO - Processed 20 ticks | Anomalies: 5
2026-09-12 08:15:49,440 - WARNING - OSINT Context for Anomaly [150.54483366667893, 142.45331153697546, 149.0385673814489, 127.60648433761106, 127.48019722776178]: Exclusive | The Relentless Crypto Billionaire Who Moved to Venezuela in Pursuit of Oil - WSJ
2026-09-12 08:15:49,441 - WARNING - OSINT Context for Anomaly [150.54483366667893, 142.45331153697546, 149.0385673814489, 127.60648433761106, 127.48019722776178]: Hunter Biden’s Crypto Offering Plummets Upon Launching - The New York Times
2026-09-12 08:15:49,441 - WARNING - OSINT Context for Anomaly [150.54483366667893, 142.45331153697546, 149.0385673814489, 127.60648433761106, 127.48019722776178]: Hidden crypto farm in Mexican mountains puts spotlight on cartel funding - Reuters
2026-09-12 08:15:57,471 - INFO - Processed 20 ticks | Anomalies: 5
2026-09-12 08:15:57,565 - WARNING - OSINT Context for Anomaly [150.54483366667893, 142.45331153697546, 149.0385673814489, 127.60648433761106, 127.48019722776178]: Exclusive | The Relentless Crypto Billionaire Who Moved to Venezuela in Pursuit of Oil - WSJ
2026-09-12 08:15:57,565 - WARNING - OSINT Context for Anomaly [150.54483366667893, 142.45331153697546, 149.0385673814489, 127.60648433761106, 127.48019722776178]: Hunter Biden’s Crypto Offering Plummets Upon Launching - The New York Times
2026-09-12 08:15:57,565 - WARNING - OSINT Context for Anomaly [150.54483366667893, 142.45331153697546, 149.0385673814489, 127.60648433761106, 127.48019722776178]: Hidden crypto farm in Mexican mountains puts spotlight on cartel funding - Reuters
2026-09-12 08:16:05,595 - INFO - Processed 20 ticks | Anomalies: 4
2026-09-12 08:16:05,696 - WARNING - OSINT Context for Anomaly [150.54483366667893, 142.45331153697546, 149.0385673814489, 127.60648433761106]: Exclusive | The Relentless Crypto Billionaire Who Moved to Venezuela in Pursuit of Oil - WSJ
2026-09-12 08:16:05,696 - WARNING - OSINT Context for Anomaly [150.54483366667893, 142.45331153697546, 149.0385673814489, 127.60648433761106]: Hunter Biden’s Crypto Offering Plummets Upon Launching - The New York Times
2026-09-12 08:16:05,696 - WARNING - OSINT Context for Anomaly [150.54483366667893, 142.45331153697546, 149.0385673814489, 127.60648433761106]: Hidden crypto farm in Mexican mountains puts spotlight on cartel funding - Reuters
2026-09-12 08:16:13,726 - INFO - Processed 20 ticks | Anomalies: 4
2026-09-12 08:16:13,815 - WARNING - OSINT Context for Anomaly [150.54483366667893, 142.45331153697546, 149.0385673814489, 127.60648433761106]: Exclusive | The Relentless Crypto Billionaire Who Moved to Venezuela in Pursuit of Oil - WSJ
2026-09-12 08:16:13,815 - WARNING - OSINT Context for Anomaly [150.54483366667893, 142.45331153697546, 149.0385673814489, 127.60648433761106]: Hunter Biden’s Crypto Offering Plummets Upon Launching - The New York Times
2026-09-12 08:16:13,815 - WARNING - OSINT Context for Anomaly [150.54483366667893, 142.45331153697546, 149.0385673814489, 127.60648433761106]: Hidden crypto farm in Mexican mountains puts spotlight on cartel funding - Reuters
2026-09-12 08:16:21,849 - INFO - Processed 20 ticks | Anomalies: 3
2026-09-12 08:16:22,046 - WARNING - OSINT Context for Anomaly [150.54483366667893, 142.45331153697546, 149.0385673814489]: Exclusive | The Relentless Crypto Billionaire Who Moved to Venezuela in Pursuit of Oil - WSJ
2026-09-12 08:16:22,046 - WARNING - OSINT Context for Anomaly [150.54483366667893, 142.45331153697546, 149.0385673814489]: Hunter Biden’s Crypto Offering Plummets Upon Launching - The New York Times
2026-09-12 08:16:22,046 - WARNING - OSINT Context for Anomaly [150.54483366667893, 142.45331153697546, 149.0385673814489]: Hidden crypto farm in Mexican mountains puts spotlight on cartel funding - Reuters
2026-09-12 08:16:30,076 - INFO - Processed 20 ticks | Anomalies: 2
2026-09-12 08:16:30,480 - WARNING - OSINT Context for Anomaly [150.54483366667893, 142.45331153697546]: Exclusive | The Relentless Crypto Billionaire Who Moved to Venezuela in Pursuit of Oil - WSJ
2026-09-12 08:16:30,481 - WARNING - OSINT Context for Anomaly [150.54483366667893, 142.45331153697546]: Hunter Biden’s Crypto Offering Plummets Upon Launching - The New York Times
2026-09-12 08:16:30,481 - WARNING - OSINT Context for Anomaly [150.54483366667893, 142.45331153697546]: Hidden crypto farm in Mexican mountains puts spotlight on cartel funding - Reuters
2026-09-12 08:16:38,525 - INFO - Processed 20 ticks | Anomalies: 2
2026-09-12 08:16:38,628 - WARNING - OSINT Context for Anomaly [150.54483366667893, 142.45331153697546]: Exclusive | The Relentless Crypto Billionaire Who Moved to Venezuela in Pursuit of Oil - WSJ
2026-09-12 08:16:38,629 - WARNING - OSINT Context for Anomaly [150.54483366667893, 142.45331153697546]: Hunter Biden’s Crypto Offering Plummets Upon Launching - The New York Times
2026-09-12 08:16:38,629 - WARNING - OSINT Context for Anomaly [150.54483366667893, 142.45331153697546]: Hidden crypto farm in Mexican mountains puts spotlight on cartel funding - Reuters
2026-09-12 08:16:46,663 - INFO - Processed 20 ticks | Anomalies: 2
2026-09-12 08:16:46,756 - WARNING - OSINT Context for Anomaly [150.54483366667893, 142.45331153697546]: Exclusive | The Relentless Crypto Billionaire Who Moved to Venezuela in Pursuit of Oil - WSJ
2026-09-12 08:16:46,757 - WARNING - OSINT Context for Anomaly [150.54483366667893, 142.45331153697546]: Hunter Biden’s Crypto Offering Plummets Upon Launching - The New York Times
2026-09-12 08:16:46,757 - WARNING - OSINT Context for Anomaly [150.54483366667893, 142.45331153697546]: Hidden crypto farm in Mexican mountains puts spotlight on cartel funding - Reuters
2026-09-12 08:16:54,791 - INFO - Processed 20 ticks | Anomalies: 2
2026-09-12 08:16:54,889 - WARNING - OSINT Context for Anomaly [150.54483366667893, 142.45331153697546]: Exclusive | The Relentless Crypto Billionaire Who Moved to Venezuela in Pursuit of Oil - WSJ
2026-09-12 08:16:54,889 - WARNING - OSINT Context for Anomaly [150.54483366667893, 142.45331153697546]: Hunter Biden’s Crypto Offering Plummets Upon Launching - The New York Times
2026-09-12 08:16:54,889 - WARNING - OSINT Context for Anomaly [150.54483366667893, 142.45331153697546]: Hidden crypto farm in Mexican mountains puts spotlight on cartel funding - Reuters
2026-09-12 08:17:02,918 - INFO - Processed 20 ticks | Anomalies: 2
2026-09-12 08:17:03,009 - WARNING - OSINT Context for Anomaly [138.66064248637065, 150.54483366667893]: Exclusive | The Relentless Crypto Billionaire Who Moved to Venezuela in Pursuit of Oil - WSJ
2026-09-12 08:17:03,009 - WARNING - OSINT Context for Anomaly [138.66064248637065, 150.54483366667893]: Hunter Biden’s Crypto Offering Plummets Upon Launching - The New York Times
2026-09-12 08:17:03,009 - WARNING - OSINT Context for Anomaly [138.66064248637065, 150.54483366667893]: Hidden crypto farm in Mexican mountains puts spotlight on cartel funding - Reuters
2026-09-12 08:17:11,041 - INFO - Processed 20 ticks | Anomalies: 2
2026-09-12 08:17:11,131 - WARNING - OSINT Context for Anomaly [138.66064248637065, 150.54483366667893]: Exclusive | The Relentless Crypto Billionaire Who Moved to Venezuela in Pursuit of Oil - WSJ
2026-09-12 08:17:11,131 - WARNING - OSINT Context for Anomaly [138.66064248637065, 150.54483366667893]: Hunter Biden’s Crypto Offering Plummets Upon Launching - The New York Times
2026-09-12 08:17:11,131 - WARNING - OSINT Context for Anomaly [138.66064248637065, 150.54483366667893]: Hidden crypto farm in Mexican mountains puts spotlight on cartel funding - Reuters
2026-09-12 08:17:19,160 - INFO - Processed 20 ticks | Anomalies: 2
2026-09-12 08:17:19,251 - WARNING - OSINT Context for Anomaly [138.66064248637065, 150.54483366667893]: Exclusive | The Relentless Crypto Billionaire Who Moved to Venezuela in Pursuit of Oil - WSJ
2026-09-12 08:17:19,251 - WARNING - OSINT Context for Anomaly [138.66064248637065, 150.54483366667893]: Hunter Biden’s Crypto Offering Plummets Upon Launching - The New York Times
2026-09-12 08:17:19,251 - WARNING - OSINT Context for Anomaly [138.66064248637065, 150.54483366667893]: Hidden crypto farm in Mexican mountains puts spotlight on cartel funding - Reuters
2026-09-12 08:17:27,283 - INFO - Processed 20 ticks | Anomalies: 2
2026-09-12 08:17:27,383 - WARNING - OSINT Context for Anomaly [138.66064248637065, 150.54483366667893]: Exclusive | The Relentless Crypto Billionaire Who Moved to Venezuela in Pursuit of Oil - WSJ
2026-09-12 08:17:27,384 - WARNING - OSINT Context for Anomaly [138.66064248637065, 150.54483366667893]: Hunter Biden’s Crypto Offering Plummets Upon Launching - The New York Times
2026-09-12 08:17:27,384 - WARNING - OSINT Context for Anomaly [138.66064248637065, 150.54483366667893]: Hidden crypto farm in Mexican mountains puts spotlight on cartel funding - Reuters
2026-09-12 08:17:35,422 - INFO - Processed 20 ticks | Anomalies: 2
2026-09-12 08:17:35,883 - WARNING - OSINT Context for Anomaly [138.66064248637065, 150.54483366667893]: Exclusive | The Relentless Crypto Billionaire Who Moved to Venezuela in Pursuit of Oil - WSJ
2026-09-12 08:17:35,884 - WARNING - OSINT Context for Anomaly [138.66064248637065, 150.54483366667893]: Hunter Biden’s Crypto Offering Plummets Upon Launching - The New York Times
2026-09-12 08:17:35,884 - WARNING - OSINT Context for Anomaly [138.66064248637065, 150.54483366667893]: Hidden crypto farm in Mexican mountains puts spotlight on cartel funding - Reuters
2026-09-12 08:17:43,918 - INFO - Processed 20 ticks | Anomalies: 2
2026-09-12 08:17:44,013 - WARNING - OSINT Context for Anomaly [138.66064248637065, 150.54483366667893]: Exclusive | The Relentless Crypto Billionaire Who Moved to Venezuela in Pursuit of Oil - WSJ
2026-09-12 08:17:44,014 - WARNING - OSINT Context for Anomaly [138.66064248637065, 150.54483366667893]: Hunter Biden’s Crypto Offering Plummets Upon Launching - The New York Times
2026-09-12 08:17:44,014 - WARNING - OSINT Context for Anomaly [138.66064248637065, 150.54483366667893]: Hidden crypto farm in Mexican mountains puts spotlight on cartel funding - Reuters
2026-09-12 08:17:52,044 - INFO - Processed 20 ticks | Anomalies: 1
2026-09-12 08:17:52,136 - WARNING - OSINT Context for Anomaly [138.66064248637065]: Exclusive | The Relentless Crypto Billionaire Who Moved to Venezuela in Pursuit of Oil - WSJ
2026-09-12 08:17:52,136 - WARNING - OSINT Context for Anomaly [138.66064248637065]: Hunter Biden’s Crypto Offering Plummets Upon Launching - The New York Times
2026-09-12 08:17:52,136 - WARNING - OSINT Context for Anomaly [138.66064248637065]: Hidden crypto farm in Mexican mountains puts spotlight on cartel funding - Reuters
2026-09-12 08:18:00,173 - INFO - Processed 20 ticks | Anomalies: 2
2026-09-12 08:18:00,268 - WARNING - OSINT Context for Anomaly [154.8864263927784, 138.66064248637065]: Exclusive | The Relentless Crypto Billionaire Who Moved to Venezuela in Pursuit of Oil - WSJ
2026-09-12 08:18:00,268 - WARNING - OSINT Context for Anomaly [154.8864263927784, 138.66064248637065]: Hunter Biden’s Crypto Offering Plummets Upon Launching - The New York Times
2026-09-12 08:18:00,268 - WARNING - OSINT Context for Anomaly [154.8864263927784, 138.66064248637065]: Hidden crypto farm in Mexican mountains puts spotlight on cartel funding - Reuters
2026-09-12 08:18:08,298 - INFO - Processed 20 ticks | Anomalies: 2
2026-09-12 08:18:08,391 - WARNING - OSINT Context for Anomaly [154.8864263927784, 138.66064248637065]: Exclusive | The Relentless Crypto Billionaire Who Moved to Venezuela in Pursuit of Oil - WSJ
2026-09-12 08:18:08,391 - WARNING - OSINT Context for Anomaly [154.8864263927784, 138.66064248637065]: Hunter Biden’s Crypto Offering Plummets Upon Launching - The New York Times
2026-09-12 08:18:08,391 - WARNING - OSINT Context for Anomaly [154.8864263927784, 138.66064248637065]: Hidden crypto farm in Mexican mountains puts spotlight on cartel funding - Reuters
2026-09-12 08:18:16,419 - INFO - Processed 20 ticks | Anomalies: 2
2026-09-12 08:18:16,518 - WARNING - OSINT Context for Anomaly [154.8864263927784, 138.66064248637065]: Exclusive | The Relentless Crypto Billionaire Who Moved to Venezuela in Pursuit of Oil - WSJ
2026-09-12 08:18:16,518 - WARNING - OSINT Context for Anomaly [154.8864263927784, 138.66064248637065]: Hunter Biden’s Crypto Offering Plummets Upon Launching - The New York Times
2026-09-12 08:18:16,518 - WARNING - OSINT Context for Anomaly [154.8864263927784, 138.66064248637065]: Hidden crypto farm in Mexican mountains puts spotlight on cartel funding - Reuters
2026-09-12 08:18:24,552 - INFO - Processed 20 ticks | Anomalies: 2
2026-09-12 08:18:24,642 - WARNING - OSINT Context for Anomaly [154.8864263927784, 138.66064248637065]: Exclusive | The Relentless Crypto Billionaire Who Moved to Venezuela in Pursuit of Oil - WSJ
2026-09-12 08:18:24,643 - WARNING - OSINT Context for Anomaly [154.8864263927784, 138.66064248637065]: Hunter Biden’s Crypto Offering Plummets Upon Launching - The New York Times
2026-09-12 08:18:24,643 - WARNING - OSINT Context for Anomaly [154.8864263927784, 138.66064248637065]: Hidden crypto farm in Mexican mountains puts spotlight on cartel funding - Reuters
2026-09-12 08:18:32,673 - INFO - Processed 20 ticks | Anomalies: 2
2026-09-12 08:18:32,767 - WARNING - OSINT Context for Anomaly [154.8864263927784, 138.66064248637065]: Exclusive | The Relentless Crypto Billionaire Who Moved to Venezuela in Pursuit of Oil - WSJ
2026-09-12 08:18:32,767 - WARNING - OSINT Context for Anomaly [154.8864263927784, 138.66064248637065]: Hunter Biden’s Crypto Offering Plummets Upon Launching - The New York Times
2026-09-12 08:18:32,767 - WARNING - OSINT Context for Anomaly [154.8864263927784, 138.66064248637065]: Hidden crypto farm in Mexican mountains puts spotlight on cartel funding - Reuters
2026-09-12 08:18:40,798 - INFO - Processed 20 ticks | Anomalies: 2
2026-09-12 08:18:40,889 - WARNING - OSINT Context for Anomaly [154.8864263927784, 138.66064248637065]: Exclusive | The Relentless Crypto Billionaire Who Moved to Venezuela in Pursuit of Oil - WSJ
2026-09-12 08:18:40,889 - WARNING - OSINT Context for Anomaly [154.8864263927784, 138.66064248637065]: Hunter Biden’s Crypto Offering Plummets Upon Launching - The New York Times
2026-09-12 08:18:40,890 - WARNING - OSINT Context for Anomaly [154.8864263927784, 138.66064248637065]: Hidden crypto farm in Mexican mountains puts spotlight on cartel funding - Reuters
2026-09-12 08:18:48,924 - INFO - Processed 20 ticks | Anomalies: 2
2026-09-12 08:18:49,010 - WARNING - OSINT Context for Anomaly [154.8864263927784, 138.66064248637065]: Exclusive | The Relentless Crypto Billionaire Who Moved to Venezuela in Pursuit of Oil - WSJ
2026-09-12 08:18:49,011 - WARNING - OSINT Context for Anomaly [154.8864263927784, 138.66064248637065]: Hunter Biden’s Crypto Offering Plummets Upon Launching - The New York Times
2026-09-12 08:18:49,011 - WARNING - OSINT Context for Anomaly [154.8864263927784, 138.66064248637065]: Hidden crypto farm in Mexican mountains puts spotlight on cartel funding - Reuters
2026-09-12 08:18:57,041 - INFO - Processed 20 ticks | Anomalies: 2
2026-09-12 08:18:57,144 - WARNING - OSINT Context for Anomaly [154.8864263927784, 138.66064248637065]: Exclusive | The Relentless Crypto Billionaire Who Moved to Venezuela in Pursuit of Oil - WSJ
2026-09-12 08:18:57,144 - WARNING - OSINT Context for Anomaly [154.8864263927784, 138.66064248637065]: Hunter Biden’s Crypto Offering Plummets Upon Launching - The New York Times
2026-09-12 08:18:57,144 - WARNING - OSINT Context for Anomaly [154.8864263927784, 138.66064248637065]: Hidden crypto farm in Mexican mountains puts spotlight on cartel funding - Reuters
2026-09-12 08:19:05,179 - INFO - Processed 20 ticks | Anomalies: 2
2026-09-12 08:19:05,281 - WARNING - OSINT Context for Anomaly [154.8864263927784, 138.66064248637065]: Exclusive | The Relentless Crypto Billionaire Who Moved to Venezuela in Pursuit of Oil - WSJ
2026-09-12 08:19:05,281 - WARNING - OSINT Context for Anomaly [154.8864263927784, 138.66064248637065]: Hunter Biden’s Crypto Offering Plummets Upon Launching - The New York Times
2026-09-12 08:19:05,281 - WARNING - OSINT Context for Anomaly [154.8864263927784, 138.66064248637065]: Hidden crypto farm in Mexican mountains puts spotlight on cartel funding - Reuters
2026-09-12 08:19:13,312 - INFO - Processed 20 ticks | Anomalies: 2
2026-09-12 08:19:13,403 - WARNING - OSINT Context for Anomaly [154.8864263927784, 138.66064248637065]: Exclusive | The Relentless Crypto Billionaire Who Moved to Venezuela in Pursuit of Oil - WSJ
2026-09-12 08:19:13,404 - WARNING - OSINT Context for Anomaly [154.8864263927784, 138.66064248637065]: Hunter Biden’s Crypto Offering Plummets Upon Launching - The New York Times
2026-09-12 08:19:13,404 - WARNING - OSINT Context for Anomaly [154.8864263927784, 138.66064248637065]: Hidden crypto farm in Mexican mountains puts spotlight on cartel funding - Reuters
2026-09-12 08:19:21,434 - INFO - Processed 20 ticks | Anomalies: 3
2026-09-12 08:19:21,533 - WARNING - OSINT Context for Anomaly [151.1175699452597, 154.8864263927784, 138.66064248637065]: Exclusive | The Relentless Crypto Billionaire Who Moved to Venezuela in Pursuit of Oil - WSJ
2026-09-12 08:19:21,533 - WARNING - OSINT Context for Anomaly [151.1175699452597, 154.8864263927784, 138.66064248637065]: Hunter Biden’s Crypto Offering Plummets Upon Launching - The New York Times
2026-09-12 08:19:21,533 - WARNING - OSINT Context for Anomaly [151.1175699452597, 154.8864263927784, 138.66064248637065]: Hidden crypto farm in Mexican mountains puts spotlight on cartel funding - Reuters
2026-09-12 08:19:29,564 - INFO - Processed 20 ticks | Anomalies: 3
2026-09-12 08:19:29,670 - WARNING - OSINT Context for Anomaly [151.1175699452597, 154.8864263927784, 138.66064248637065]: Exclusive | The Relentless Crypto Billionaire Who Moved to Venezuela in Pursuit of Oil - WSJ
2026-09-12 08:19:29,670 - WARNING - OSINT Context for Anomaly [151.1175699452597, 154.8864263927784, 138.66064248637065]: Hunter Biden’s Crypto Offering Plummets Upon Launching - The New York Times
2026-09-12 08:19:29,670 - WARNING - OSINT Context for Anomaly [151.1175699452597, 154.8864263927784, 138.66064248637065]: Hidden crypto farm in Mexican mountains puts spotlight on cartel funding - Reuters
2026-09-12 08:19:37,701 - INFO - Processed 20 ticks | Anomalies: 3
2026-09-12 08:19:38,127 - WARNING - OSINT Context for Anomaly [151.1175699452597, 154.8864263927784, 138.66064248637065]: Exclusive | The Relentless Crypto Billionaire Who Moved to Venezuela in Pursuit of Oil - WSJ
2026-09-12 08:19:38,127 - WARNING - OSINT Context for Anomaly [151.1175699452597, 154.8864263927784, 138.66064248637065]: Hunter Biden’s Crypto Offering Plummets Upon Launching - The New York Times
2026-09-12 08:19:38,127 - WARNING - OSINT Context for Anomaly [151.1175699452597, 154.8864263927784, 138.66064248637065]: Hidden crypto farm in Mexican mountains puts spotlight on cartel funding - Reuters
2026-09-12 08:19:46,164 - INFO - Processed 20 ticks | Anomalies: 2
2026-09-12 08:19:46,266 - WARNING - OSINT Context for Anomaly [151.1175699452597, 154.8864263927784]: Exclusive | The Relentless Crypto Billionaire Who Moved to Venezuela in Pursuit of Oil - WSJ
2026-09-12 08:19:46,267 - WARNING - OSINT Context for Anomaly [151.1175699452597, 154.8864263927784]: Hunter Biden’s Crypto Offering Plummets Upon Launching - The New York Times
2026-09-12 08:19:46,267 - WARNING - OSINT Context for Anomaly [151.1175699452597, 154.8864263927784]: Hidden crypto farm in Mexican mountains puts spotlight on cartel funding - Reuters
2026-09-12 08:19:54,298 - INFO - Processed 20 ticks | Anomalies: 3
2026-09-12 08:19:54,395 - WARNING - OSINT Context for Anomaly [132.14908040365043, 151.1175699452597, 154.8864263927784]: Exclusive | The Relentless Crypto Billionaire Who Moved to Venezuela in Pursuit of Oil - WSJ
2026-09-12 08:19:54,396 - WARNING - OSINT Context for Anomaly [132.14908040365043, 151.1175699452597, 154.8864263927784]: Hunter Biden’s Crypto Offering Plummets Upon Launching - The New York Times
2026-09-12 08:19:54,396 - WARNING - OSINT Context for Anomaly [132.14908040365043, 151.1175699452597, 154.8864263927784]: Hidden crypto farm in Mexican mountains puts spotlight on cartel funding - Reuters
2026-09-12 08:20:02,425 - INFO - Processed 20 ticks | Anomalies: 3
2026-09-12 08:20:02,517 - WARNING - OSINT Context for Anomaly [132.14908040365043, 151.1175699452597, 154.8864263927784]: Exclusive | The Relentless Crypto Billionaire Who Moved to Venezuela in Pursuit of Oil - WSJ
2026-09-12 08:20:02,518 - WARNING - OSINT Context for Anomaly [132.14908040365043, 151.1175699452597, 154.8864263927784]: Hunter Biden’s Crypto Offering Plummets Upon Launching - The New York Times
2026-09-12 08:20:02,518 - WARNING - OSINT Context for Anomaly [132.14908040365043, 151.1175699452597, 154.8864263927784]: Hidden crypto farm in Mexican mountains puts spotlight on cartel funding - Reuters
2026-09-12 08:20:10,552 - INFO - Processed 20 ticks | Anomalies: 3
2026-09-12 08:20:10,658 - WARNING - OSINT Context for Anomaly [132.14908040365043, 151.1175699452597, 154.8864263927784]: Exclusive | The Relentless Crypto Billionaire Who Moved to Venezuela in Pursuit of Oil - WSJ
2026-09-12 08:20:10,659 - WARNING - OSINT Context for Anomaly [132.14908040365043, 151.1175699452597, 154.8864263927784]: Hunter Biden’s Crypto Offering Plummets Upon Launching - The New York Times
2026-09-12 08:20:10,659 - WARNING - OSINT Context for Anomaly [132.14908040365043, 151.1175699452597, 154.8864263927784]: Hidden crypto farm in Mexican mountains puts spotlight on cartel funding - Reuters
2026-09-12 08:20:18,689 - INFO - Processed 20 ticks | Anomalies: 3
2026-09-12 08:20:18,783 - WARNING - OSINT Context for Anomaly [132.14908040365043, 151.1175699452597, 154.8864263927784]: Exclusive | The Relentless Crypto Billionaire Who Moved to Venezuela in Pursuit of Oil - WSJ
2026-09-12 08:20:18,783 - WARNING - OSINT Context for Anomaly [132.14908040365043, 151.1175699452597, 154.8864263927784]: Hunter Biden’s Crypto Offering Plummets Upon Launching - The New York Times
2026-09-12 08:20:18,783 - WARNING - OSINT Context for Anomaly [132.14908040365043, 151.1175699452597, 154.8864263927784]: Hidden crypto farm in Mexican mountains puts spotlight on cartel funding - Reuters
2026-09-12 08:20:26,814 - INFO - Processed 20 ticks | Anomalies: 3
2026-09-12 08:20:26,913 - WARNING - OSINT Context for Anomaly [132.14908040365043, 151.1175699452597, 154.8864263927784]: Exclusive | The Relentless Crypto Billionaire Who Moved to Venezuela in Pursuit of Oil - WSJ
2026-09-12 08:20:26,913 - WARNING - OSINT Context for Anomaly [132.14908040365043, 151.1175699452597, 154.8864263927784]: Hunter Biden’s Crypto Offering Plummets Upon Launching - The New York Times
2026-09-12 08:20:26,913 - WARNING - OSINT Context for Anomaly [132.14908040365043, 151.1175699452597, 154.8864263927784]: Hidden crypto farm in Mexican mountains puts spotlight on cartel funding - Reuters
2026-09-12 08:20:34,943 - INFO - Processed 20 ticks | Anomalies: 3
2026-09-12 08:20:35,038 - WARNING - OSINT Context for Anomaly [132.14908040365043, 151.1175699452597, 154.8864263927784]: Exclusive | The Relentless Crypto Billionaire Who Moved to Venezuela in Pursuit of Oil - WSJ
2026-09-12 08:20:35,039 - WARNING - OSINT Context for Anomaly [132.14908040365043, 151.1175699452597, 154.8864263927784]: Hunter Biden’s Crypto Offering Plummets Upon Launching - The New York Times
2026-09-12 08:20:35,039 - WARNING - OSINT Context for Anomaly [132.14908040365043, 151.1175699452597, 154.8864263927784]: Hidden crypto farm in Mexican mountains puts spotlight on cartel funding - Reuters
2026-09-12 08:20:43,083 - INFO - Processed 20 ticks | Anomalies: 2
2026-09-12 08:20:43,184 - WARNING - OSINT Context for Anomaly [132.14908040365043, 151.1175699452597]: Exclusive | The Relentless Crypto Billionaire Who Moved to Venezuela in Pursuit of Oil - WSJ
2026-09-12 08:20:43,185 - WARNING - OSINT Context for Anomaly [132.14908040365043, 151.1175699452597]: Hunter Biden’s Crypto Offering Plummets Upon Launching - The New York Times
2026-09-12 08:20:43,185 - WARNING - OSINT Context for Anomaly [132.14908040365043, 151.1175699452597]: Hidden crypto farm in Mexican mountains puts spotlight on cartel funding - Reuters
2026-09-12 08:20:51,219 - INFO - Processed 20 ticks | Anomalies: 2
2026-09-12 08:20:51,306 - WARNING - OSINT Context for Anomaly [132.14908040365043, 151.1175699452597]: Exclusive | The Relentless Crypto Billionaire Who Moved to Venezuela in Pursuit of Oil - WSJ
2026-09-12 08:20:51,306 - WARNING - OSINT Context for Anomaly [132.14908040365043, 151.1175699452597]: Hunter Biden’s Crypto Offering Plummets Upon Launching - The New York Times
2026-09-12 08:20:51,306 - WARNING - OSINT Context for Anomaly [132.14908040365043, 151.1175699452597]: Hidden crypto farm in Mexican mountains puts spotlight on cartel funding - Reuters
2026-09-12 08:20:59,338 - INFO - Processed 20 ticks | Anomalies: 3
2026-09-12 08:20:59,439 - WARNING - OSINT Context for Anomaly [148.4692278231106, 132.14908040365043, 151.1175699452597]: Exclusive | The Relentless Crypto Billionaire Who Moved to Venezuela in Pursuit of Oil - WSJ
2026-09-12 08:20:59,440 - WARNING - OSINT Context for Anomaly [148.4692278231106, 132.14908040365043, 151.1175699452597]: Hunter Biden’s Crypto Offering Plummets Upon Launching - The New York Times
2026-09-12 08:20:59,440 - WARNING - OSINT Context for Anomaly [148.4692278231106, 132.14908040365043, 151.1175699452597]: Hidden crypto farm in Mexican mountains puts spotlight on cartel funding - Reuters
2026-09-12 08:21:07,471 - INFO - Processed 20 ticks | Anomalies: 3
2026-09-12 08:21:07,566 - WARNING - OSINT Context for Anomaly [148.4692278231106, 132.14908040365043, 151.1175699452597]: Exclusive | The Relentless Crypto Billionaire Who Moved to Venezuela in Pursuit of Oil - WSJ
2026-09-12 08:21:07,566 - WARNING - OSINT Context for Anomaly [148.4692278231106, 132.14908040365043, 151.1175699452597]: Hunter Biden’s Crypto Offering Plummets Upon Launching - The New York Times
2026-09-12 08:21:07,567 - WARNING - OSINT Context for Anomaly [148.4692278231106, 132.14908040365043, 151.1175699452597]: Hidden crypto farm in Mexican mountains puts spotlight on cartel funding - Reuters
2026-09-12 08:21:15,595 - INFO - Processed 20 ticks | Anomalies: 3
2026-09-12 08:21:15,691 - WARNING - OSINT Context for Anomaly [148.4692278231106, 132.14908040365043, 151.1175699452597]: Exclusive | The Relentless Crypto Billionaire Who Moved to Venezuela in Pursuit of Oil - WSJ
2026-09-12 08:21:15,692 - WARNING - OSINT Context for Anomaly [148.4692278231106, 132.14908040365043, 151.1175699452597]: Hunter Biden’s Crypto Offering Plummets Upon Launching - The New York Times
2026-09-12 08:21:15,692 - WARNING - OSINT Context for Anomaly [148.4692278231106, 132.14908040365043, 151.1175699452597]: Hidden crypto farm in Mexican mountains puts spotlight on cartel funding - Reuters
2026-09-12 08:21:23,722 - INFO - Processed 20 ticks | Anomalies: 4
2026-09-12 08:21:23,816 - WARNING - OSINT Context for Anomaly [136.17624916587016, 148.4692278231106, 132.14908040365043, 151.1175699452597]: Exclusive | The Relentless Crypto Billionaire Who Moved to Venezuela in Pursuit of Oil - WSJ
2026-09-12 08:21:23,816 - WARNING - OSINT Context for Anomaly [136.17624916587016, 148.4692278231106, 132.14908040365043, 151.1175699452597]: Hunter Biden’s Crypto Offering Plummets Upon Launching - The New York Times
2026-09-12 08:21:23,816 - WARNING - OSINT Context for Anomaly [136.17624916587016, 148.4692278231106, 132.14908040365043, 151.1175699452597]: Hidden crypto farm in Mexican mountains puts spotlight on cartel funding - Reuters
2026-09-12 08:21:31,852 - INFO - Processed 20 ticks | Anomalies: 5
2026-09-12 08:21:31,970 - WARNING - OSINT Context for Anomaly [138.25381655855222, 136.17624916587016, 148.4692278231106, 132.14908040365043, 151.1175699452597]: Exclusive | The Relentless Crypto Billionaire Who Moved to Venezuela in Pursuit of Oil - WSJ
2026-09-12 08:21:31,971 - WARNING - OSINT Context for Anomaly [138.25381655855222, 136.17624916587016, 148.4692278231106, 132.14908040365043, 151.1175699452597]: Hunter Biden’s Crypto Offering Plummets Upon Launching - The New York Times
2026-09-12 08:21:31,971 - WARNING - OSINT Context for Anomaly [138.25381655855222, 136.17624916587016, 148.4692278231106, 132.14908040365043, 151.1175699452597]: Hidden crypto farm in Mexican mountains puts spotlight on cartel funding - Reuters
2026-09-12 08:21:40,001 - INFO - Processed 20 ticks | Anomalies: 5
2026-09-12 08:21:40,664 - WARNING - OSINT Context for Anomaly [138.25381655855222, 136.17624916587016, 148.4692278231106, 132.14908040365043, 151.1175699452597]: Exclusive | The Relentless Crypto Billionaire Who Moved to Venezuela in Pursuit of Oil - WSJ
2026-09-12 08:21:40,665 - WARNING - OSINT Context for Anomaly [138.25381655855222, 136.17624916587016, 148.4692278231106, 132.14908040365043, 151.1175699452597]: Hunter Biden’s Crypto Offering Plummets Upon Launching - The New York Times
2026-09-12 08:21:40,665 - WARNING - OSINT Context for Anomaly [138.25381655855222, 136.17624916587016, 148.4692278231106, 132.14908040365043, 151.1175699452597]: Hidden crypto farm in Mexican mountains puts spotlight on cartel funding - Reuters
2026-09-12 08:21:48,695 - INFO - Processed 20 ticks | Anomalies: 5
2026-09-12 08:21:48,798 - WARNING - OSINT Context for Anomaly [138.25381655855222, 136.17624916587016, 148.4692278231106, 132.14908040365043, 151.1175699452597]: Exclusive | The Relentless Crypto Billionaire Who Moved to Venezuela in Pursuit of Oil - WSJ
2026-09-12 08:21:48,799 - WARNING - OSINT Context for Anomaly [138.25381655855222, 136.17624916587016, 148.4692278231106, 132.14908040365043, 151.1175699452597]: Hunter Biden’s Crypto Offering Plummets Upon Launching - The New York Times
2026-09-12 08:21:48,799 - WARNING - OSINT Context for Anomaly [138.25381655855222, 136.17624916587016, 148.4692278231106, 132.14908040365043, 151.1175699452597]: Hidden crypto farm in Mexican mountains puts spotlight on cartel funding - Reuters
2026-09-12 08:21:56,839 - INFO - Processed 20 ticks | Anomalies: 5
2026-09-12 08:21:56,939 - WARNING - OSINT Context for Anomaly [138.25381655855222, 136.17624916587016, 148.4692278231106, 132.14908040365043, 151.1175699452597]: Exclusive | The Relentless Crypto Billionaire Who Moved to Venezuela in Pursuit of Oil - WSJ
2026-09-12 08:21:56,940 - WARNING - OSINT Context for Anomaly [138.25381655855222, 136.17624916587016, 148.4692278231106, 132.14908040365043, 151.1175699452597]: Hunter Biden’s Crypto Offering Plummets Upon Launching - The New York Times
2026-09-12 08:21:56,940 - WARNING - OSINT Context for Anomaly [138.25381655855222, 136.17624916587016, 148.4692278231106, 132.14908040365043, 151.1175699452597]: Hidden crypto farm in Mexican mountains puts spotlight on cartel funding - Reuters
2026-09-12 08:22:04,970 - INFO - Processed 20 ticks | Anomalies: 4
2026-09-12 08:22:05,081 - WARNING - OSINT Context for Anomaly [138.25381655855222, 136.17624916587016, 148.4692278231106, 132.14908040365043]: Exclusive | The Relentless Crypto Billionaire Who Moved to Venezuela in Pursuit of Oil - WSJ
2026-09-12 08:22:05,081 - WARNING - OSINT Context for Anomaly [138.25381655855222, 136.17624916587016, 148.4692278231106, 132.14908040365043]: Hunter Biden’s Crypto Offering Plummets Upon Launching - The New York Times
2026-09-12 08:22:05,081 - WARNING - OSINT Context for Anomaly [138.25381655855222, 136.17624916587016, 148.4692278231106, 132.14908040365043]: Hidden crypto farm in Mexican mountains puts spotlight on cartel funding - Reuters
2026-09-12 08:22:13,111 - INFO - Processed 20 ticks | Anomalies: 5
2026-09-12 08:22:13,199 - WARNING - OSINT Context for Anomaly [139.6756424568107, 138.25381655855222, 136.17624916587016, 148.4692278231106, 132.14908040365043]: Exclusive | The Relentless Crypto Billionaire Who Moved to Venezuela in Pursuit of Oil - WSJ
2026-09-12 08:22:13,200 - WARNING - OSINT Context for Anomaly [139.6756424568107, 138.25381655855222, 136.17624916587016, 148.4692278231106, 132.14908040365043]: Hunter Biden’s Crypto Offering Plummets Upon Launching - The New York Times
2026-09-12 08:22:13,200 - WARNING - OSINT Context for Anomaly [139.6756424568107, 138.25381655855222, 136.17624916587016, 148.4692278231106, 132.14908040365043]: Hidden crypto farm in Mexican mountains puts spotlight on cartel funding - Reuters
2026-09-12 08:22:21,235 - INFO - Processed 20 ticks | Anomalies: 5
2026-09-12 08:22:21,336 - WARNING - OSINT Context for Anomaly [139.6756424568107, 138.25381655855222, 136.17624916587016, 148.4692278231106, 132.14908040365043]: Exclusive | The Relentless Crypto Billionaire Who Moved to Venezuela in Pursuit of Oil - WSJ
2026-09-12 08:22:21,337 - WARNING - OSINT Context for Anomaly [139.6756424568107, 138.25381655855222, 136.17624916587016, 148.4692278231106, 132.14908040365043]: Hunter Biden’s Crypto Offering Plummets Upon Launching - The New York Times
2026-09-12 08:22:21,337 - WARNING - OSINT Context for Anomaly [139.6756424568107, 138.25381655855222, 136.17624916587016, 148.4692278231106, 132.14908040365043]: Hidden crypto farm in Mexican mountains puts spotlight on cartel funding - Reuters
2026-09-12 08:22:29,367 - INFO - Processed 20 ticks | Anomalies: 5
2026-09-12 08:22:29,466 - WARNING - OSINT Context for Anomaly [139.6756424568107, 138.25381655855222, 136.17624916587016, 148.4692278231106, 132.14908040365043]: Exclusive | The Relentless Crypto Billionaire Who Moved to Venezuela in Pursuit of Oil - WSJ
2026-09-12 08:22:29,466 - WARNING - OSINT Context for Anomaly [139.6756424568107, 138.25381655855222, 136.17624916587016, 148.4692278231106, 132.14908040365043]: Hunter Biden’s Crypto Offering Plummets Upon Launching - The New York Times
2026-09-12 08:22:29,467 - WARNING - OSINT Context for Anomaly [139.6756424568107, 138.25381655855222, 136.17624916587016, 148.4692278231106, 132.14908040365043]: Hidden crypto farm in Mexican mountains puts spotlight on cartel funding - Reuters
2026-09-12 08:22:37,496 - INFO - Processed 20 ticks | Anomalies: 5
2026-09-12 08:22:37,595 - WARNING - OSINT Context for Anomaly [139.71558779184917, 139.6756424568107, 138.25381655855222, 136.17624916587016, 148.4692278231106]: Exclusive | The Relentless Crypto Billionaire Who Moved to Venezuela in Pursuit of Oil - WSJ
2026-09-12 08:22:37,595 - WARNING - OSINT Context for Anomaly [139.71558779184917, 139.6756424568107, 138.25381655855222, 136.17624916587016, 148.4692278231106]: Hunter Biden’s Crypto Offering Plummets Upon Launching - The New York Times
2026-09-12 08:22:37,595 - WARNING - OSINT Context for Anomaly [139.71558779184917, 139.6756424568107, 138.25381655855222, 136.17624916587016, 148.4692278231106]: Hidden crypto farm in Mexican mountains puts spotlight on cartel funding - Reuters
2026-09-12 08:22:45,629 - INFO - Processed 20 ticks | Anomalies: 5
2026-09-12 08:22:45,723 - WARNING - OSINT Context for Anomaly [139.71558779184917, 139.6756424568107, 138.25381655855222, 136.17624916587016, 148.4692278231106]: Exclusive | The Relentless Crypto Billionaire Who Moved to Venezuela in Pursuit of Oil - WSJ
2026-09-12 08:22:45,724 - WARNING - OSINT Context for Anomaly [139.71558779184917, 139.6756424568107, 138.25381655855222, 136.17624916587016, 148.4692278231106]: Hunter Biden’s Crypto Offering Plummets Upon Launching - The New York Times
2026-09-12 08:22:45,724 - WARNING - OSINT Context for Anomaly [139.71558779184917, 139.6756424568107, 138.25381655855222, 136.17624916587016, 148.4692278231106]: Hidden crypto farm in Mexican mountains puts spotlight on cartel funding - Reuters
2026-09-12 08:22:53,758 - INFO - Processed 20 ticks | Anomalies: 5
2026-09-12 08:22:53,856 - WARNING - OSINT Context for Anomaly [139.71558779184917, 139.6756424568107, 138.25381655855222, 136.17624916587016, 148.4692278231106]: Exclusive | The Relentless Crypto Billionaire Who Moved to Venezuela in Pursuit of Oil - WSJ
2026-09-12 08:22:53,857 - WARNING - OSINT Context for Anomaly [139.71558779184917, 139.6756424568107, 138.25381655855222, 136.17624916587016, 148.4692278231106]: Hunter Biden’s Crypto Offering Plummets Upon Launching - The New York Times
2026-09-12 08:22:53,857 - WARNING - OSINT Context for Anomaly [139.71558779184917, 139.6756424568107, 138.25381655855222, 136.17624916587016, 148.4692278231106]: Hidden crypto farm in Mexican mountains puts spotlight on cartel funding - Reuters
2026-09-12 08:23:01,890 - INFO - Processed 20 ticks | Anomalies: 5
2026-09-12 08:23:01,981 - WARNING - OSINT Context for Anomaly [139.71558779184917, 139.6756424568107, 138.25381655855222, 136.17624916587016, 148.4692278231106]: Exclusive | The Relentless Crypto Billionaire Who Moved to Venezuela in Pursuit of Oil - WSJ
2026-09-12 08:23:01,981 - WARNING - OSINT Context for Anomaly [139.71558779184917, 139.6756424568107, 138.25381655855222, 136.17624916587016, 148.4692278231106]: Hunter Biden’s Crypto Offering Plummets Upon Launching - The New York Times
2026-09-12 08:23:01,981 - WARNING - OSINT Context for Anomaly [139.71558779184917, 139.6756424568107, 138.25381655855222, 136.17624916587016, 148.4692278231106]: Hidden crypto farm in Mexican mountains puts spotlight on cartel funding - Reuters
2026-09-12 08:23:10,013 - INFO - Processed 20 ticks | Anomalies: 5
2026-09-12 08:23:10,104 - WARNING - OSINT Context for Anomaly [139.71558779184917, 139.6756424568107, 138.25381655855222, 136.17624916587016, 148.4692278231106]: Exclusive | The Relentless Crypto Billionaire Who Moved to Venezuela in Pursuit of Oil - WSJ
2026-09-12 08:23:10,105 - WARNING - OSINT Context for Anomaly [139.71558779184917, 139.6756424568107, 138.25381655855222, 136.17624916587016, 148.4692278231106]: Hunter Biden’s Crypto Offering Plummets Upon Launching - The New York Times
2026-09-12 08:23:10,105 - WARNING - OSINT Context for Anomaly [139.71558779184917, 139.6756424568107, 138.25381655855222, 136.17624916587016, 148.4692278231106]: Hidden crypto farm in Mexican mountains puts spotlight on cartel funding - Reuters
2026-09-12 08:23:18,134 - INFO - Processed 20 ticks | Anomalies: 5
2026-09-12 08:23:18,225 - WARNING - OSINT Context for Anomaly [139.71558779184917, 139.6756424568107, 138.25381655855222, 136.17624916587016, 148.4692278231106]: Exclusive | The Relentless Crypto Billionaire Who Moved to Venezuela in Pursuit of Oil - WSJ
2026-09-12 08:23:18,226 - WARNING - OSINT Context for Anomaly [139.71558779184917, 139.6756424568107, 138.25381655855222, 136.17624916587016, 148.4692278231106]: Hunter Biden’s Crypto Offering Plummets Upon Launching - The New York Times
2026-09-12 08:23:18,226 - WARNING - OSINT Context for Anomaly [139.71558779184917, 139.6756424568107, 138.25381655855222, 136.17624916587016, 148.4692278231106]: Hidden crypto farm in Mexican mountains puts spotlight on cartel funding - Reuters
2026-09-12 08:23:26,261 - INFO - Processed 20 ticks | Anomalies: 6
2026-09-12 08:23:26,365 - WARNING - OSINT Context for Anomaly [128.07703837551634, 139.71558779184917, 139.6756424568107, 138.25381655855222, 136.17624916587016, 148.4692278231106]: Exclusive | The Relentless Crypto Billionaire Who Moved to Venezuela in Pursuit of Oil - WSJ
2026-09-12 08:23:26,365 - WARNING - OSINT Context for Anomaly [128.07703837551634, 139.71558779184917, 139.6756424568107, 138.25381655855222, 136.17624916587016, 148.4692278231106]: Hunter Biden’s Crypto Offering Plummets Upon Launching - The New York Times
2026-09-12 08:23:26,366 - WARNING - OSINT Context for Anomaly [128.07703837551634, 139.71558779184917, 139.6756424568107, 138.25381655855222, 136.17624916587016, 148.4692278231106]: Hidden crypto farm in Mexican mountains puts spotlight on cartel funding - Reuters
2026-09-12 08:23:34,396 - INFO - Processed 20 ticks | Anomalies: 6
2026-09-12 08:23:34,490 - WARNING - OSINT Context for Anomaly [128.07703837551634, 139.71558779184917, 139.6756424568107, 138.25381655855222, 136.17624916587016, 148.4692278231106]: Exclusive | The Relentless Crypto Billionaire Who Moved to Venezuela in Pursuit of Oil - WSJ
2026-09-12 08:23:34,490 - WARNING - OSINT Context for Anomaly [128.07703837551634, 139.71558779184917, 139.6756424568107, 138.25381655855222, 136.17624916587016, 148.4692278231106]: Hunter Biden’s Crypto Offering Plummets Upon Launching - The New York Times
2026-09-12 08:23:34,491 - WARNING - OSINT Context for Anomaly [128.07703837551634, 139.71558779184917, 139.6756424568107, 138.25381655855222, 136.17624916587016, 148.4692278231106]: Hidden crypto farm in Mexican mountains puts spotlight on cartel funding - Reuters
2026-09-12 08:23:42,523 - INFO - Processed 20 ticks | Anomalies: 5
2026-09-12 08:23:43,038 - WARNING - OSINT Context for Anomaly [128.07703837551634, 139.71558779184917, 139.6756424568107, 138.25381655855222, 136.17624916587016]: Exclusive | The Relentless Crypto Billionaire Who Moved to Venezuela in Pursuit of Oil - WSJ
2026-09-12 08:23:43,038 - WARNING - OSINT Context for Anomaly [128.07703837551634, 139.71558779184917, 139.6756424568107, 138.25381655855222, 136.17624916587016]: God told them to sell crypto. Their investors lost everything. - MIT Technology Review
2026-09-12 08:23:43,039 - WARNING - OSINT Context for Anomaly [128.07703837551634, 139.71558779184917, 139.6756424568107, 138.25381655855222, 136.17624916587016]: Hidden crypto farm in Mexican mountains puts spotlight on cartel funding - Reuters
2026-09-12 08:23:51,070 - INFO - Processed 20 ticks | Anomalies: 5
2026-09-12 08:23:51,159 - WARNING - OSINT Context for Anomaly [128.07703837551634, 139.71558779184917, 139.6756424568107, 138.25381655855222, 136.17624916587016]: Exclusive | The Relentless Crypto Billionaire Who Moved to Venezuela in Pursuit of Oil - WSJ
2026-09-12 08:23:51,159 - WARNING - OSINT Context for Anomaly [128.07703837551634, 139.71558779184917, 139.6756424568107, 138.25381655855222, 136.17624916587016]: God told them to sell crypto. Their investors lost everything. - MIT Technology Review
2026-09-12 08:23:51,159 - WARNING - OSINT Context for Anomaly [128.07703837551634, 139.71558779184917, 139.6756424568107, 138.25381655855222, 136.17624916587016]: Hidden crypto farm in Mexican mountains puts spotlight on cartel funding - Reuters
2026-09-12 08:23:59,190 - INFO - Processed 20 ticks | Anomalies: 5
2026-09-12 08:23:59,276 - WARNING - OSINT Context for Anomaly [128.07703837551634, 139.71558779184917, 139.6756424568107, 138.25381655855222, 136.17624916587016]: Exclusive | The Relentless Crypto Billionaire Who Moved to Venezuela in Pursuit of Oil - WSJ
2026-09-12 08:23:59,277 - WARNING - OSINT Context for Anomaly [128.07703837551634, 139.71558779184917, 139.6756424568107, 138.25381655855222, 136.17624916587016]: God told them to sell crypto. Their investors lost everything. - MIT Technology Review
2026-09-12 08:23:59,277 - WARNING - OSINT Context for Anomaly [128.07703837551634, 139.71558779184917, 139.6756424568107, 138.25381655855222, 136.17624916587016]: Hidden crypto farm in Mexican mountains puts spotlight on cartel funding - Reuters
2026-09-12 08:24:07,312 - INFO - Processed 20 ticks | Anomalies: 5
2026-09-12 08:24:07,407 - WARNING - OSINT Context for Anomaly [135.56657067737189, 128.07703837551634, 139.71558779184917, 139.6756424568107, 138.25381655855222]: Exclusive | The Relentless Crypto Billionaire Who Moved to Venezuela in Pursuit of Oil - WSJ
2026-09-12 08:24:07,407 - WARNING - OSINT Context for Anomaly [135.56657067737189, 128.07703837551634, 139.71558779184917, 139.6756424568107, 138.25381655855222]: God told them to sell crypto. Their investors lost everything. - MIT Technology Review
2026-09-12 08:24:07,407 - WARNING - OSINT Context for Anomaly [135.56657067737189, 128.07703837551634, 139.71558779184917, 139.6756424568107, 138.25381655855222]: Hidden crypto farm in Mexican mountains puts spotlight on cartel funding - Reuters
2026-09-12 08:24:15,438 - INFO - Processed 20 ticks | Anomalies: 4
2026-09-12 08:24:15,537 - WARNING - OSINT Context for Anomaly [135.56657067737189, 128.07703837551634, 139.71558779184917, 139.6756424568107]: Exclusive | The Relentless Crypto Billionaire Who Moved to Venezuela in Pursuit of Oil - WSJ
2026-09-12 08:24:15,537 - WARNING - OSINT Context for Anomaly [135.56657067737189, 128.07703837551634, 139.71558779184917, 139.6756424568107]: God told them to sell crypto. Their investors lost everything. - MIT Technology Review
2026-09-12 08:24:15,537 - WARNING - OSINT Context for Anomaly [135.56657067737189, 128.07703837551634, 139.71558779184917, 139.6756424568107]: Hidden crypto farm in Mexican mountains puts spotlight on cartel funding - Reuters
2026-09-12 08:24:23,566 - INFO - Processed 20 ticks | Anomalies: 4
2026-09-12 08:24:23,663 - WARNING - OSINT Context for Anomaly [135.56657067737189, 128.07703837551634, 139.71558779184917, 139.6756424568107]: Exclusive | The Relentless Crypto Billionaire Who Moved to Venezuela in Pursuit of Oil - WSJ
2026-09-12 08:24:23,663 - WARNING - OSINT Context for Anomaly [135.56657067737189, 128.07703837551634, 139.71558779184917, 139.6756424568107]: God told them to sell crypto. Their investors lost everything. - MIT Technology Review
2026-09-12 08:24:23,663 - WARNING - OSINT Context for Anomaly [135.56657067737189, 128.07703837551634, 139.71558779184917, 139.6756424568107]: Hidden crypto farm in Mexican mountains puts spotlight on cartel funding - Reuters
2026-09-12 08:24:31,694 - INFO - Processed 20 ticks | Anomalies: 4
2026-09-12 08:24:31,789 - WARNING - OSINT Context for Anomaly [135.56657067737189, 128.07703837551634, 139.71558779184917, 139.6756424568107]: Exclusive | The Relentless Crypto Billionaire Who Moved to Venezuela in Pursuit of Oil - WSJ
2026-09-12 08:24:31,790 - WARNING - OSINT Context for Anomaly [135.56657067737189, 128.07703837551634, 139.71558779184917, 139.6756424568107]: God told them to sell crypto. Their investors lost everything. - MIT Technology Review
2026-09-12 08:24:31,790 - WARNING - OSINT Context for Anomaly [135.56657067737189, 128.07703837551634, 139.71558779184917, 139.6756424568107]: Hidden crypto farm in Mexican mountains puts spotlight on cartel funding - Reuters
2026-09-12 08:24:39,818 - INFO - Processed 20 ticks | Anomalies: 5
2026-09-12 08:24:39,922 - WARNING - OSINT Context for Anomaly [137.30194198003068, 135.56657067737189, 128.07703837551634, 139.71558779184917, 139.6756424568107]: Exclusive | The Relentless Crypto Billionaire Who Moved to Venezuela in Pursuit of Oil - WSJ
2026-09-12 08:24:39,922 - WARNING - OSINT Context for Anomaly [137.30194198003068, 135.56657067737189, 128.07703837551634, 139.71558779184917, 139.6756424568107]: God told them to sell crypto. Their investors lost everything. - MIT Technology Review
2026-09-12 08:24:39,922 - WARNING - OSINT Context for Anomaly [137.30194198003068, 135.56657067737189, 128.07703837551634, 139.71558779184917, 139.6756424568107]: Hidden crypto farm in Mexican mountains puts spotlight on cartel funding - Reuters
2026-09-12 08:24:47,955 - INFO - Processed 20 ticks | Anomalies: 5
2026-09-12 08:24:48,040 - WARNING - OSINT Context for Anomaly [137.30194198003068, 135.56657067737189, 128.07703837551634, 139.71558779184917, 139.6756424568107]: Exclusive | The Relentless Crypto Billionaire Who Moved to Venezuela in Pursuit of Oil - WSJ
2026-09-12 08:24:48,040 - WARNING - OSINT Context for Anomaly [137.30194198003068, 135.56657067737189, 128.07703837551634, 139.71558779184917, 139.6756424568107]: God told them to sell crypto. Their investors lost everything. - MIT Technology Review
2026-09-12 08:24:48,040 - WARNING - OSINT Context for Anomaly [137.30194198003068, 135.56657067737189, 128.07703837551634, 139.71558779184917, 139.6756424568107]: Hidden crypto farm in Mexican mountains puts spotlight on cartel funding - Reuters
2026-09-12 08:24:56,070 - INFO - Processed 20 ticks | Anomalies: 4
2026-09-12 08:24:56,165 - WARNING - OSINT Context for Anomaly [137.30194198003068, 135.56657067737189, 128.07703837551634, 139.71558779184917]: Exclusive | The Relentless Crypto Billionaire Who Moved to Venezuela in Pursuit of Oil - WSJ
2026-09-12 08:24:56,165 - WARNING - OSINT Context for Anomaly [137.30194198003068, 135.56657067737189, 128.07703837551634, 139.71558779184917]: God told them to sell crypto. Their investors lost everything. - MIT Technology Review
2026-09-12 08:24:56,165 - WARNING - OSINT Context for Anomaly [137.30194198003068, 135.56657067737189, 128.07703837551634, 139.71558779184917]: Hidden crypto farm in Mexican mountains puts spotlight on cartel funding - Reuters
2026-09-12 08:25:04,196 - INFO - Processed 20 ticks | Anomalies: 4
2026-09-12 08:25:04,285 - WARNING - OSINT Context for Anomaly [137.30194198003068, 135.56657067737189, 128.07703837551634, 139.71558779184917]: Exclusive | The Relentless Crypto Billionaire Who Moved to Venezuela in Pursuit of Oil - WSJ
2026-09-12 08:25:04,285 - WARNING - OSINT Context for Anomaly [137.30194198003068, 135.56657067737189, 128.07703837551634, 139.71558779184917]: God told them to sell crypto. Their investors lost everything. - MIT Technology Review
2026-09-12 08:25:04,285 - WARNING - OSINT Context for Anomaly [137.30194198003068, 135.56657067737189, 128.07703837551634, 139.71558779184917]: Hidden crypto farm in Mexican mountains puts spotlight on cartel funding - Reuters
2026-09-12 08:25:12,318 - INFO - Processed 20 ticks | Anomalies: 4
2026-09-12 08:25:12,421 - WARNING - OSINT Context for Anomaly [137.30194198003068, 135.56657067737189, 128.07703837551634, 139.71558779184917]: Exclusive | The Relentless Crypto Billionaire Who Moved to Venezuela in Pursuit of Oil - WSJ
2026-09-12 08:25:12,421 - WARNING - OSINT Context for Anomaly [137.30194198003068, 135.56657067737189, 128.07703837551634, 139.71558779184917]: God told them to sell crypto. Their investors lost everything. - MIT Technology Review
2026-09-12 08:25:12,421 - WARNING - OSINT Context for Anomaly [137.30194198003068, 135.56657067737189, 128.07703837551634, 139.71558779184917]: Hidden crypto farm in Mexican mountains puts spotlight on cartel funding - Reuters
2026-09-12 08:25:20,456 - INFO - Processed 20 ticks | Anomalies: 3
2026-09-12 08:25:20,556 - WARNING - OSINT Context for Anomaly [137.30194198003068, 135.56657067737189, 128.07703837551634]: Exclusive | The Relentless Crypto Billionaire Who Moved to Venezuela in Pursuit of Oil - WSJ
2026-09-12 08:25:20,557 - WARNING - OSINT Context for Anomaly [137.30194198003068, 135.56657067737189, 128.07703837551634]: God told them to sell crypto. Their investors lost everything. - MIT Technology Review
2026-09-12 08:25:20,557 - WARNING - OSINT Context for Anomaly [137.30194198003068, 135.56657067737189, 128.07703837551634]: Hidden crypto farm in Mexican mountains puts spotlight on cartel funding - Reuters
2026-09-12 08:25:28,585 - INFO - Processed 20 ticks | Anomalies: 3
2026-09-12 08:25:28,676 - WARNING - OSINT Context for Anomaly [137.30194198003068, 135.56657067737189, 128.07703837551634]: Exclusive | The Relentless Crypto Billionaire Who Moved to Venezuela in Pursuit of Oil - WSJ
2026-09-12 08:25:28,676 - WARNING - OSINT Context for Anomaly [137.30194198003068, 135.56657067737189, 128.07703837551634]: God told them to sell crypto. Their investors lost everything. - MIT Technology Review
2026-09-12 08:25:28,676 - WARNING - OSINT Context for Anomaly [137.30194198003068, 135.56657067737189, 128.07703837551634]: Hidden crypto farm in Mexican mountains puts spotlight on cartel funding - Reuters
2026-09-12 08:25:36,707 - INFO - Processed 20 ticks | Anomalies: 4
2026-09-12 08:25:36,799 - WARNING - OSINT Context for Anomaly [129.83430922534066, 137.30194198003068, 135.56657067737189, 128.07703837551634]: Exclusive | The Relentless Crypto Billionaire Who Moved to Venezuela in Pursuit of Oil - WSJ
2026-09-12 08:25:36,799 - WARNING - OSINT Context for Anomaly [129.83430922534066, 137.30194198003068, 135.56657067737189, 128.07703837551634]: God told them to sell crypto. Their investors lost everything. - MIT Technology Review
2026-09-12 08:25:36,799 - WARNING - OSINT Context for Anomaly [129.83430922534066, 137.30194198003068, 135.56657067737189, 128.07703837551634]: Hidden crypto farm in Mexican mountains puts spotlight on cartel funding - Reuters
2026-09-12 08:25:44,829 - INFO - Processed 20 ticks | Anomalies: 4
2026-09-12 08:25:45,273 - WARNING - OSINT Context for Anomaly [129.83430922534066, 137.30194198003068, 135.56657067737189, 128.07703837551634]: Exclusive | The Relentless Crypto Billionaire Who Moved to Venezuela in Pursuit of Oil - WSJ
2026-09-12 08:25:45,274 - WARNING - OSINT Context for Anomaly [129.83430922534066, 137.30194198003068, 135.56657067737189, 128.07703837551634]: Hunter Biden’s Crypto Offering Plummets Upon Launching - The New York Times
2026-09-12 08:25:45,274 - WARNING - OSINT Context for Anomaly [129.83430922534066, 137.30194198003068, 135.56657067737189, 128.07703837551634]: Hidden crypto farm in Mexican mountains puts spotlight on cartel funding - Reuters
2026-09-12 08:25:53,304 - INFO - Processed 20 ticks | Anomalies: 5
2026-09-12 08:25:53,410 - WARNING - OSINT Context for Anomaly [151.5846717274414, 129.83430922534066, 137.30194198003068, 135.56657067737189, 128.07703837551634]: Exclusive | The Relentless Crypto Billionaire Who Moved to Venezuela in Pursuit of Oil - WSJ
2026-09-12 08:25:53,411 - WARNING - OSINT Context for Anomaly [151.5846717274414, 129.83430922534066, 137.30194198003068, 135.56657067737189, 128.07703837551634]: Hunter Biden’s Crypto Offering Plummets Upon Launching - The New York Times
2026-09-12 08:25:53,411 - WARNING - OSINT Context for Anomaly [151.5846717274414, 129.83430922534066, 137.30194198003068, 135.56657067737189, 128.07703837551634]: Hidden crypto farm in Mexican mountains puts spotlight on cartel funding - Reuters
2026-09-12 08:26:01,440 - INFO - Processed 20 ticks | Anomalies: 5
2026-09-12 08:26:01,545 - WARNING - OSINT Context for Anomaly [151.5846717274414, 129.83430922534066, 137.30194198003068, 135.56657067737189, 128.07703837551634]: Exclusive | The Relentless Crypto Billionaire Who Moved to Venezuela in Pursuit of Oil - WSJ
2026-09-12 08:26:01,545 - WARNING - OSINT Context for Anomaly [151.5846717274414, 129.83430922534066, 137.30194198003068, 135.56657067737189, 128.07703837551634]: Hunter Biden’s Crypto Offering Plummets Upon Launching - The New York Times
2026-09-12 08:26:01,545 - WARNING - OSINT Context for Anomaly [151.5846717274414, 129.83430922534066, 137.30194198003068, 135.56657067737189, 128.07703837551634]: Hidden crypto farm in Mexican mountains puts spotlight on cartel funding - Reuters
2026-09-12 08:26:09,580 - INFO - Processed 20 ticks | Anomalies: 4
2026-09-12 08:26:09,688 - WARNING - OSINT Context for Anomaly [151.5846717274414, 129.83430922534066, 137.30194198003068, 135.56657067737189]: Exclusive | The Relentless Crypto Billionaire Who Moved to Venezuela in Pursuit of Oil - WSJ
2026-09-12 08:26:09,689 - WARNING - OSINT Context for Anomaly [151.5846717274414, 129.83430922534066, 137.30194198003068, 135.56657067737189]: Hunter Biden’s Crypto Offering Plummets Upon Launching - The New York Times
2026-09-12 08:26:09,689 - WARNING - OSINT Context for Anomaly [151.5846717274414, 129.83430922534066, 137.30194198003068, 135.56657067737189]: Hidden crypto farm in Mexican mountains puts spotlight on cartel funding - Reuters
2026-09-12 08:26:17,722 - INFO - Processed 20 ticks | Anomalies: 4
2026-09-12 08:26:17,818 - WARNING - OSINT Context for Anomaly [151.5846717274414, 129.83430922534066, 137.30194198003068, 135.56657067737189]: Exclusive | The Relentless Crypto Billionaire Who Moved to Venezuela in Pursuit of Oil - WSJ
2026-09-12 08:26:17,819 - WARNING - OSINT Context for Anomaly [151.5846717274414, 129.83430922534066, 137.30194198003068, 135.56657067737189]: Hunter Biden’s Crypto Offering Plummets Upon Launching - The New York Times
2026-09-12 08:26:17,819 - WARNING - OSINT Context for Anomaly [151.5846717274414, 129.83430922534066, 137.30194198003068, 135.56657067737189]: Hidden crypto farm in Mexican mountains puts spotlight on cartel funding - Reuters
2026-09-12 08:26:25,863 - INFO - Processed 20 ticks | Anomalies: 4
2026-09-12 08:26:25,956 - WARNING - OSINT Context for Anomaly [151.5846717274414, 129.83430922534066, 137.30194198003068, 135.56657067737189]: Exclusive | The Relentless Crypto Billionaire Who Moved to Venezuela in Pursuit of Oil - WSJ
2026-09-12 08:26:25,956 - WARNING - OSINT Context for Anomaly [151.5846717274414, 129.83430922534066, 137.30194198003068, 135.56657067737189]: Hunter Biden’s Crypto Offering Plummets Upon Launching - The New York Times
2026-09-12 08:26:25,956 - WARNING - OSINT Context for Anomaly [151.5846717274414, 129.83430922534066, 137.30194198003068, 135.56657067737189]: Hidden crypto farm in Mexican mountains puts spotlight on cartel funding - Reuters
2026-09-12 08:26:33,987 - INFO - Processed 20 ticks | Anomalies: 4
2026-09-12 08:26:34,113 - WARNING - OSINT Context for Anomaly [151.5846717274414, 129.83430922534066, 137.30194198003068, 135.56657067737189]: Exclusive | The Relentless Crypto Billionaire Who Moved to Venezuela in Pursuit of Oil - WSJ
2026-09-12 08:26:34,113 - WARNING - OSINT Context for Anomaly [151.5846717274414, 129.83430922534066, 137.30194198003068, 135.56657067737189]: Hunter Biden’s Crypto Offering Plummets Upon Launching - The New York Times
2026-09-12 08:26:34,114 - WARNING - OSINT Context for Anomaly [151.5846717274414, 129.83430922534066, 137.30194198003068, 135.56657067737189]: Hidden crypto farm in Mexican mountains puts spotlight on cartel funding - Reuters
2026-09-12 08:26:42,142 - INFO - Processed 20 ticks | Anomalies: 4
2026-09-12 08:26:42,234 - WARNING - OSINT Context for Anomaly [151.5846717274414, 129.83430922534066, 137.30194198003068, 135.56657067737189]: Exclusive | The Relentless Crypto Billionaire Who Moved to Venezuela in Pursuit of Oil - WSJ
2026-09-12 08:26:42,234 - WARNING - OSINT Context for Anomaly [151.5846717274414, 129.83430922534066, 137.30194198003068, 135.56657067737189]: Hunter Biden’s Crypto Offering Plummets Upon Launching - The New York Times
2026-09-12 08:26:42,234 - WARNING - OSINT Context for Anomaly [151.5846717274414, 129.83430922534066, 137.30194198003068, 135.56657067737189]: Hidden crypto farm in Mexican mountains puts spotlight on cartel funding - Reuters
2026-09-12 08:26:50,263 - INFO - Processed 20 ticks | Anomalies: 3
2026-09-12 08:26:50,359 - WARNING - OSINT Context for Anomaly [151.5846717274414, 129.83430922534066, 137.30194198003068]: Exclusive | The Relentless Crypto Billionaire Who Moved to Venezuela in Pursuit of Oil - WSJ
2026-09-12 08:26:50,359 - WARNING - OSINT Context for Anomaly [151.5846717274414, 129.83430922534066, 137.30194198003068]: Hunter Biden’s Crypto Offering Plummets Upon Launching - The New York Times
2026-09-12 08:26:50,359 - WARNING - OSINT Context for Anomaly [151.5846717274414, 129.83430922534066, 137.30194198003068]: Hidden crypto farm in Mexican mountains puts spotlight on cartel funding - Reuters
2026-09-12 08:26:58,390 - INFO - Processed 20 ticks | Anomalies: 4
2026-09-12 08:26:58,593 - WARNING - OSINT Context for Anomaly [160.088474106343, 151.5846717274414, 129.83430922534066, 137.30194198003068]: Exclusive | The Relentless Crypto Billionaire Who Moved to Venezuela in Pursuit of Oil - WSJ
2026-09-12 08:26:58,593 - WARNING - OSINT Context for Anomaly [160.088474106343, 151.5846717274414, 129.83430922534066, 137.30194198003068]: Hunter Biden’s Crypto Offering Plummets Upon Launching - The New York Times
2026-09-12 08:26:58,593 - WARNING - OSINT Context for Anomaly [160.088474106343, 151.5846717274414, 129.83430922534066, 137.30194198003068]: Hidden crypto farm in Mexican mountains puts spotlight on cartel funding - Reuters
2026-09-12 08:27:06,623 - INFO - Processed 20 ticks | Anomalies: 4
2026-09-12 08:27:06,733 - WARNING - OSINT Context for Anomaly [160.088474106343, 151.5846717274414, 129.83430922534066, 137.30194198003068]: Exclusive | The Relentless Crypto Billionaire Who Moved to Venezuela in Pursuit of Oil - WSJ
2026-09-12 08:27:06,733 - WARNING - OSINT Context for Anomaly [160.088474106343, 151.5846717274414, 129.83430922534066, 137.30194198003068]: Hunter Biden’s Crypto Offering Plummets Upon Launching - The New York Times
2026-09-12 08:27:06,733 - WARNING - OSINT Context for Anomaly [160.088474106343, 151.5846717274414, 129.83430922534066, 137.30194198003068]: Hidden crypto farm in Mexican mountains puts spotlight on cartel funding - Reuters
2026-09-12 08:27:14,769 - INFO - Processed 20 ticks | Anomalies: 5
2026-09-12 08:27:14,870 - WARNING - OSINT Context for Anomaly [145.02737615659873, 160.088474106343, 151.5846717274414, 129.83430922534066, 137.30194198003068]: Exclusive | The Relentless Crypto Billionaire Who Moved to Venezuela in Pursuit of Oil - WSJ
2026-09-12 08:27:14,871 - WARNING - OSINT Context for Anomaly [145.02737615659873, 160.088474106343, 151.5846717274414, 129.83430922534066, 137.30194198003068]: Hunter Biden’s Crypto Offering Plummets Upon Launching - The New York Times
2026-09-12 08:27:14,871 - WARNING - OSINT Context for Anomaly [145.02737615659873, 160.088474106343, 151.5846717274414, 129.83430922534066, 137.30194198003068]: Hidden crypto farm in Mexican mountains puts spotlight on cartel funding - Reuters
2026-09-12 08:27:22,912 - INFO - Processed 20 ticks | Anomalies: 4
2026-09-12 08:27:23,015 - WARNING - OSINT Context for Anomaly [145.02737615659873, 160.088474106343, 151.5846717274414, 129.83430922534066]: Exclusive | The Relentless Crypto Billionaire Who Moved to Venezuela in Pursuit of Oil - WSJ
2026-09-12 08:27:23,016 - WARNING - OSINT Context for Anomaly [145.02737615659873, 160.088474106343, 151.5846717274414, 129.83430922534066]: Hunter Biden’s Crypto Offering Plummets Upon Launching - The New York Times
2026-09-12 08:27:23,016 - WARNING - OSINT Context for Anomaly [145.02737615659873, 160.088474106343, 151.5846717274414, 129.83430922534066]: Hidden crypto farm in Mexican mountains puts spotlight on cartel funding - Reuters
2026-09-12 08:27:31,048 - INFO - Processed 20 ticks | Anomalies: 5
2026-09-12 08:27:31,139 - WARNING - OSINT Context for Anomaly [142.2318792362905, 145.02737615659873, 160.088474106343, 151.5846717274414, 129.83430922534066]: Exclusive | The Relentless Crypto Billionaire Who Moved to Venezuela in Pursuit of Oil - WSJ
2026-09-12 08:27:31,139 - WARNING - OSINT Context for Anomaly [142.2318792362905, 145.02737615659873, 160.088474106343, 151.5846717274414, 129.83430922534066]: Hunter Biden’s Crypto Offering Plummets Upon Launching - The New York Times
2026-09-12 08:27:31,140 - WARNING - OSINT Context for Anomaly [142.2318792362905, 145.02737615659873, 160.088474106343, 151.5846717274414, 129.83430922534066]: Hidden crypto farm in Mexican mountains puts spotlight on cartel funding - Reuters
2026-09-12 08:27:39,171 - INFO - Processed 20 ticks | Anomalies: 5
2026-09-12 08:27:39,268 - WARNING - OSINT Context for Anomaly [142.2318792362905, 145.02737615659873, 160.088474106343, 151.5846717274414, 129.83430922534066]: Exclusive | The Relentless Crypto Billionaire Who Moved to Venezuela in Pursuit of Oil - WSJ
2026-09-12 08:27:39,269 - WARNING - OSINT Context for Anomaly [142.2318792362905, 145.02737615659873, 160.088474106343, 151.5846717274414, 129.83430922534066]: Hunter Biden’s Crypto Offering Plummets Upon Launching - The New York Times
2026-09-12 08:27:39,269 - WARNING - OSINT Context for Anomaly [142.2318792362905, 145.02737615659873, 160.088474106343, 151.5846717274414, 129.83430922534066]: Hidden crypto farm in Mexican mountains puts spotlight on cartel funding - Reuters
2026-09-12 08:27:47,300 - INFO - Processed 20 ticks | Anomalies: 5
2026-09-12 08:27:47,761 - WARNING - OSINT Context for Anomaly [142.2318792362905, 145.02737615659873, 160.088474106343, 151.5846717274414, 129.83430922534066]: Hidden crypto farm in Mexican mountains puts spotlight on cartel funding - Reuters
2026-09-12 08:27:47,762 - WARNING - OSINT Context for Anomaly [142.2318792362905, 145.02737615659873, 160.088474106343, 151.5846717274414, 129.83430922534066]: Exclusive | The Relentless Crypto Billionaire Who Moved to Venezuela in Pursuit of Oil - WSJ
2026-09-12 08:27:47,762 - WARNING - OSINT Context for Anomaly [142.2318792362905, 145.02737615659873, 160.088474106343, 151.5846717274414, 129.83430922534066]: Reform receives second £36m donation in two days as crypto investor matches record - BBC
2026-09-12 08:27:55,794 - INFO - Processed 20 ticks | Anomalies: 5
2026-09-12 08:27:55,887 - WARNING - OSINT Context for Anomaly [142.2318792362905, 145.02737615659873, 160.088474106343, 151.5846717274414, 129.83430922534066]: Hidden crypto farm in Mexican mountains puts spotlight on cartel funding - Reuters
2026-09-12 08:27:55,887 - WARNING - OSINT Context for Anomaly [142.2318792362905, 145.02737615659873, 160.088474106343, 151.5846717274414, 129.83430922534066]: Exclusive | The Relentless Crypto Billionaire Who Moved to Venezuela in Pursuit of Oil - WSJ
2026-09-12 08:27:55,887 - WARNING - OSINT Context for Anomaly [142.2318792362905, 145.02737615659873, 160.088474106343, 151.5846717274414, 129.83430922534066]: Reform receives second £36m donation in two days as crypto investor matches record - BBC
2026-09-12 08:28:03,920 - INFO - Processed 20 ticks | Anomalies: 5
2026-09-12 08:28:04,020 - WARNING - OSINT Context for Anomaly [142.2318792362905, 145.02737615659873, 160.088474106343, 151.5846717274414, 129.83430922534066]: Hidden crypto farm in Mexican mountains puts spotlight on cartel funding - Reuters
2026-09-12 08:28:04,021 - WARNING - OSINT Context for Anomaly [142.2318792362905, 145.02737615659873, 160.088474106343, 151.5846717274414, 129.83430922534066]: Exclusive | The Relentless Crypto Billionaire Who Moved to Venezuela in Pursuit of Oil - WSJ
2026-09-12 08:28:04,021 - WARNING - OSINT Context for Anomaly [142.2318792362905, 145.02737615659873, 160.088474106343, 151.5846717274414, 129.83430922534066]: Reform receives second £36m donation in two days as crypto investor matches record - BBC
2026-09-12 08:28:12,051 - INFO - Processed 20 ticks | Anomalies: 5
2026-09-12 08:28:12,143 - WARNING - OSINT Context for Anomaly [142.2318792362905, 145.02737615659873, 160.088474106343, 151.5846717274414, 129.83430922534066]: Hidden crypto farm in Mexican mountains puts spotlight on cartel funding - Reuters
2026-09-12 08:28:12,144 - WARNING - OSINT Context for Anomaly [142.2318792362905, 145.02737615659873, 160.088474106343, 151.5846717274414, 129.83430922534066]: Exclusive | The Relentless Crypto Billionaire Who Moved to Venezuela in Pursuit of Oil - WSJ
2026-09-12 08:28:12,144 - WARNING - OSINT Context for Anomaly [142.2318792362905, 145.02737615659873, 160.088474106343, 151.5846717274414, 129.83430922534066]: Reform receives second £36m donation in two days as crypto investor matches record - BBC
2026-09-12 08:28:20,174 - INFO - Processed 20 ticks | Anomalies: 4
2026-09-12 08:28:20,266 - WARNING - OSINT Context for Anomaly [142.2318792362905, 145.02737615659873, 160.088474106343, 151.5846717274414]: Hidden crypto farm in Mexican mountains puts spotlight on cartel funding - Reuters
2026-09-12 08:28:20,267 - WARNING - OSINT Context for Anomaly [142.2318792362905, 145.02737615659873, 160.088474106343, 151.5846717274414]: Exclusive | The Relentless Crypto Billionaire Who Moved to Venezuela in Pursuit of Oil - WSJ
2026-09-12 08:28:20,267 - WARNING - OSINT Context for Anomaly [142.2318792362905, 145.02737615659873, 160.088474106343, 151.5846717274414]: Reform receives second £36m donation in two days as crypto investor matches record - BBC
2026-09-12 08:28:28,300 - INFO - Processed 20 ticks | Anomalies: 4
2026-09-12 08:28:28,395 - WARNING - OSINT Context for Anomaly [142.2318792362905, 145.02737615659873, 160.088474106343, 151.5846717274414]: Hidden crypto farm in Mexican mountains puts spotlight on cartel funding - Reuters
2026-09-12 08:28:28,395 - WARNING - OSINT Context for Anomaly [142.2318792362905, 145.02737615659873, 160.088474106343, 151.5846717274414]: Exclusive | The Relentless Crypto Billionaire Who Moved to Venezuela in Pursuit of Oil - WSJ
2026-09-12 08:28:28,395 - WARNING - OSINT Context for Anomaly [142.2318792362905, 145.02737615659873, 160.088474106343, 151.5846717274414]: Reform receives second £36m donation in two days as crypto investor matches record - BBC
2026-09-12 08:28:36,426 - INFO - Processed 20 ticks | Anomalies: 3
2026-09-12 08:28:36,525 - WARNING - OSINT Context for Anomaly [142.2318792362905, 145.02737615659873, 160.088474106343]: Hidden crypto farm in Mexican mountains puts spotlight on cartel funding - Reuters
2026-09-12 08:28:36,526 - WARNING - OSINT Context for Anomaly [142.2318792362905, 145.02737615659873, 160.088474106343]: Exclusive | The Relentless Crypto Billionaire Who Moved to Venezuela in Pursuit of Oil - WSJ
2026-09-12 08:28:36,526 - WARNING - OSINT Context for Anomaly [142.2318792362905, 145.02737615659873, 160.088474106343]: Reform receives second £36m donation in two days as crypto investor matches record - BBC
2026-09-12 08:28:44,556 - INFO - Processed 20 ticks | Anomalies: 4
2026-09-12 08:28:44,655 - WARNING - OSINT Context for Anomaly [159.48466826025765, 142.2318792362905, 145.02737615659873, 160.088474106343]: Hidden crypto farm in Mexican mountains puts spotlight on cartel funding - Reuters
2026-09-12 08:28:44,656 - WARNING - OSINT Context for Anomaly [159.48466826025765, 142.2318792362905, 145.02737615659873, 160.088474106343]: Exclusive | The Relentless Crypto Billionaire Who Moved to Venezuela in Pursuit of Oil - WSJ
2026-09-12 08:28:44,656 - WARNING - OSINT Context for Anomaly [159.48466826025765, 142.2318792362905, 145.02737615659873, 160.088474106343]: Reform receives second £36m donation in two days as crypto investor matches record - BBC
2026-09-12 08:28:52,686 - INFO - Processed 20 ticks | Anomalies: 4
2026-09-12 08:28:52,784 - WARNING - OSINT Context for Anomaly [159.48466826025765, 142.2318792362905, 145.02737615659873, 160.088474106343]: Hidden crypto farm in Mexican mountains puts spotlight on cartel funding - Reuters
2026-09-12 08:28:52,784 - WARNING - OSINT Context for Anomaly [159.48466826025765, 142.2318792362905, 145.02737615659873, 160.088474106343]: Exclusive | The Relentless Crypto Billionaire Who Moved to Venezuela in Pursuit of Oil - WSJ
2026-09-12 08:28:52,784 - WARNING - OSINT Context for Anomaly [159.48466826025765, 142.2318792362905, 145.02737615659873, 160.088474106343]: Reform receives second £36m donation in two days as crypto investor matches record - BBC
2026-09-12 08:29:00,814 - INFO - Processed 20 ticks | Anomalies: 4
2026-09-12 08:29:00,906 - WARNING - OSINT Context for Anomaly [159.48466826025765, 142.2318792362905, 145.02737615659873, 160.088474106343]: Hidden crypto farm in Mexican mountains puts spotlight on cartel funding - Reuters
2026-09-12 08:29:00,907 - WARNING - OSINT Context for Anomaly [159.48466826025765, 142.2318792362905, 145.02737615659873, 160.088474106343]: Exclusive | The Relentless Crypto Billionaire Who Moved to Venezuela in Pursuit of Oil - WSJ
2026-09-12 08:29:00,907 - WARNING - OSINT Context for Anomaly [159.48466826025765, 142.2318792362905, 145.02737615659873, 160.088474106343]: Reform receives second £36m donation in two days as crypto investor matches record - BBC
2026-09-12 08:29:08,936 - INFO - Processed 20 ticks | Anomalies: 4
2026-09-12 08:29:09,026 - WARNING - OSINT Context for Anomaly [159.48466826025765, 142.2318792362905, 145.02737615659873, 160.088474106343]: Hidden crypto farm in Mexican mountains puts spotlight on cartel funding - Reuters
2026-09-12 08:29:09,027 - WARNING - OSINT Context for Anomaly [159.48466826025765, 142.2318792362905, 145.02737615659873, 160.088474106343]: Exclusive | The Relentless Crypto Billionaire Who Moved to Venezuela in Pursuit of Oil - WSJ
2026-09-12 08:29:09,027 - WARNING - OSINT Context for Anomaly [159.48466826025765, 142.2318792362905, 145.02737615659873, 160.088474106343]: Reform receives second £36m donation in two days as crypto investor matches record - BBC
2026-09-12 08:29:17,057 - INFO - Processed 20 ticks | Anomalies: 5
2026-09-12 08:29:17,148 - WARNING - OSINT Context for Anomaly [155.97348096969858, 159.48466826025765, 142.2318792362905, 145.02737615659873, 160.088474106343]: Hidden crypto farm in Mexican mountains puts spotlight on cartel funding - Reuters
2026-09-12 08:29:17,148 - WARNING - OSINT Context for Anomaly [155.97348096969858, 159.48466826025765, 142.2318792362905, 145.02737615659873, 160.088474106343]: Exclusive | The Relentless Crypto Billionaire Who Moved to Venezuela in Pursuit of Oil - WSJ
2026-09-12 08:29:17,148 - WARNING - OSINT Context for Anomaly [155.97348096969858, 159.48466826025765, 142.2318792362905, 145.02737615659873, 160.088474106343]: Reform receives second £36m donation in two days as crypto investor matches record - BBC
2026-09-12 08:29:25,181 - INFO - Processed 20 ticks | Anomalies: 5
2026-09-12 08:29:25,276 - WARNING - OSINT Context for Anomaly [155.97348096969858, 159.48466826025765, 142.2318792362905, 145.02737615659873, 160.088474106343]: Hidden crypto farm in Mexican mountains puts spotlight on cartel funding - Reuters
2026-09-12 08:29:25,277 - WARNING - OSINT Context for Anomaly [155.97348096969858, 159.48466826025765, 142.2318792362905, 145.02737615659873, 160.088474106343]: Exclusive | The Relentless Crypto Billionaire Who Moved to Venezuela in Pursuit of Oil - WSJ
2026-09-12 08:29:25,277 - WARNING - OSINT Context for Anomaly [155.97348096969858, 159.48466826025765, 142.2318792362905, 145.02737615659873, 160.088474106343]: Reform receives second £36m donation in two days as crypto investor matches record - BBC
2026-09-12 08:29:33,311 - INFO - Processed 20 ticks | Anomalies: 5
2026-09-12 08:29:33,404 - WARNING - OSINT Context for Anomaly [155.97348096969858, 159.48466826025765, 142.2318792362905, 145.02737615659873, 160.088474106343]: Hidden crypto farm in Mexican mountains puts spotlight on cartel funding - Reuters
2026-09-12 08:29:33,405 - WARNING - OSINT Context for Anomaly [155.97348096969858, 159.48466826025765, 142.2318792362905, 145.02737615659873, 160.088474106343]: Exclusive | The Relentless Crypto Billionaire Who Moved to Venezuela in Pursuit of Oil - WSJ
2026-09-12 08:29:33,405 - WARNING - OSINT Context for Anomaly [155.97348096969858, 159.48466826025765, 142.2318792362905, 145.02737615659873, 160.088474106343]: Reform receives second £36m donation in two days as crypto investor matches record - BBC
2026-09-12 08:29:41,443 - INFO - Processed 20 ticks | Anomalies: 4
2026-09-12 08:29:41,540 - WARNING - OSINT Context for Anomaly [155.97348096969858, 159.48466826025765, 142.2318792362905, 145.02737615659873]: Hidden crypto farm in Mexican mountains puts spotlight on cartel funding - Reuters
2026-09-12 08:29:41,541 - WARNING - OSINT Context for Anomaly [155.97348096969858, 159.48466826025765, 142.2318792362905, 145.02737615659873]: Exclusive | The Relentless Crypto Billionaire Who Moved to Venezuela in Pursuit of Oil - WSJ
2026-09-12 08:29:41,541 - WARNING - OSINT Context for Anomaly [155.97348096969858, 159.48466826025765, 142.2318792362905, 145.02737615659873]: Reform receives second £36m donation in two days as crypto investor matches record - BBC
2026-09-12 08:29:49,570 - INFO - Processed 20 ticks | Anomalies: 4
2026-09-12 08:29:49,980 - WARNING - OSINT Context for Anomaly [155.97348096969858, 159.48466826025765, 142.2318792362905, 145.02737615659873]: Hidden crypto farm in Mexican mountains puts spotlight on cartel funding - Reuters
2026-09-12 08:29:49,981 - WARNING - OSINT Context for Anomaly [155.97348096969858, 159.48466826025765, 142.2318792362905, 145.02737615659873]: Exclusive | The Relentless Crypto Billionaire Who Moved to Venezuela in Pursuit of Oil - WSJ
2026-09-12 08:29:49,981 - WARNING - OSINT Context for Anomaly [155.97348096969858, 159.48466826025765, 142.2318792362905, 145.02737615659873]: Reform receives second £36m donation in two days as crypto investor matches record - BBC
2026-09-12 08:29:58,013 - INFO - Processed 20 ticks | Anomalies: 3
2026-09-12 08:29:58,108 - WARNING - OSINT Context for Anomaly [155.97348096969858, 159.48466826025765, 142.2318792362905]: Hidden crypto farm in Mexican mountains puts spotlight on cartel funding - Reuters
2026-09-12 08:29:58,108 - WARNING - OSINT Context for Anomaly [155.97348096969858, 159.48466826025765, 142.2318792362905]: Exclusive | The Relentless Crypto Billionaire Who Moved to Venezuela in Pursuit of Oil - WSJ
2026-09-12 08:29:58,109 - WARNING - OSINT Context for Anomaly [155.97348096969858, 159.48466826025765, 142.2318792362905]: Reform receives second £36m donation in two days as crypto investor matches record - BBC
2026-09-12 08:30:06,138 - INFO - Processed 20 ticks | Anomalies: 3
2026-09-12 08:30:06,233 - WARNING - OSINT Context for Anomaly [155.97348096969858, 159.48466826025765, 142.2318792362905]: Hidden crypto farm in Mexican mountains puts spotlight on cartel funding - Reuters
2026-09-12 08:30:06,234 - WARNING - OSINT Context for Anomaly [155.97348096969858, 159.48466826025765, 142.2318792362905]: Exclusive | The Relentless Crypto Billionaire Who Moved to Venezuela in Pursuit of Oil - WSJ
2026-09-12 08:30:06,234 - WARNING - OSINT Context for Anomaly [155.97348096969858, 159.48466826025765, 142.2318792362905]: Reform receives second £36m donation in two days as crypto investor matches record - BBC
2026-09-12 08:30:14,264 - INFO - Processed 20 ticks | Anomalies: 2
2026-09-12 08:30:14,366 - WARNING - OSINT Context for Anomaly [155.97348096969858, 159.48466826025765]: Hidden crypto farm in Mexican mountains puts spotlight on cartel funding - Reuters
2026-09-12 08:30:14,366 - WARNING - OSINT Context for Anomaly [155.97348096969858, 159.48466826025765]: Exclusive | The Relentless Crypto Billionaire Who Moved to Venezuela in Pursuit of Oil - WSJ
2026-09-12 08:30:14,366 - WARNING - OSINT Context for Anomaly [155.97348096969858, 159.48466826025765]: Reform receives second £36m donation in two days as crypto investor matches record - BBC
2026-09-12 08:30:22,403 - INFO - Processed 20 ticks | Anomalies: 2
2026-09-12 08:30:22,498 - WARNING - OSINT Context for Anomaly [155.97348096969858, 159.48466826025765]: Hidden crypto farm in Mexican mountains puts spotlight on cartel funding - Reuters
2026-09-12 08:30:22,499 - WARNING - OSINT Context for Anomaly [155.97348096969858, 159.48466826025765]: Exclusive | The Relentless Crypto Billionaire Who Moved to Venezuela in Pursuit of Oil - WSJ
2026-09-12 08:30:22,499 - WARNING - OSINT Context for Anomaly [155.97348096969858, 159.48466826025765]: Reform receives second £36m donation in two days as crypto investor matches record - BBC
2026-09-12 08:30:30,529 - INFO - Processed 20 ticks | Anomalies: 2
2026-09-12 08:30:30,621 - WARNING - OSINT Context for Anomaly [155.97348096969858, 159.48466826025765]: Hidden crypto farm in Mexican mountains puts spotlight on cartel funding - Reuters
2026-09-12 08:30:30,622 - WARNING - OSINT Context for Anomaly [155.97348096969858, 159.48466826025765]: Exclusive | The Relentless Crypto Billionaire Who Moved to Venezuela in Pursuit of Oil - WSJ
2026-09-12 08:30:30,622 - WARNING - OSINT Context for Anomaly [155.97348096969858, 159.48466826025765]: Reform receives second £36m donation in two days as crypto investor matches record - BBC
2026-09-12 08:30:38,652 - INFO - Processed 20 ticks | Anomalies: 2
2026-09-12 08:30:38,753 - WARNING - OSINT Context for Anomaly [155.97348096969858, 159.48466826025765]: Hidden crypto farm in Mexican mountains puts spotlight on cartel funding - Reuters
2026-09-12 08:30:38,753 - WARNING - OSINT Context for Anomaly [155.97348096969858, 159.48466826025765]: Exclusive | The Relentless Crypto Billionaire Who Moved to Venezuela in Pursuit of Oil - WSJ
2026-09-12 08:30:38,753 - WARNING - OSINT Context for Anomaly [155.97348096969858, 159.48466826025765]: Reform receives second £36m donation in two days as crypto investor matches record - BBC
2026-09-12 08:30:46,782 - INFO - Processed 20 ticks | Anomalies: 2
2026-09-12 08:30:46,885 - WARNING - OSINT Context for Anomaly [155.97348096969858, 159.48466826025765]: Hidden crypto farm in Mexican mountains puts spotlight on cartel funding - Reuters
2026-09-12 08:30:46,885 - WARNING - OSINT Context for Anomaly [155.97348096969858, 159.48466826025765]: Exclusive | The Relentless Crypto Billionaire Who Moved to Venezuela in Pursuit of Oil - WSJ
2026-09-12 08:30:46,885 - WARNING - OSINT Context for Anomaly [155.97348096969858, 159.48466826025765]: Reform receives second £36m donation in two days as crypto investor matches record - BBC
2026-09-12 08:30:54,916 - INFO - Processed 20 ticks | Anomalies: 2
2026-09-12 08:30:55,036 - WARNING - OSINT Context for Anomaly [155.97348096969858, 159.48466826025765]: Hidden crypto farm in Mexican mountains puts spotlight on cartel funding - Reuters
2026-09-12 08:30:55,036 - WARNING - OSINT Context for Anomaly [155.97348096969858, 159.48466826025765]: Exclusive | The Relentless Crypto Billionaire Who Moved to Venezuela in Pursuit of Oil - WSJ
2026-09-12 08:30:55,036 - WARNING - OSINT Context for Anomaly [155.97348096969858, 159.48466826025765]: Reform receives second £36m donation in two days as crypto investor matches record - BBC
2026-09-12 08:31:03,065 - INFO - Processed 20 ticks | Anomalies: 3
2026-09-12 08:31:03,162 - WARNING - OSINT Context for Anomaly [153.5596448182639, 155.97348096969858, 159.48466826025765]: Hidden crypto farm in Mexican mountains puts spotlight on cartel funding - Reuters
2026-09-12 08:31:03,163 - WARNING - OSINT Context for Anomaly [153.5596448182639, 155.97348096969858, 159.48466826025765]: Exclusive | The Relentless Crypto Billionaire Who Moved to Venezuela in Pursuit of Oil - WSJ
2026-09-12 08:31:03,163 - WARNING - OSINT Context for Anomaly [153.5596448182639, 155.97348096969858, 159.48466826025765]: Reform receives second £36m donation in two days as crypto investor matches record - BBC
2026-09-12 08:31:11,196 - INFO - Processed 20 ticks | Anomalies: 3
2026-09-12 08:31:11,295 - WARNING - OSINT Context for Anomaly [153.5596448182639, 155.97348096969858, 159.48466826025765]: Hidden crypto farm in Mexican mountains puts spotlight on cartel funding - Reuters
2026-09-12 08:31:11,296 - WARNING - OSINT Context for Anomaly [153.5596448182639, 155.97348096969858, 159.48466826025765]: Exclusive | The Relentless Crypto Billionaire Who Moved to Venezuela in Pursuit of Oil - WSJ
2026-09-12 08:31:11,296 - WARNING - OSINT Context for Anomaly [153.5596448182639, 155.97348096969858, 159.48466826025765]: Reform receives second £36m donation in two days as crypto investor matches record - BBC
2026-09-12 08:31:19,329 - INFO - Processed 20 ticks | Anomalies: 4
2026-09-12 08:31:19,428 - WARNING - OSINT Context for Anomaly [153.5596448182639, 99.62172468113087, 155.97348096969858, 159.48466826025765]: Hidden crypto farm in Mexican mountains puts spotlight on cartel funding - Reuters
2026-09-12 08:31:19,428 - WARNING - OSINT Context for Anomaly [153.5596448182639, 99.62172468113087, 155.97348096969858, 159.48466826025765]: Exclusive | The Relentless Crypto Billionaire Who Moved to Venezuela in Pursuit of Oil - WSJ
2026-09-12 08:31:19,428 - WARNING - OSINT Context for Anomaly [153.5596448182639, 99.62172468113087, 155.97348096969858, 159.48466826025765]: Reform receives second £36m donation in two days as crypto investor matches record - BBC
2026-09-12 08:31:27,462 - INFO - Processed 20 ticks | Anomalies: 3
2026-09-12 08:31:27,561 - WARNING - OSINT Context for Anomaly [153.5596448182639, 99.62172468113087, 155.97348096969858]: Hidden crypto farm in Mexican mountains puts spotlight on cartel funding - Reuters
2026-09-12 08:31:27,561 - WARNING - OSINT Context for Anomaly [153.5596448182639, 99.62172468113087, 155.97348096969858]: Exclusive | The Relentless Crypto Billionaire Who Moved to Venezuela in Pursuit of Oil - WSJ
2026-09-12 08:31:27,562 - WARNING - OSINT Context for Anomaly [153.5596448182639, 99.62172468113087, 155.97348096969858]: Reform receives second £36m donation in two days as crypto investor matches record - BBC
2026-09-12 08:31:35,596 - INFO - Processed 20 ticks | Anomalies: 3
2026-09-12 08:31:35,704 - WARNING - OSINT Context for Anomaly [153.5596448182639, 99.62172468113087, 155.97348096969858]: Hidden crypto farm in Mexican mountains puts spotlight on cartel funding - Reuters
2026-09-12 08:31:35,705 - WARNING - OSINT Context for Anomaly [153.5596448182639, 99.62172468113087, 155.97348096969858]: Exclusive | The Relentless Crypto Billionaire Who Moved to Venezuela in Pursuit of Oil - WSJ
2026-09-12 08:31:35,705 - WARNING - OSINT Context for Anomaly [153.5596448182639, 99.62172468113087, 155.97348096969858]: Reform receives second £36m donation in two days as crypto investor matches record - BBC
2026-09-12 08:31:43,742 - INFO - Processed 20 ticks | Anomalies: 2
2026-09-12 08:31:43,842 - WARNING - OSINT Context for Anomaly [153.5596448182639, 155.97348096969858]: Hidden crypto farm in Mexican mountains puts spotlight on cartel funding - Reuters
2026-09-12 08:31:43,843 - WARNING - OSINT Context for Anomaly [153.5596448182639, 155.97348096969858]: Exclusive | The Relentless Crypto Billionaire Who Moved to Venezuela in Pursuit of Oil - WSJ
2026-09-12 08:31:43,843 - WARNING - OSINT Context for Anomaly [153.5596448182639, 155.97348096969858]: Reform receives second £36m donation in two days as crypto investor matches record - BBC
2026-09-12 08:31:51,872 - INFO - Processed 20 ticks | Anomalies: 2
2026-09-12 08:31:52,337 - WARNING - OSINT Context for Anomaly [153.5596448182639, 155.97348096969858]: Hidden crypto farm in Mexican mountains puts spotlight on cartel funding - Reuters
2026-09-12 08:31:52,337 - WARNING - OSINT Context for Anomaly [153.5596448182639, 155.97348096969858]: Exclusive | The Relentless Crypto Billionaire Who Moved to Venezuela in Pursuit of Oil - WSJ
2026-09-12 08:31:52,338 - WARNING - OSINT Context for Anomaly [153.5596448182639, 155.97348096969858]: Reform receives second £36m donation in two days as crypto investor matches record - BBC
2026-09-12 08:32:00,370 - INFO - Processed 20 ticks | Anomalies: 3
2026-09-12 08:32:00,475 - WARNING - OSINT Context for Anomaly [99.61720887096834, 153.5596448182639, 99.62172468113087]: Hidden crypto farm in Mexican mountains puts spotlight on cartel funding - Reuters
2026-09-12 08:32:00,475 - WARNING - OSINT Context for Anomaly [99.61720887096834, 153.5596448182639, 99.62172468113087]: Exclusive | The Relentless Crypto Billionaire Who Moved to Venezuela in Pursuit of Oil - WSJ
2026-09-12 08:32:00,475 - WARNING - OSINT Context for Anomaly [99.61720887096834, 153.5596448182639, 99.62172468113087]: Reform receives second £36m donation in two days as crypto investor matches record - BBC
2026-09-12 08:32:08,506 - INFO - Processed 20 ticks | Anomalies: 2
2026-09-12 08:32:08,597 - WARNING - OSINT Context for Anomaly [99.61720887096834, 153.5596448182639]: Hidden crypto farm in Mexican mountains puts spotlight on cartel funding - Reuters
2026-09-12 08:32:08,597 - WARNING - OSINT Context for Anomaly [99.61720887096834, 153.5596448182639]: Exclusive | The Relentless Crypto Billionaire Who Moved to Venezuela in Pursuit of Oil - WSJ
2026-09-12 08:32:08,597 - WARNING - OSINT Context for Anomaly [99.61720887096834, 153.5596448182639]: Reform receives second £36m donation in two days as crypto investor matches record - BBC
2026-09-12 08:32:16,628 - INFO - Processed 20 ticks | Anomalies: 2
2026-09-12 08:32:16,725 - WARNING - OSINT Context for Anomaly [99.61720887096834, 153.5596448182639]: Hidden crypto farm in Mexican mountains puts spotlight on cartel funding - Reuters
2026-09-12 08:32:16,725 - WARNING - OSINT Context for Anomaly [99.61720887096834, 153.5596448182639]: Exclusive | The Relentless Crypto Billionaire Who Moved to Venezuela in Pursuit of Oil - WSJ
2026-09-12 08:32:16,725 - WARNING - OSINT Context for Anomaly [99.61720887096834, 153.5596448182639]: Reform receives second £36m donation in two days as crypto investor matches record - BBC
2026-09-12 08:32:24,755 - INFO - Processed 20 ticks | Anomalies: 2
2026-09-12 08:32:24,850 - WARNING - OSINT Context for Anomaly [99.61720887096834, 153.5596448182639]: Hidden crypto farm in Mexican mountains puts spotlight on cartel funding - Reuters
2026-09-12 08:32:24,850 - WARNING - OSINT Context for Anomaly [99.61720887096834, 153.5596448182639]: Exclusive | The Relentless Crypto Billionaire Who Moved to Venezuela in Pursuit of Oil - WSJ
2026-09-12 08:32:24,850 - WARNING - OSINT Context for Anomaly [99.61720887096834, 153.5596448182639]: Reform receives second £36m donation in two days as crypto investor matches record - BBC
2026-09-12 08:32:32,881 - INFO - Processed 20 ticks | Anomalies: 1
2026-09-12 08:32:32,983 - WARNING - OSINT Context for Anomaly [153.5596448182639]: Hidden crypto farm in Mexican mountains puts spotlight on cartel funding - Reuters
2026-09-12 08:32:32,984 - WARNING - OSINT Context for Anomaly [153.5596448182639]: Exclusive | The Relentless Crypto Billionaire Who Moved to Venezuela in Pursuit of Oil - WSJ
2026-09-12 08:32:32,984 - WARNING - OSINT Context for Anomaly [153.5596448182639]: Reform receives second £36m donation in two days as crypto investor matches record - BBC
2026-09-12 08:32:41,018 - INFO - Processed 20 ticks | Anomalies: 1
2026-09-12 08:32:41,115 - WARNING - OSINT Context for Anomaly [153.5596448182639]: Hidden crypto farm in Mexican mountains puts spotlight on cartel funding - Reuters
2026-09-12 08:32:41,116 - WARNING - OSINT Context for Anomaly [153.5596448182639]: Exclusive | The Relentless Crypto Billionaire Who Moved to Venezuela in Pursuit of Oil - WSJ
2026-09-12 08:32:41,116 - WARNING - OSINT Context for Anomaly [153.5596448182639]: Reform receives second £36m donation in two days as crypto investor matches record - BBC
2026-09-12 08:32:49,147 - INFO - Processed 20 ticks | Anomalies: 1
2026-09-12 08:32:49,253 - WARNING - OSINT Context for Anomaly [153.5596448182639]: Hidden crypto farm in Mexican mountains puts spotlight on cartel funding - Reuters
2026-09-12 08:32:49,254 - WARNING - OSINT Context for Anomaly [153.5596448182639]: Exclusive | The Relentless Crypto Billionaire Who Moved to Venezuela in Pursuit of Oil - WSJ
2026-09-12 08:32:49,254 - WARNING - OSINT Context for Anomaly [153.5596448182639]: Reform receives second £36m donation in two days as crypto investor matches record - BBC
2026-09-12 08:32:57,290 - INFO - Processed 20 ticks | Anomalies: 1
2026-09-12 08:32:57,387 - WARNING - OSINT Context for Anomaly [153.5596448182639]: Hidden crypto farm in Mexican mountains puts spotlight on cartel funding - Reuters
2026-09-12 08:32:57,388 - WARNING - OSINT Context for Anomaly [153.5596448182639]: Exclusive | The Relentless Crypto Billionaire Who Moved to Venezuela in Pursuit of Oil - WSJ
2026-09-12 08:32:57,388 - WARNING - OSINT Context for Anomaly [153.5596448182639]: Reform receives second £36m donation in two days as crypto investor matches record - BBC
2026-09-12 08:33:05,418 - INFO - Processed 20 ticks | Anomalies: 2
2026-09-12 08:33:05,532 - WARNING - OSINT Context for Anomaly [144.37101445111648, 153.5596448182639]: Hidden crypto farm in Mexican mountains puts spotlight on cartel funding - Reuters
2026-09-12 08:33:05,532 - WARNING - OSINT Context for Anomaly [144.37101445111648, 153.5596448182639]: Exclusive | The Relentless Crypto Billionaire Who Moved to Venezuela in Pursuit of Oil - WSJ
2026-09-12 08:33:05,532 - WARNING - OSINT Context for Anomaly [144.37101445111648, 153.5596448182639]: Reform receives second £36m donation in two days as crypto investor matches record - BBC
2026-09-12 08:33:13,562 - INFO - Processed 20 ticks | Anomalies: 2
2026-09-12 08:33:13,651 - WARNING - OSINT Context for Anomaly [144.37101445111648, 153.5596448182639]: Hidden crypto farm in Mexican mountains puts spotlight on cartel funding - Reuters
2026-09-12 08:33:13,652 - WARNING - OSINT Context for Anomaly [144.37101445111648, 153.5596448182639]: Exclusive | The Relentless Crypto Billionaire Who Moved to Venezuela in Pursuit of Oil - WSJ
2026-09-12 08:33:13,652 - WARNING - OSINT Context for Anomaly [144.37101445111648, 153.5596448182639]: Reform receives second £36m donation in two days as crypto investor matches record - BBC
2026-09-12 08:33:21,682 - INFO - Processed 20 ticks | Anomalies: 2
2026-09-12 08:33:21,777 - WARNING - OSINT Context for Anomaly [144.37101445111648, 153.5596448182639]: Hidden crypto farm in Mexican mountains puts spotlight on cartel funding - Reuters
2026-09-12 08:33:21,777 - WARNING - OSINT Context for Anomaly [144.37101445111648, 153.5596448182639]: Exclusive | The Relentless Crypto Billionaire Who Moved to Venezuela in Pursuit of Oil - WSJ
2026-09-12 08:33:21,777 - WARNING - OSINT Context for Anomaly [144.37101445111648, 153.5596448182639]: Reform receives second £36m donation in two days as crypto investor matches record - BBC
2026-09-12 08:33:29,809 - INFO - Processed 20 ticks | Anomalies: 2
2026-09-12 08:33:29,897 - WARNING - OSINT Context for Anomaly [144.37101445111648, 153.5596448182639]: Hidden crypto farm in Mexican mountains puts spotlight on cartel funding - Reuters
2026-09-12 08:33:29,898 - WARNING - OSINT Context for Anomaly [144.37101445111648, 153.5596448182639]: Exclusive | The Relentless Crypto Billionaire Who Moved to Venezuela in Pursuit of Oil - WSJ
2026-09-12 08:33:29,898 - WARNING - OSINT Context for Anomaly [144.37101445111648, 153.5596448182639]: Reform receives second £36m donation in two days as crypto investor matches record - BBC
2026-09-12 08:33:37,929 - INFO - Processed 20 ticks | Anomalies: 2
2026-09-12 08:33:38,022 - WARNING - OSINT Context for Anomaly [144.37101445111648, 153.5596448182639]: Hidden crypto farm in Mexican mountains puts spotlight on cartel funding - Reuters
2026-09-12 08:33:38,023 - WARNING - OSINT Context for Anomaly [144.37101445111648, 153.5596448182639]: Exclusive | The Relentless Crypto Billionaire Who Moved to Venezuela in Pursuit of Oil - WSJ
2026-09-12 08:33:38,023 - WARNING - OSINT Context for Anomaly [144.37101445111648, 153.5596448182639]: Reform receives second £36m donation in two days as crypto investor matches record - BBC
2026-09-12 08:33:46,054 - INFO - Processed 20 ticks | Anomalies: 1
2026-09-12 08:33:46,145 - WARNING - OSINT Context for Anomaly [144.37101445111648]: Hidden crypto farm in Mexican mountains puts spotlight on cartel funding - Reuters
2026-09-12 08:33:46,145 - WARNING - OSINT Context for Anomaly [144.37101445111648]: Exclusive | The Relentless Crypto Billionaire Who Moved to Venezuela in Pursuit of Oil - WSJ
2026-09-12 08:33:46,145 - WARNING - OSINT Context for Anomaly [144.37101445111648]: Reform receives second £36m donation in two days as crypto investor matches record - BBC
2026-09-12 08:33:54,180 - INFO - Processed 20 ticks | Anomalies: 1
2026-09-12 08:33:54,638 - WARNING - OSINT Context for Anomaly [144.37101445111648]: Hidden crypto farm in Mexican mountains puts spotlight on cartel funding - Reuters
2026-09-12 08:33:54,639 - WARNING - OSINT Context for Anomaly [144.37101445111648]: Exclusive | The Relentless Crypto Billionaire Who Moved to Venezuela in Pursuit of Oil - WSJ
2026-09-12 08:33:54,639 - WARNING - OSINT Context for Anomaly [144.37101445111648]: Reform receives record £36m donation from crypto billionaire - BBC
2026-09-12 08:34:02,670 - INFO - Processed 20 ticks | Anomalies: 2
2026-09-12 08:34:02,764 - WARNING - OSINT Context for Anomaly [155.25815176886704, 144.37101445111648]: Hidden crypto farm in Mexican mountains puts spotlight on cartel funding - Reuters
2026-09-12 08:34:02,765 - WARNING - OSINT Context for Anomaly [155.25815176886704, 144.37101445111648]: Exclusive | The Relentless Crypto Billionaire Who Moved to Venezuela in Pursuit of Oil - WSJ
2026-09-12 08:34:02,765 - WARNING - OSINT Context for Anomaly [155.25815176886704, 144.37101445111648]: Reform receives record £36m donation from crypto billionaire - BBC
2026-09-12 08:34:10,799 - INFO - Processed 20 ticks | Anomalies: 2
2026-09-12 08:34:10,894 - WARNING - OSINT Context for Anomaly [155.25815176886704, 144.37101445111648]: Hidden crypto farm in Mexican mountains puts spotlight on cartel funding - Reuters
2026-09-12 08:34:10,894 - WARNING - OSINT Context for Anomaly [155.25815176886704, 144.37101445111648]: Exclusive | The Relentless Crypto Billionaire Who Moved to Venezuela in Pursuit of Oil - WSJ
2026-09-12 08:34:10,894 - WARNING - OSINT Context for Anomaly [155.25815176886704, 144.37101445111648]: Reform receives record £36m donation from crypto billionaire - BBC
2026-09-12 08:34:18,924 - INFO - Processed 20 ticks | Anomalies: 3
2026-09-12 08:34:19,018 - WARNING - OSINT Context for Anomaly [155.08330898363067, 155.25815176886704, 144.37101445111648]: Hidden crypto farm in Mexican mountains puts spotlight on cartel funding - Reuters
2026-09-12 08:34:19,019 - WARNING - OSINT Context for Anomaly [155.08330898363067, 155.25815176886704, 144.37101445111648]: Exclusive | The Relentless Crypto Billionaire Who Moved to Venezuela in Pursuit of Oil - WSJ
2026-09-12 08:34:19,019 - WARNING - OSINT Context for Anomaly [155.08330898363067, 155.25815176886704, 144.37101445111648]: Reform receives record £36m donation from crypto billionaire - BBC
2026-09-12 08:34:27,049 - INFO - Processed 20 ticks | Anomalies: 3
2026-09-12 08:34:27,141 - WARNING - OSINT Context for Anomaly [155.08330898363067, 155.25815176886704, 144.37101445111648]: Hidden crypto farm in Mexican mountains puts spotlight on cartel funding - Reuters
2026-09-12 08:34:27,141 - WARNING - OSINT Context for Anomaly [155.08330898363067, 155.25815176886704, 144.37101445111648]: Exclusive | The Relentless Crypto Billionaire Who Moved to Venezuela in Pursuit of Oil - WSJ
2026-09-12 08:34:27,142 - WARNING - OSINT Context for Anomaly [155.08330898363067, 155.25815176886704, 144.37101445111648]: Reform receives record £36m donation from crypto billionaire - BBC
2026-09-12 08:34:35,171 - INFO - Processed 20 ticks | Anomalies: 3
2026-09-12 08:34:35,267 - WARNING - OSINT Context for Anomaly [155.08330898363067, 155.25815176886704, 144.37101445111648]: Hidden crypto farm in Mexican mountains puts spotlight on cartel funding - Reuters
2026-09-12 08:34:35,267 - WARNING - OSINT Context for Anomaly [155.08330898363067, 155.25815176886704, 144.37101445111648]: Exclusive | The Relentless Crypto Billionaire Who Moved to Venezuela in Pursuit of Oil - WSJ
2026-09-12 08:34:35,267 - WARNING - OSINT Context for Anomaly [155.08330898363067, 155.25815176886704, 144.37101445111648]: Reform receives record £36m donation from crypto billionaire - BBC
2026-09-12 08:34:43,299 - INFO - Processed 20 ticks | Anomalies: 3
2026-09-12 08:34:43,391 - WARNING - OSINT Context for Anomaly [155.08330898363067, 155.25815176886704, 144.37101445111648]: Hidden crypto farm in Mexican mountains puts spotlight on cartel funding - Reuters
2026-09-12 08:34:43,392 - WARNING - OSINT Context for Anomaly [155.08330898363067, 155.25815176886704, 144.37101445111648]: Exclusive | The Relentless Crypto Billionaire Who Moved to Venezuela in Pursuit of Oil - WSJ
2026-09-12 08:34:43,392 - WARNING - OSINT Context for Anomaly [155.08330898363067, 155.25815176886704, 144.37101445111648]: Reform receives record £36m donation from crypto billionaire - BBC
2026-09-12 08:34:51,422 - INFO - Processed 20 ticks | Anomalies: 3
2026-09-12 08:34:51,512 - WARNING - OSINT Context for Anomaly [155.08330898363067, 155.25815176886704, 144.37101445111648]: Hidden crypto farm in Mexican mountains puts spotlight on cartel funding - Reuters
2026-09-12 08:34:51,512 - WARNING - OSINT Context for Anomaly [155.08330898363067, 155.25815176886704, 144.37101445111648]: Exclusive | The Relentless Crypto Billionaire Who Moved to Venezuela in Pursuit of Oil - WSJ
2026-09-12 08:34:51,512 - WARNING - OSINT Context for Anomaly [155.08330898363067, 155.25815176886704, 144.37101445111648]: Reform receives record £36m donation from crypto billionaire - BBC
2026-09-12 08:34:59,543 - INFO - Processed 20 ticks | Anomalies: 3
2026-09-12 08:34:59,636 - WARNING - OSINT Context for Anomaly [155.08330898363067, 155.25815176886704, 144.37101445111648]: Hidden crypto farm in Mexican mountains puts spotlight on cartel funding - Reuters
2026-09-12 08:34:59,637 - WARNING - OSINT Context for Anomaly [155.08330898363067, 155.25815176886704, 144.37101445111648]: Exclusive | The Relentless Crypto Billionaire Who Moved to Venezuela in Pursuit of Oil - WSJ
2026-09-12 08:34:59,637 - WARNING - OSINT Context for Anomaly [155.08330898363067, 155.25815176886704, 144.37101445111648]: Reform receives record £36m donation from crypto billionaire - BBC
2026-09-12 08:35:07,667 - INFO - Processed 20 ticks | Anomalies: 3
2026-09-12 08:35:07,765 - WARNING - OSINT Context for Anomaly [155.08330898363067, 155.25815176886704, 144.37101445111648]: Hidden crypto farm in Mexican mountains puts spotlight on cartel funding - Reuters
2026-09-12 08:35:07,765 - WARNING - OSINT Context for Anomaly [155.08330898363067, 155.25815176886704, 144.37101445111648]: Exclusive | The Relentless Crypto Billionaire Who Moved to Venezuela in Pursuit of Oil - WSJ
2026-09-12 08:35:07,765 - WARNING - OSINT Context for Anomaly [155.08330898363067, 155.25815176886704, 144.37101445111648]: Reform receives record £36m donation from crypto billionaire - BBC
2026-09-12 08:35:15,795 - INFO - Processed 20 ticks | Anomalies: 3
2026-09-12 08:35:15,886 - WARNING - OSINT Context for Anomaly [155.08330898363067, 155.25815176886704, 144.37101445111648]: Hidden crypto farm in Mexican mountains puts spotlight on cartel funding - Reuters
2026-09-12 08:35:15,886 - WARNING - OSINT Context for Anomaly [155.08330898363067, 155.25815176886704, 144.37101445111648]: Exclusive | The Relentless Crypto Billionaire Who Moved to Venezuela in Pursuit of Oil - WSJ
2026-09-12 08:35:15,887 - WARNING - OSINT Context for Anomaly [155.08330898363067, 155.25815176886704, 144.37101445111648]: Reform receives record £36m donation from crypto billionaire - BBC
2026-09-12 08:35:23,918 - INFO - Processed 20 ticks | Anomalies: 4
2026-09-12 08:35:24,009 - WARNING - OSINT Context for Anomaly [146.63768771895593, 155.08330898363067, 155.25815176886704, 144.37101445111648]: Hidden crypto farm in Mexican mountains puts spotlight on cartel funding - Reuters
2026-09-12 08:35:24,010 - WARNING - OSINT Context for Anomaly [146.63768771895593, 155.08330898363067, 155.25815176886704, 144.37101445111648]: Exclusive | The Relentless Crypto Billionaire Who Moved to Venezuela in Pursuit of Oil - WSJ
2026-09-12 08:35:24,010 - WARNING - OSINT Context for Anomaly [146.63768771895593, 155.08330898363067, 155.25815176886704, 144.37101445111648]: Reform receives record £36m donation from crypto billionaire - BBC
2026-09-12 08:35:32,041 - INFO - Processed 20 ticks | Anomalies: 4
2026-09-12 08:35:32,128 - WARNING - OSINT Context for Anomaly [146.63768771895593, 155.08330898363067, 155.25815176886704, 144.37101445111648]: Hidden crypto farm in Mexican mountains puts spotlight on cartel funding - Reuters
2026-09-12 08:35:32,129 - WARNING - OSINT Context for Anomaly [146.63768771895593, 155.08330898363067, 155.25815176886704, 144.37101445111648]: Exclusive | The Relentless Crypto Billionaire Who Moved to Venezuela in Pursuit of Oil - WSJ
2026-09-12 08:35:32,129 - WARNING - OSINT Context for Anomaly [146.63768771895593, 155.08330898363067, 155.25815176886704, 144.37101445111648]: Reform receives record £36m donation from crypto billionaire - BBC
2026-09-12 08:35:40,159 - INFO - Processed 20 ticks | Anomalies: 4
2026-09-12 08:35:40,256 - WARNING - OSINT Context for Anomaly [146.63768771895593, 155.08330898363067, 155.25815176886704, 144.37101445111648]: Hidden crypto farm in Mexican mountains puts spotlight on cartel funding - Reuters
2026-09-12 08:35:40,257 - WARNING - OSINT Context for Anomaly [146.63768771895593, 155.08330898363067, 155.25815176886704, 144.37101445111648]: Exclusive | The Relentless Crypto Billionaire Who Moved to Venezuela in Pursuit of Oil - WSJ
2026-09-12 08:35:40,257 - WARNING - OSINT Context for Anomaly [146.63768771895593, 155.08330898363067, 155.25815176886704, 144.37101445111648]: Reform receives record £36m donation from crypto billionaire - BBC
2026-09-12 08:35:48,291 - INFO - Processed 20 ticks | Anomalies: 3
2026-09-12 08:35:48,377 - WARNING - OSINT Context for Anomaly [146.63768771895593, 155.08330898363067, 155.25815176886704]: Hidden crypto farm in Mexican mountains puts spotlight on cartel funding - Reuters
2026-09-12 08:35:48,378 - WARNING - OSINT Context for Anomaly [146.63768771895593, 155.08330898363067, 155.25815176886704]: Exclusive | The Relentless Crypto Billionaire Who Moved to Venezuela in Pursuit of Oil - WSJ
2026-09-12 08:35:48,378 - WARNING - OSINT Context for Anomaly [146.63768771895593, 155.08330898363067, 155.25815176886704]: Reform receives record £36m donation from crypto billionaire - BBC
2026-09-12 08:35:56,407 - INFO - Processed 20 ticks | Anomalies: 3
2026-09-12 08:35:56,930 - WARNING - OSINT Context for Anomaly [146.63768771895593, 155.08330898363067, 155.25815176886704]: Hidden crypto farm in Mexican mountains puts spotlight on cartel funding - Reuters
2026-09-12 08:35:56,931 - WARNING - OSINT Context for Anomaly [146.63768771895593, 155.08330898363067, 155.25815176886704]: Exclusive | The Relentless Crypto Billionaire Who Moved to Venezuela in Pursuit of Oil - WSJ
2026-09-12 08:35:56,931 - WARNING - OSINT Context for Anomaly [146.63768771895593, 155.08330898363067, 155.25815176886704]: Reform receives record £36m donation from crypto billionaire - BBC
2026-09-12 08:36:04,961 - INFO - Processed 20 ticks | Anomalies: 3
2026-09-12 08:36:05,057 - WARNING - OSINT Context for Anomaly [146.63768771895593, 155.08330898363067, 155.25815176886704]: Hidden crypto farm in Mexican mountains puts spotlight on cartel funding - Reuters
2026-09-12 08:36:05,058 - WARNING - OSINT Context for Anomaly [146.63768771895593, 155.08330898363067, 155.25815176886704]: Exclusive | The Relentless Crypto Billionaire Who Moved to Venezuela in Pursuit of Oil - WSJ
2026-09-12 08:36:05,058 - WARNING - OSINT Context for Anomaly [146.63768771895593, 155.08330898363067, 155.25815176886704]: Reform receives record £36m donation from crypto billionaire - BBC
2026-09-12 08:36:13,088 - INFO - Processed 20 ticks | Anomalies: 3
2026-09-12 08:36:13,181 - WARNING - OSINT Context for Anomaly [146.63768771895593, 155.08330898363067, 155.25815176886704]: Hidden crypto farm in Mexican mountains puts spotlight on cartel funding - Reuters
2026-09-12 08:36:13,182 - WARNING - OSINT Context for Anomaly [146.63768771895593, 155.08330898363067, 155.25815176886704]: Exclusive | The Relentless Crypto Billionaire Who Moved to Venezuela in Pursuit of Oil - WSJ
2026-09-12 08:36:13,182 - WARNING - OSINT Context for Anomaly [146.63768771895593, 155.08330898363067, 155.25815176886704]: Reform receives record £36m donation from crypto billionaire - BBC
2026-09-12 08:36:21,217 - INFO - Processed 20 ticks | Anomalies: 3
2026-09-12 08:36:21,308 - WARNING - OSINT Context for Anomaly [146.63768771895593, 155.08330898363067, 155.25815176886704]: Hidden crypto farm in Mexican mountains puts spotlight on cartel funding - Reuters
2026-09-12 08:36:21,309 - WARNING - OSINT Context for Anomaly [146.63768771895593, 155.08330898363067, 155.25815176886704]: Exclusive | The Relentless Crypto Billionaire Who Moved to Venezuela in Pursuit of Oil - WSJ
2026-09-12 08:36:21,309 - WARNING - OSINT Context for Anomaly [146.63768771895593, 155.08330898363067, 155.25815176886704]: Reform receives record £36m donation from crypto billionaire - BBC
2026-09-12 08:36:29,352 - INFO - Processed 20 ticks | Anomalies: 3
2026-09-12 08:36:29,452 - WARNING - OSINT Context for Anomaly [146.63768771895593, 155.08330898363067, 155.25815176886704]: Hidden crypto farm in Mexican mountains puts spotlight on cartel funding - Reuters
2026-09-12 08:36:29,453 - WARNING - OSINT Context for Anomaly [146.63768771895593, 155.08330898363067, 155.25815176886704]: Exclusive | The Relentless Crypto Billionaire Who Moved to Venezuela in Pursuit of Oil - WSJ
2026-09-12 08:36:29,453 - WARNING - OSINT Context for Anomaly [146.63768771895593, 155.08330898363067, 155.25815176886704]: Reform receives record £36m donation from crypto billionaire - BBC
2026-09-12 08:36:37,486 - INFO - Processed 20 ticks | Anomalies: 3
2026-09-12 08:36:37,593 - WARNING - OSINT Context for Anomaly [146.63768771895593, 155.08330898363067, 155.25815176886704]: Hidden crypto farm in Mexican mountains puts spotlight on cartel funding - Reuters
2026-09-12 08:36:37,594 - WARNING - OSINT Context for Anomaly [146.63768771895593, 155.08330898363067, 155.25815176886704]: Exclusive | The Relentless Crypto Billionaire Who Moved to Venezuela in Pursuit of Oil - WSJ
2026-09-12 08:36:37,594 - WARNING - OSINT Context for Anomaly [146.63768771895593, 155.08330898363067, 155.25815176886704]: Reform receives record £36m donation from crypto billionaire - BBC
2026-09-12 08:36:45,627 - INFO - Processed 20 ticks | Anomalies: 3
2026-09-12 08:36:45,726 - WARNING - OSINT Context for Anomaly [144.98449743570228, 146.63768771895593, 155.08330898363067]: Hidden crypto farm in Mexican mountains puts spotlight on cartel funding - Reuters
2026-09-12 08:36:45,727 - WARNING - OSINT Context for Anomaly [144.98449743570228, 146.63768771895593, 155.08330898363067]: Exclusive | The Relentless Crypto Billionaire Who Moved to Venezuela in Pursuit of Oil - WSJ
2026-09-12 08:36:45,727 - WARNING - OSINT Context for Anomaly [144.98449743570228, 146.63768771895593, 155.08330898363067]: Reform receives record £36m donation from crypto billionaire - BBC
2026-09-12 08:36:53,761 - INFO - Processed 20 ticks | Anomalies: 3
2026-09-12 08:36:53,859 - WARNING - OSINT Context for Anomaly [144.98449743570228, 146.63768771895593, 155.08330898363067]: Hidden crypto farm in Mexican mountains puts spotlight on cartel funding - Reuters
2026-09-12 08:36:53,859 - WARNING - OSINT Context for Anomaly [144.98449743570228, 146.63768771895593, 155.08330898363067]: Exclusive | The Relentless Crypto Billionaire Who Moved to Venezuela in Pursuit of Oil - WSJ
2026-09-12 08:36:53,860 - WARNING - OSINT Context for Anomaly [144.98449743570228, 146.63768771895593, 155.08330898363067]: Reform receives record £36m donation from crypto billionaire - BBC
2026-09-12 08:37:01,891 - INFO - Processed 20 ticks | Anomalies: 2
2026-09-12 08:37:01,992 - WARNING - OSINT Context for Anomaly [144.98449743570228, 146.63768771895593]: Hidden crypto farm in Mexican mountains puts spotlight on cartel funding - Reuters
2026-09-12 08:37:01,992 - WARNING - OSINT Context for Anomaly [144.98449743570228, 146.63768771895593]: Exclusive | The Relentless Crypto Billionaire Who Moved to Venezuela in Pursuit of Oil - WSJ
2026-09-12 08:37:01,992 - WARNING - OSINT Context for Anomaly [144.98449743570228, 146.63768771895593]: Reform receives record £36m donation from crypto billionaire - BBC
2026-09-12 08:37:10,022 - INFO - Processed 20 ticks | Anomalies: 2
2026-09-12 08:37:10,118 - WARNING - OSINT Context for Anomaly [144.98449743570228, 146.63768771895593]: Hidden crypto farm in Mexican mountains puts spotlight on cartel funding - Reuters
2026-09-12 08:37:10,119 - WARNING - OSINT Context for Anomaly [144.98449743570228, 146.63768771895593]: Exclusive | The Relentless Crypto Billionaire Who Moved to Venezuela in Pursuit of Oil - WSJ
2026-09-12 08:37:10,119 - WARNING - OSINT Context for Anomaly [144.98449743570228, 146.63768771895593]: Reform receives record £36m donation from crypto billionaire - BBC
2026-09-12 08:37:18,156 - INFO - Processed 20 ticks | Anomalies: 2
2026-09-12 08:37:18,257 - WARNING - OSINT Context for Anomaly [144.98449743570228, 146.63768771895593]: Hidden crypto farm in Mexican mountains puts spotlight on cartel funding - Reuters
2026-09-12 08:37:18,258 - WARNING - OSINT Context for Anomaly [144.98449743570228, 146.63768771895593]: Exclusive | The Relentless Crypto Billionaire Who Moved to Venezuela in Pursuit of Oil - WSJ
2026-09-12 08:37:18,258 - WARNING - OSINT Context for Anomaly [144.98449743570228, 146.63768771895593]: Reform receives record £36m donation from crypto billionaire - BBC
2026-09-12 08:37:26,288 - INFO - Processed 20 ticks | Anomalies: 2
2026-09-12 08:37:26,381 - WARNING - OSINT Context for Anomaly [144.98449743570228, 146.63768771895593]: Hidden crypto farm in Mexican mountains puts spotlight on cartel funding - Reuters
2026-09-12 08:37:26,381 - WARNING - OSINT Context for Anomaly [144.98449743570228, 146.63768771895593]: Exclusive | The Relentless Crypto Billionaire Who Moved to Venezuela in Pursuit of Oil - WSJ
2026-09-12 08:37:26,381 - WARNING - OSINT Context for Anomaly [144.98449743570228, 146.63768771895593]: Reform receives record £36m donation from crypto billionaire - BBC
2026-09-12 08:37:34,410 - INFO - Processed 20 ticks | Anomalies: 2
2026-09-12 08:37:34,505 - WARNING - OSINT Context for Anomaly [144.98449743570228, 146.63768771895593]: Hidden crypto farm in Mexican mountains puts spotlight on cartel funding - Reuters
2026-09-12 08:37:34,505 - WARNING - OSINT Context for Anomaly [144.98449743570228, 146.63768771895593]: Exclusive | The Relentless Crypto Billionaire Who Moved to Venezuela in Pursuit of Oil - WSJ
2026-09-12 08:37:34,506 - WARNING - OSINT Context for Anomaly [144.98449743570228, 146.63768771895593]: Reform receives record £36m donation from crypto billionaire - BBC
2026-09-12 08:37:42,536 - INFO - Processed 20 ticks | Anomalies: 3
2026-09-12 08:37:42,627 - WARNING - OSINT Context for Anomaly [141.9371525491948, 144.98449743570228, 146.63768771895593]: Hidden crypto farm in Mexican mountains puts spotlight on cartel funding - Reuters
2026-09-12 08:37:42,627 - WARNING - OSINT Context for Anomaly [141.9371525491948, 144.98449743570228, 146.63768771895593]: Exclusive | The Relentless Crypto Billionaire Who Moved to Venezuela in Pursuit of Oil - WSJ
2026-09-12 08:37:42,627 - WARNING - OSINT Context for Anomaly [141.9371525491948, 144.98449743570228, 146.63768771895593]: Reform receives record £36m donation from crypto billionaire - BBC
2026-09-12 08:37:50,657 - INFO - Processed 20 ticks | Anomalies: 3
2026-09-12 08:37:50,750 - WARNING - OSINT Context for Anomaly [141.9371525491948, 144.98449743570228, 146.63768771895593]: Hidden crypto farm in Mexican mountains puts spotlight on cartel funding - Reuters
2026-09-12 08:37:50,751 - WARNING - OSINT Context for Anomaly [141.9371525491948, 144.98449743570228, 146.63768771895593]: Exclusive | The Relentless Crypto Billionaire Who Moved to Venezuela in Pursuit of Oil - WSJ
2026-09-12 08:37:50,751 - WARNING - OSINT Context for Anomaly [141.9371525491948, 144.98449743570228, 146.63768771895593]: Reform receives record £36m donation from crypto billionaire - BBC
2026-09-12 08:37:58,789 - INFO - Processed 20 ticks | Anomalies: 3
2026-09-12 08:37:59,331 - WARNING - OSINT Context for Anomaly [141.9371525491948, 144.98449743570228, 146.63768771895593]: Hidden crypto farm in Mexican mountains puts spotlight on cartel funding - Reuters
2026-09-12 08:37:59,332 - WARNING - OSINT Context for Anomaly [141.9371525491948, 144.98449743570228, 146.63768771895593]: Exclusive | The Relentless Crypto Billionaire Who Moved to Venezuela in Pursuit of Oil - WSJ
2026-09-12 08:37:59,332 - WARNING - OSINT Context for Anomaly [141.9371525491948, 144.98449743570228, 146.63768771895593]: Reform receives record £36m donation from crypto billionaire - BBC
2026-09-12 08:38:07,365 - INFO - Processed 20 ticks | Anomalies: 2
2026-09-12 08:38:07,464 - WARNING - OSINT Context for Anomaly [141.9371525491948, 144.98449743570228]: Hidden crypto farm in Mexican mountains puts spotlight on cartel funding - Reuters
2026-09-12 08:38:07,464 - WARNING - OSINT Context for Anomaly [141.9371525491948, 144.98449743570228]: Exclusive | The Relentless Crypto Billionaire Who Moved to Venezuela in Pursuit of Oil - WSJ
2026-09-12 08:38:07,464 - WARNING - OSINT Context for Anomaly [141.9371525491948, 144.98449743570228]: Reform receives record £36m donation from crypto billionaire - BBC
2026-09-12 08:38:15,494 - INFO - Processed 20 ticks | Anomalies: 2
2026-09-12 08:38:15,581 - WARNING - OSINT Context for Anomaly [141.9371525491948, 144.98449743570228]: Hidden crypto farm in Mexican mountains puts spotlight on cartel funding - Reuters
2026-09-12 08:38:15,581 - WARNING - OSINT Context for Anomaly [141.9371525491948, 144.98449743570228]: Exclusive | The Relentless Crypto Billionaire Who Moved to Venezuela in Pursuit of Oil - WSJ
2026-09-12 08:38:15,581 - WARNING - OSINT Context for Anomaly [141.9371525491948, 144.98449743570228]: Reform receives record £36m donation from crypto billionaire - BBC
2026-09-12 08:38:23,612 - INFO - Processed 20 ticks | Anomalies: 2
2026-09-12 08:38:23,710 - WARNING - OSINT Context for Anomaly [141.9371525491948, 144.98449743570228]: Hidden crypto farm in Mexican mountains puts spotlight on cartel funding - Reuters
2026-09-12 08:38:23,710 - WARNING - OSINT Context for Anomaly [141.9371525491948, 144.98449743570228]: Exclusive | The Relentless Crypto Billionaire Who Moved to Venezuela in Pursuit of Oil - WSJ
2026-09-12 08:38:23,710 - WARNING - OSINT Context for Anomaly [141.9371525491948, 144.98449743570228]: Reform receives record £36m donation from crypto billionaire - BBC
2026-09-12 08:38:31,739 - INFO - Processed 20 ticks | Anomalies: 2
2026-09-12 08:38:31,841 - WARNING - OSINT Context for Anomaly [141.9371525491948, 144.98449743570228]: Hidden crypto farm in Mexican mountains puts spotlight on cartel funding - Reuters
2026-09-12 08:38:31,842 - WARNING - OSINT Context for Anomaly [141.9371525491948, 144.98449743570228]: Exclusive | The Relentless Crypto Billionaire Who Moved to Venezuela in Pursuit of Oil - WSJ
2026-09-12 08:38:31,842 - WARNING - OSINT Context for Anomaly [141.9371525491948, 144.98449743570228]: Reform receives record £36m donation from crypto billionaire - BBC
2026-09-12 08:38:39,872 - INFO - Processed 20 ticks | Anomalies: 3
2026-09-12 08:38:39,976 - WARNING - OSINT Context for Anomaly [134.71749383532818, 141.9371525491948, 144.98449743570228]: Hidden crypto farm in Mexican mountains puts spotlight on cartel funding - Reuters
2026-09-12 08:38:39,976 - WARNING - OSINT Context for Anomaly [134.71749383532818, 141.9371525491948, 144.98449743570228]: Exclusive | The Relentless Crypto Billionaire Who Moved to Venezuela in Pursuit of Oil - WSJ
2026-09-12 08:38:39,976 - WARNING - OSINT Context for Anomaly [134.71749383532818, 141.9371525491948, 144.98449743570228]: Reform receives record £36m donation from crypto billionaire - BBC
2026-09-12 08:38:48,007 - INFO - Processed 20 ticks | Anomalies: 3
2026-09-12 08:38:48,101 - WARNING - OSINT Context for Anomaly [134.71749383532818, 141.9371525491948, 144.98449743570228]: Hidden crypto farm in Mexican mountains puts spotlight on cartel funding - Reuters
2026-09-12 08:38:48,102 - WARNING - OSINT Context for Anomaly [134.71749383532818, 141.9371525491948, 144.98449743570228]: Exclusive | The Relentless Crypto Billionaire Who Moved to Venezuela in Pursuit of Oil - WSJ
2026-09-12 08:38:48,102 - WARNING - OSINT Context for Anomaly [134.71749383532818, 141.9371525491948, 144.98449743570228]: Reform receives record £36m donation from crypto billionaire - BBC
2026-09-12 08:38:56,132 - INFO - Processed 20 ticks | Anomalies: 4
2026-09-12 08:38:56,227 - WARNING - OSINT Context for Anomaly [128.3133810872395, 134.71749383532818, 141.9371525491948, 144.98449743570228]: Hidden crypto farm in Mexican mountains puts spotlight on cartel funding - Reuters
2026-09-12 08:38:56,227 - WARNING - OSINT Context for Anomaly [128.3133810872395, 134.71749383532818, 141.9371525491948, 144.98449743570228]: Exclusive | The Relentless Crypto Billionaire Who Moved to Venezuela in Pursuit of Oil - WSJ
2026-09-12 08:38:56,227 - WARNING - OSINT Context for Anomaly [128.3133810872395, 134.71749383532818, 141.9371525491948, 144.98449743570228]: Reform receives record £36m donation from crypto billionaire - BBC
2026-09-12 08:39:04,260 - INFO - Processed 20 ticks | Anomalies: 4
2026-09-12 08:39:04,358 - WARNING - OSINT Context for Anomaly [128.3133810872395, 134.71749383532818, 141.9371525491948, 144.98449743570228]: Hidden crypto farm in Mexican mountains puts spotlight on cartel funding - Reuters
2026-09-12 08:39:04,359 - WARNING - OSINT Context for Anomaly [128.3133810872395, 134.71749383532818, 141.9371525491948, 144.98449743570228]: Exclusive | The Relentless Crypto Billionaire Who Moved to Venezuela in Pursuit of Oil - WSJ
2026-09-12 08:39:04,359 - WARNING - OSINT Context for Anomaly [128.3133810872395, 134.71749383532818, 141.9371525491948, 144.98449743570228]: Reform receives record £36m donation from crypto billionaire - BBC
2026-09-12 08:39:12,390 - INFO - Processed 20 ticks | Anomalies: 4
2026-09-12 08:39:12,488 - WARNING - OSINT Context for Anomaly [128.3133810872395, 134.71749383532818, 141.9371525491948, 144.98449743570228]: Hidden crypto farm in Mexican mountains puts spotlight on cartel funding - Reuters
2026-09-12 08:39:12,489 - WARNING - OSINT Context for Anomaly [128.3133810872395, 134.71749383532818, 141.9371525491948, 144.98449743570228]: Exclusive | The Relentless Crypto Billionaire Who Moved to Venezuela in Pursuit of Oil - WSJ
2026-09-12 08:39:12,489 - WARNING - OSINT Context for Anomaly [128.3133810872395, 134.71749383532818, 141.9371525491948, 144.98449743570228]: Reform receives record £36m donation from crypto billionaire - BBC
2026-09-12 08:39:20,520 - INFO - Processed 20 ticks | Anomalies: 4
2026-09-12 08:39:20,625 - WARNING - OSINT Context for Anomaly [128.3133810872395, 134.71749383532818, 141.9371525491948, 144.98449743570228]: Hidden crypto farm in Mexican mountains puts spotlight on cartel funding - Reuters
2026-09-12 08:39:20,625 - WARNING - OSINT Context for Anomaly [128.3133810872395, 134.71749383532818, 141.9371525491948, 144.98449743570228]: Exclusive | The Relentless Crypto Billionaire Who Moved to Venezuela in Pursuit of Oil - WSJ
2026-09-12 08:39:20,625 - WARNING - OSINT Context for Anomaly [128.3133810872395, 134.71749383532818, 141.9371525491948, 144.98449743570228]: Reform receives record £36m donation from crypto billionaire - BBC
2026-09-12 08:39:28,658 - INFO - Processed 20 ticks | Anomalies: 3
2026-09-12 08:39:28,759 - WARNING - OSINT Context for Anomaly [128.3133810872395, 134.71749383532818, 141.9371525491948]: Hidden crypto farm in Mexican mountains puts spotlight on cartel funding - Reuters
2026-09-12 08:39:28,759 - WARNING - OSINT Context for Anomaly [128.3133810872395, 134.71749383532818, 141.9371525491948]: Exclusive | The Relentless Crypto Billionaire Who Moved to Venezuela in Pursuit of Oil - WSJ
2026-09-12 08:39:28,760 - WARNING - OSINT Context for Anomaly [128.3133810872395, 134.71749383532818, 141.9371525491948]: Reform receives record £36m donation from crypto billionaire - BBC
2026-09-12 08:39:36,791 - INFO - Processed 20 ticks | Anomalies: 3
2026-09-12 08:39:36,890 - WARNING - OSINT Context for Anomaly [128.3133810872395, 134.71749383532818, 141.9371525491948]: Hidden crypto farm in Mexican mountains puts spotlight on cartel funding - Reuters
2026-09-12 08:39:36,890 - WARNING - OSINT Context for Anomaly [128.3133810872395, 134.71749383532818, 141.9371525491948]: Exclusive | The Relentless Crypto Billionaire Who Moved to Venezuela in Pursuit of Oil - WSJ
2026-09-12 08:39:36,890 - WARNING - OSINT Context for Anomaly [128.3133810872395, 134.71749383532818, 141.9371525491948]: Reform receives record £36m donation from crypto billionaire - BBC
2026-09-12 08:39:44,920 - INFO - Processed 20 ticks | Anomalies: 3
2026-09-12 08:39:45,017 - WARNING - OSINT Context for Anomaly [128.3133810872395, 134.71749383532818, 141.9371525491948]: Hidden crypto farm in Mexican mountains puts spotlight on cartel funding - Reuters
2026-09-12 08:39:45,018 - WARNING - OSINT Context for Anomaly [128.3133810872395, 134.71749383532818, 141.9371525491948]: Exclusive | The Relentless Crypto Billionaire Who Moved to Venezuela in Pursuit of Oil - WSJ
2026-09-12 08:39:45,018 - WARNING - OSINT Context for Anomaly [128.3133810872395, 134.71749383532818, 141.9371525491948]: Reform receives record £36m donation from crypto billionaire - BBC
2026-09-12 08:39:53,048 - INFO - Processed 20 ticks | Anomalies: 3
2026-09-12 08:39:53,144 - WARNING - OSINT Context for Anomaly [128.3133810872395, 134.71749383532818, 141.9371525491948]: Hidden crypto farm in Mexican mountains puts spotlight on cartel funding - Reuters
2026-09-12 08:39:53,144 - WARNING - OSINT Context for Anomaly [128.3133810872395, 134.71749383532818, 141.9371525491948]: Exclusive | The Relentless Crypto Billionaire Who Moved to Venezuela in Pursuit of Oil - WSJ
2026-09-12 08:39:53,144 - WARNING - OSINT Context for Anomaly [128.3133810872395, 134.71749383532818, 141.9371525491948]: Reform receives record £36m donation from crypto billionaire - BBC
2026-09-12 08:40:01,173 - INFO - Processed 20 ticks | Anomalies: 4
2026-09-12 08:40:01,631 - WARNING - OSINT Context for Anomaly [133.08847607622022, 128.3133810872395, 134.71749383532818, 141.9371525491948]: Hidden crypto farm in Mexican mountains puts spotlight on cartel funding - Reuters
2026-09-12 08:40:01,632 - WARNING - OSINT Context for Anomaly [133.08847607622022, 128.3133810872395, 134.71749383532818, 141.9371525491948]: Exclusive | The Relentless Crypto Billionaire Who Moved to Venezuela in Pursuit of Oil - WSJ
2026-09-12 08:40:01,632 - WARNING - OSINT Context for Anomaly [133.08847607622022, 128.3133810872395, 134.71749383532818, 141.9371525491948]: Reform receives second £36m donation in two days as crypto investor matches record - BBC
2026-09-12 08:40:09,677 - INFO - Processed 20 ticks | Anomalies: 4
2026-09-12 08:40:09,774 - WARNING - OSINT Context for Anomaly [133.08847607622022, 128.3133810872395, 134.71749383532818, 141.9371525491948]: Hidden crypto farm in Mexican mountains puts spotlight on cartel funding - Reuters
2026-09-12 08:40:09,775 - WARNING - OSINT Context for Anomaly [133.08847607622022, 128.3133810872395, 134.71749383532818, 141.9371525491948]: Exclusive | The Relentless Crypto Billionaire Who Moved to Venezuela in Pursuit of Oil - WSJ
2026-09-12 08:40:09,775 - WARNING - OSINT Context for Anomaly [133.08847607622022, 128.3133810872395, 134.71749383532818, 141.9371525491948]: Reform receives second £36m donation in two days as crypto investor matches record - BBC
2026-09-12 08:40:17,805 - INFO - Processed 20 ticks | Anomalies: 5
2026-09-12 08:40:17,894 - WARNING - OSINT Context for Anomaly [147.7441904645553, 133.08847607622022, 128.3133810872395, 134.71749383532818, 141.9371525491948]: Hidden crypto farm in Mexican mountains puts spotlight on cartel funding - Reuters
2026-09-12 08:40:17,894 - WARNING - OSINT Context for Anomaly [147.7441904645553, 133.08847607622022, 128.3133810872395, 134.71749383532818, 141.9371525491948]: Exclusive | The Relentless Crypto Billionaire Who Moved to Venezuela in Pursuit of Oil - WSJ
2026-09-12 08:40:17,894 - WARNING - OSINT Context for Anomaly [147.7441904645553, 133.08847607622022, 128.3133810872395, 134.71749383532818, 141.9371525491948]: Reform receives second £36m donation in two days as crypto investor matches record - BBC
2026-09-12 08:40:25,925 - INFO - Processed 20 ticks | Anomalies: 4
2026-09-12 08:40:26,020 - WARNING - OSINT Context for Anomaly [147.7441904645553, 133.08847607622022, 128.3133810872395, 134.71749383532818]: Hidden crypto farm in Mexican mountains puts spotlight on cartel funding - Reuters
2026-09-12 08:40:26,020 - WARNING - OSINT Context for Anomaly [147.7441904645553, 133.08847607622022, 128.3133810872395, 134.71749383532818]: Exclusive | The Relentless Crypto Billionaire Who Moved to Venezuela in Pursuit of Oil - WSJ
2026-09-12 08:40:26,021 - WARNING - OSINT Context for Anomaly [147.7441904645553, 133.08847607622022, 128.3133810872395, 134.71749383532818]: Reform receives second £36m donation in two days as crypto investor matches record - BBC
2026-09-12 08:40:34,056 - INFO - Processed 20 ticks | Anomalies: 4
2026-09-12 08:40:34,147 - WARNING - OSINT Context for Anomaly [147.7441904645553, 133.08847607622022, 128.3133810872395, 134.71749383532818]: Hidden crypto farm in Mexican mountains puts spotlight on cartel funding - Reuters
2026-09-12 08:40:34,147 - WARNING - OSINT Context for Anomaly [147.7441904645553, 133.08847607622022, 128.3133810872395, 134.71749383532818]: Exclusive | The Relentless Crypto Billionaire Who Moved to Venezuela in Pursuit of Oil - WSJ
2026-09-12 08:40:34,147 - WARNING - OSINT Context for Anomaly [147.7441904645553, 133.08847607622022, 128.3133810872395, 134.71749383532818]: Reform receives second £36m donation in two days as crypto investor matches record - BBC
2026-09-12 08:40:42,181 - INFO - Processed 20 ticks | Anomalies: 4
2026-09-12 08:40:42,279 - WARNING - OSINT Context for Anomaly [147.7441904645553, 133.08847607622022, 128.3133810872395, 134.71749383532818]: Hidden crypto farm in Mexican mountains puts spotlight on cartel funding - Reuters
2026-09-12 08:40:42,280 - WARNING - OSINT Context for Anomaly [147.7441904645553, 133.08847607622022, 128.3133810872395, 134.71749383532818]: Exclusive | The Relentless Crypto Billionaire Who Moved to Venezuela in Pursuit of Oil - WSJ
2026-09-12 08:40:42,280 - WARNING - OSINT Context for Anomaly [147.7441904645553, 133.08847607622022, 128.3133810872395, 134.71749383532818]: Reform receives second £36m donation in two days as crypto investor matches record - BBC
2026-09-12 08:40:50,311 - INFO - Processed 20 ticks | Anomalies: 4
2026-09-12 08:40:50,414 - WARNING - OSINT Context for Anomaly [147.7441904645553, 133.08847607622022, 128.3133810872395, 134.71749383532818]: Hidden crypto farm in Mexican mountains puts spotlight on cartel funding - Reuters
2026-09-12 08:40:50,414 - WARNING - OSINT Context for Anomaly [147.7441904645553, 133.08847607622022, 128.3133810872395, 134.71749383532818]: Exclusive | The Relentless Crypto Billionaire Who Moved to Venezuela in Pursuit of Oil - WSJ
2026-09-12 08:40:50,415 - WARNING - OSINT Context for Anomaly [147.7441904645553, 133.08847607622022, 128.3133810872395, 134.71749383532818]: Reform receives second £36m donation in two days as crypto investor matches record - BBC
2026-09-12 08:40:58,445 - INFO - Processed 20 ticks | Anomalies: 4
2026-09-12 08:40:58,548 - WARNING - OSINT Context for Anomaly [147.7441904645553, 133.08847607622022, 128.3133810872395, 134.71749383532818]: Hidden crypto farm in Mexican mountains puts spotlight on cartel funding - Reuters
2026-09-12 08:40:58,548 - WARNING - OSINT Context for Anomaly [147.7441904645553, 133.08847607622022, 128.3133810872395, 134.71749383532818]: Exclusive | The Relentless Crypto Billionaire Who Moved to Venezuela in Pursuit of Oil - WSJ
2026-09-12 08:40:58,548 - WARNING - OSINT Context for Anomaly [147.7441904645553, 133.08847607622022, 128.3133810872395, 134.71749383532818]: Reform receives second £36m donation in two days as crypto investor matches record - BBC
2026-09-12 08:41:06,579 - INFO - Processed 20 ticks | Anomalies: 4
2026-09-12 08:41:06,689 - WARNING - OSINT Context for Anomaly [147.7441904645553, 133.08847607622022, 128.3133810872395, 134.71749383532818]: Hidden crypto farm in Mexican mountains puts spotlight on cartel funding - Reuters
2026-09-12 08:41:06,690 - WARNING - OSINT Context for Anomaly [147.7441904645553, 133.08847607622022, 128.3133810872395, 134.71749383532818]: Exclusive | The Relentless Crypto Billionaire Who Moved to Venezuela in Pursuit of Oil - WSJ
2026-09-12 08:41:06,690 - WARNING - OSINT Context for Anomaly [147.7441904645553, 133.08847607622022, 128.3133810872395, 134.71749383532818]: Reform receives second £36m donation in two days as crypto investor matches record - BBC
2026-09-12 08:41:14,731 - INFO - Processed 20 ticks | Anomalies: 4
2026-09-12 08:41:14,825 - WARNING - OSINT Context for Anomaly [147.7441904645553, 133.08847607622022, 128.3133810872395, 134.71749383532818]: Hidden crypto farm in Mexican mountains puts spotlight on cartel funding - Reuters
2026-09-12 08:41:14,826 - WARNING - OSINT Context for Anomaly [147.7441904645553, 133.08847607622022, 128.3133810872395, 134.71749383532818]: Exclusive | The Relentless Crypto Billionaire Who Moved to Venezuela in Pursuit of Oil - WSJ
2026-09-12 08:41:14,826 - WARNING - OSINT Context for Anomaly [147.7441904645553, 133.08847607622022, 128.3133810872395, 134.71749383532818]: Reform receives second £36m donation in two days as crypto investor matches record - BBC
2026-09-12 08:41:22,856 - INFO - Processed 20 ticks | Anomalies: 3
2026-09-12 08:41:22,951 - WARNING - OSINT Context for Anomaly [147.7441904645553, 133.08847607622022, 128.3133810872395]: Hidden crypto farm in Mexican mountains puts spotlight on cartel funding - Reuters
2026-09-12 08:41:22,951 - WARNING - OSINT Context for Anomaly [147.7441904645553, 133.08847607622022, 128.3133810872395]: Exclusive | The Relentless Crypto Billionaire Who Moved to Venezuela in Pursuit of Oil - WSJ
2026-09-12 08:41:22,951 - WARNING - OSINT Context for Anomaly [147.7441904645553, 133.08847607622022, 128.3133810872395]: Reform receives second £36m donation in two days as crypto investor matches record - BBC
2026-09-12 08:41:30,982 - INFO - Processed 20 ticks | Anomalies: 3
2026-09-12 08:41:31,068 - WARNING - OSINT Context for Anomaly [147.7441904645553, 133.08847607622022, 128.3133810872395]: Hidden crypto farm in Mexican mountains puts spotlight on cartel funding - Reuters
2026-09-12 08:41:31,069 - WARNING - OSINT Context for Anomaly [147.7441904645553, 133.08847607622022, 128.3133810872395]: Exclusive | The Relentless Crypto Billionaire Who Moved to Venezuela in Pursuit of Oil - WSJ
2026-09-12 08:41:31,069 - WARNING - OSINT Context for Anomaly [147.7441904645553, 133.08847607622022, 128.3133810872395]: Reform receives second £36m donation in two days as crypto investor matches record - BBC
2026-09-12 08:41:39,099 - INFO - Processed 20 ticks | Anomalies: 3
2026-09-12 08:41:39,219 - WARNING - OSINT Context for Anomaly [152.96600825714427, 147.7441904645553, 133.08847607622022]: Hidden crypto farm in Mexican mountains puts spotlight on cartel funding - Reuters
2026-09-12 08:41:39,220 - WARNING - OSINT Context for Anomaly [152.96600825714427, 147.7441904645553, 133.08847607622022]: Exclusive | The Relentless Crypto Billionaire Who Moved to Venezuela in Pursuit of Oil - WSJ
2026-09-12 08:41:39,220 - WARNING - OSINT Context for Anomaly [152.96600825714427, 147.7441904645553, 133.08847607622022]: Reform receives second £36m donation in two days as crypto investor matches record - BBC
2026-09-12 08:41:47,249 - INFO - Processed 20 ticks | Anomalies: 3
2026-09-12 08:41:47,349 - WARNING - OSINT Context for Anomaly [152.96600825714427, 147.7441904645553, 133.08847607622022]: Hidden crypto farm in Mexican mountains puts spotlight on cartel funding - Reuters
2026-09-12 08:41:47,349 - WARNING - OSINT Context for Anomaly [152.96600825714427, 147.7441904645553, 133.08847607622022]: Exclusive | The Relentless Crypto Billionaire Who Moved to Venezuela in Pursuit of Oil - WSJ
2026-09-12 08:41:47,350 - WARNING - OSINT Context for Anomaly [152.96600825714427, 147.7441904645553, 133.08847607622022]: Reform receives second £36m donation in two days as crypto investor matches record - BBC
2026-09-12 08:41:55,380 - INFO - Processed 20 ticks | Anomalies: 3
2026-09-12 08:41:55,473 - WARNING - OSINT Context for Anomaly [152.96600825714427, 147.7441904645553, 133.08847607622022]: Hidden crypto farm in Mexican mountains puts spotlight on cartel funding - Reuters
2026-09-12 08:41:55,474 - WARNING - OSINT Context for Anomaly [152.96600825714427, 147.7441904645553, 133.08847607622022]: Exclusive | The Relentless Crypto Billionaire Who Moved to Venezuela in Pursuit of Oil - WSJ
2026-09-12 08:41:55,474 - WARNING - OSINT Context for Anomaly [152.96600825714427, 147.7441904645553, 133.08847607622022]: Reform receives second £36m donation in two days as crypto investor matches record - BBC
2026-09-12 08:42:03,504 - INFO - Processed 20 ticks | Anomalies: 3
2026-09-12 08:42:03,984 - WARNING - OSINT Context for Anomaly [152.96600825714427, 147.7441904645553, 133.08847607622022]: Hidden crypto farm in Mexican mountains puts spotlight on cartel funding - Reuters
2026-09-12 08:42:03,985 - WARNING - OSINT Context for Anomaly [152.96600825714427, 147.7441904645553, 133.08847607622022]: Exclusive | The Relentless Crypto Billionaire Who Moved to Venezuela in Pursuit of Oil - WSJ
2026-09-12 08:42:03,985 - WARNING - OSINT Context for Anomaly [152.96600825714427, 147.7441904645553, 133.08847607622022]: Reform receives record £36m donation from crypto billionaire - BBC
2026-09-12 08:42:12,022 - INFO - Processed 20 ticks | Anomalies: 3
2026-09-12 08:42:12,112 - WARNING - OSINT Context for Anomaly [152.96600825714427, 147.7441904645553, 133.08847607622022]: Hidden crypto farm in Mexican mountains puts spotlight on cartel funding - Reuters
2026-09-12 08:42:12,113 - WARNING - OSINT Context for Anomaly [152.96600825714427, 147.7441904645553, 133.08847607622022]: Exclusive | The Relentless Crypto Billionaire Who Moved to Venezuela in Pursuit of Oil - WSJ
2026-09-12 08:42:12,113 - WARNING - OSINT Context for Anomaly [152.96600825714427, 147.7441904645553, 133.08847607622022]: Reform receives record £36m donation from crypto billionaire - BBC
2026-09-12 08:42:20,148 - INFO - Processed 20 ticks | Anomalies: 3
2026-09-12 08:42:20,237 - WARNING - OSINT Context for Anomaly [152.96600825714427, 147.7441904645553, 133.08847607622022]: Hidden crypto farm in Mexican mountains puts spotlight on cartel funding - Reuters
2026-09-12 08:42:20,237 - WARNING - OSINT Context for Anomaly [152.96600825714427, 147.7441904645553, 133.08847607622022]: Exclusive | The Relentless Crypto Billionaire Who Moved to Venezuela in Pursuit of Oil - WSJ
2026-09-12 08:42:20,238 - WARNING - OSINT Context for Anomaly [152.96600825714427, 147.7441904645553, 133.08847607622022]: Reform receives record £36m donation from crypto billionaire - BBC
2026-09-12 08:42:28,268 - INFO - Processed 20 ticks | Anomalies: 3
2026-09-12 08:42:28,368 - WARNING - OSINT Context for Anomaly [152.96600825714427, 147.7441904645553, 133.08847607622022]: Hidden crypto farm in Mexican mountains puts spotlight on cartel funding - Reuters
2026-09-12 08:42:28,369 - WARNING - OSINT Context for Anomaly [152.96600825714427, 147.7441904645553, 133.08847607622022]: Exclusive | The Relentless Crypto Billionaire Who Moved to Venezuela in Pursuit of Oil - WSJ
2026-09-12 08:42:28,369 - WARNING - OSINT Context for Anomaly [152.96600825714427, 147.7441904645553, 133.08847607622022]: Reform receives record £36m donation from crypto billionaire - BBC
2026-09-12 08:42:36,399 - INFO - Processed 20 ticks | Anomalies: 3
2026-09-12 08:42:36,696 - WARNING - OSINT Context for Anomaly [152.96600825714427, 147.7441904645553, 133.08847607622022]: Hidden crypto farm in Mexican mountains puts spotlight on cartel funding - Reuters
2026-09-12 08:42:36,697 - WARNING - OSINT Context for Anomaly [152.96600825714427, 147.7441904645553, 133.08847607622022]: Exclusive | The Relentless Crypto Billionaire Who Moved to Venezuela in Pursuit of Oil - WSJ
2026-09-12 08:42:36,697 - WARNING - OSINT Context for Anomaly [152.96600825714427, 147.7441904645553, 133.08847607622022]: Reform receives record £36m donation from crypto billionaire - BBC
2026-09-12 08:42:44,728 - INFO - Processed 20 ticks | Anomalies: 2
2026-09-12 08:42:44,820 - WARNING - OSINT Context for Anomaly [152.96600825714427, 147.7441904645553]: Hidden crypto farm in Mexican mountains puts spotlight on cartel funding - Reuters
2026-09-12 08:42:44,820 - WARNING - OSINT Context for Anomaly [152.96600825714427, 147.7441904645553]: Exclusive | The Relentless Crypto Billionaire Who Moved to Venezuela in Pursuit of Oil - WSJ
2026-09-12 08:42:44,820 - WARNING - OSINT Context for Anomaly [152.96600825714427, 147.7441904645553]: Reform receives record £36m donation from crypto billionaire - BBC
2026-09-12 08:42:52,850 - INFO - Processed 20 ticks | Anomalies: 2
2026-09-12 08:42:52,944 - WARNING - OSINT Context for Anomaly [152.96600825714427, 147.7441904645553]: Hidden crypto farm in Mexican mountains puts spotlight on cartel funding - Reuters
2026-09-12 08:42:52,945 - WARNING - OSINT Context for Anomaly [152.96600825714427, 147.7441904645553]: Exclusive | The Relentless Crypto Billionaire Who Moved to Venezuela in Pursuit of Oil - WSJ
2026-09-12 08:42:52,945 - WARNING - OSINT Context for Anomaly [152.96600825714427, 147.7441904645553]: Reform receives record £36m donation from crypto billionaire - BBC
2026-09-12 08:43:00,982 - INFO - Processed 20 ticks | Anomalies: 1
2026-09-12 08:43:01,077 - WARNING - OSINT Context for Anomaly [152.96600825714427]: Hidden crypto farm in Mexican mountains puts spotlight on cartel funding - Reuters
2026-09-12 08:43:01,077 - WARNING - OSINT Context for Anomaly [152.96600825714427]: Exclusive | The Relentless Crypto Billionaire Who Moved to Venezuela in Pursuit of Oil - WSJ
2026-09-12 08:43:01,077 - WARNING - OSINT Context for Anomaly [152.96600825714427]: Reform receives record £36m donation from crypto billionaire - BBC
2026-09-12 08:43:09,110 - INFO - Processed 20 ticks | Anomalies: 2
2026-09-12 08:43:09,203 - WARNING - OSINT Context for Anomaly [134.1836198524304, 152.96600825714427]: Hidden crypto farm in Mexican mountains puts spotlight on cartel funding - Reuters
2026-09-12 08:43:09,204 - WARNING - OSINT Context for Anomaly [134.1836198524304, 152.96600825714427]: Exclusive | The Relentless Crypto Billionaire Who Moved to Venezuela in Pursuit of Oil - WSJ
2026-09-12 08:43:09,204 - WARNING - OSINT Context for Anomaly [134.1836198524304, 152.96600825714427]: Reform receives record £36m donation from crypto billionaire - BBC
2026-09-12 08:43:17,235 - INFO - Processed 20 ticks | Anomalies: 2
2026-09-12 08:43:17,343 - WARNING - OSINT Context for Anomaly [134.1836198524304, 152.96600825714427]: Hidden crypto farm in Mexican mountains puts spotlight on cartel funding - Reuters
2026-09-12 08:43:17,343 - WARNING - OSINT Context for Anomaly [134.1836198524304, 152.96600825714427]: Exclusive | The Relentless Crypto Billionaire Who Moved to Venezuela in Pursuit of Oil - WSJ
2026-09-12 08:43:17,343 - WARNING - OSINT Context for Anomaly [134.1836198524304, 152.96600825714427]: Reform receives record £36m donation from crypto billionaire - BBC
2026-09-12 08:43:25,378 - INFO - Processed 20 ticks | Anomalies: 2
2026-09-12 08:43:25,473 - WARNING - OSINT Context for Anomaly [134.1836198524304, 152.96600825714427]: Hidden crypto farm in Mexican mountains puts spotlight on cartel funding - Reuters
2026-09-12 08:43:25,473 - WARNING - OSINT Context for Anomaly [134.1836198524304, 152.96600825714427]: Exclusive | The Relentless Crypto Billionaire Who Moved to Venezuela in Pursuit of Oil - WSJ
2026-09-12 08:43:25,474 - WARNING - OSINT Context for Anomaly [134.1836198524304, 152.96600825714427]: Reform receives record £36m donation from crypto billionaire - BBC
2026-09-12 08:43:33,504 - INFO - Processed 20 ticks | Anomalies: 2
2026-09-12 08:43:33,608 - WARNING - OSINT Context for Anomaly [134.1836198524304, 152.96600825714427]: Hidden crypto farm in Mexican mountains puts spotlight on cartel funding - Reuters
2026-09-12 08:43:33,609 - WARNING - OSINT Context for Anomaly [134.1836198524304, 152.96600825714427]: Exclusive | The Relentless Crypto Billionaire Who Moved to Venezuela in Pursuit of Oil - WSJ
2026-09-12 08:43:33,609 - WARNING - OSINT Context for Anomaly [134.1836198524304, 152.96600825714427]: Reform receives record £36m donation from crypto billionaire - BBC
2026-09-12 08:43:41,639 - INFO - Processed 20 ticks | Anomalies: 2
2026-09-12 08:43:41,740 - WARNING - OSINT Context for Anomaly [134.1836198524304, 152.96600825714427]: Hidden crypto farm in Mexican mountains puts spotlight on cartel funding - Reuters
2026-09-12 08:43:41,740 - WARNING - OSINT Context for Anomaly [134.1836198524304, 152.96600825714427]: Exclusive | The Relentless Crypto Billionaire Who Moved to Venezuela in Pursuit of Oil - WSJ
2026-09-12 08:43:41,740 - WARNING - OSINT Context for Anomaly [134.1836198524304, 152.96600825714427]: Reform receives record £36m donation from crypto billionaire - BBC
2026-09-12 08:43:49,771 - INFO - Processed 20 ticks | Anomalies: 2
2026-09-12 08:43:49,866 - WARNING - OSINT Context for Anomaly [134.1836198524304, 152.96600825714427]: Hidden crypto farm in Mexican mountains puts spotlight on cartel funding - Reuters
2026-09-12 08:43:49,867 - WARNING - OSINT Context for Anomaly [134.1836198524304, 152.96600825714427]: Exclusive | The Relentless Crypto Billionaire Who Moved to Venezuela in Pursuit of Oil - WSJ
2026-09-12 08:43:49,867 - WARNING - OSINT Context for Anomaly [134.1836198524304, 152.96600825714427]: Reform receives record £36m donation from crypto billionaire - BBC
2026-09-12 08:43:57,898 - INFO - Processed 20 ticks | Anomalies: 3
2026-09-12 08:43:57,993 - WARNING - OSINT Context for Anomaly [130.79040901723405, 134.1836198524304, 152.96600825714427]: Hidden crypto farm in Mexican mountains puts spotlight on cartel funding - Reuters
2026-09-12 08:43:57,993 - WARNING - OSINT Context for Anomaly [130.79040901723405, 134.1836198524304, 152.96600825714427]: Exclusive | The Relentless Crypto Billionaire Who Moved to Venezuela in Pursuit of Oil - WSJ
2026-09-12 08:43:57,993 - WARNING - OSINT Context for Anomaly [130.79040901723405, 134.1836198524304, 152.96600825714427]: Reform receives record £36m donation from crypto billionaire - BBC
2026-09-12 08:44:06,022 - INFO - Processed 20 ticks | Anomalies: 3
2026-09-12 08:44:06,515 - WARNING - OSINT Context for Anomaly [130.79040901723405, 134.1836198524304, 152.96600825714427]: Hidden crypto farm in Mexican mountains puts spotlight on cartel funding - Reuters
2026-09-12 08:44:06,516 - WARNING - OSINT Context for Anomaly [130.79040901723405, 134.1836198524304, 152.96600825714427]: Exclusive | The Relentless Crypto Billionaire Who Moved to Venezuela in Pursuit of Oil - WSJ
2026-09-12 08:44:06,516 - WARNING - OSINT Context for Anomaly [130.79040901723405, 134.1836198524304, 152.96600825714427]: Reform receives record £36m donation from crypto billionaire - BBC
2026-09-12 08:44:14,548 - INFO - Processed 20 ticks | Anomalies: 4
2026-09-12 08:44:14,657 - WARNING - OSINT Context for Anomaly [152.24317396097612, 130.79040901723405, 134.1836198524304, 152.96600825714427]: Hidden crypto farm in Mexican mountains puts spotlight on cartel funding - Reuters
2026-09-12 08:44:14,657 - WARNING - OSINT Context for Anomaly [152.24317396097612, 130.79040901723405, 134.1836198524304, 152.96600825714427]: Exclusive | The Relentless Crypto Billionaire Who Moved to Venezuela in Pursuit of Oil - WSJ
2026-09-12 08:44:14,657 - WARNING - OSINT Context for Anomaly [152.24317396097612, 130.79040901723405, 134.1836198524304, 152.96600825714427]: Reform receives record £36m donation from crypto billionaire - BBC
2026-09-12 08:44:22,686 - INFO - Processed 20 ticks | Anomalies: 4
2026-09-12 08:44:22,775 - WARNING - OSINT Context for Anomaly [147.36393000248938, 152.24317396097612, 130.79040901723405, 134.1836198524304]: Hidden crypto farm in Mexican mountains puts spotlight on cartel funding - Reuters
2026-09-12 08:44:22,775 - WARNING - OSINT Context for Anomaly [147.36393000248938, 152.24317396097612, 130.79040901723405, 134.1836198524304]: Exclusive | The Relentless Crypto Billionaire Who Moved to Venezuela in Pursuit of Oil - WSJ
2026-09-12 08:44:22,775 - WARNING - OSINT Context for Anomaly [147.36393000248938, 152.24317396097612, 130.79040901723405, 134.1836198524304]: Reform receives record £36m donation from crypto billionaire - BBC
2026-09-12 08:44:30,807 - INFO - Processed 20 ticks | Anomalies: 4
2026-09-12 08:44:30,918 - WARNING - OSINT Context for Anomaly [147.36393000248938, 152.24317396097612, 130.79040901723405, 134.1836198524304]: Hidden crypto farm in Mexican mountains puts spotlight on cartel funding - Reuters
2026-09-12 08:44:30,919 - WARNING - OSINT Context for Anomaly [147.36393000248938, 152.24317396097612, 130.79040901723405, 134.1836198524304]: Exclusive | The Relentless Crypto Billionaire Who Moved to Venezuela in Pursuit of Oil - WSJ
2026-09-12 08:44:30,919 - WARNING - OSINT Context for Anomaly [147.36393000248938, 152.24317396097612, 130.79040901723405, 134.1836198524304]: Reform receives record £36m donation from crypto billionaire - BBC
2026-09-12 08:44:38,950 - INFO - Processed 20 ticks | Anomalies: 4
2026-09-12 08:44:39,039 - WARNING - OSINT Context for Anomaly [147.36393000248938, 152.24317396097612, 130.79040901723405, 134.1836198524304]: Hidden crypto farm in Mexican mountains puts spotlight on cartel funding - Reuters
2026-09-12 08:44:39,039 - WARNING - OSINT Context for Anomaly [147.36393000248938, 152.24317396097612, 130.79040901723405, 134.1836198524304]: Exclusive | The Relentless Crypto Billionaire Who Moved to Venezuela in Pursuit of Oil - WSJ
2026-09-12 08:44:39,039 - WARNING - OSINT Context for Anomaly [147.36393000248938, 152.24317396097612, 130.79040901723405, 134.1836198524304]: Reform receives record £36m donation from crypto billionaire - BBC
2026-09-12 08:44:47,068 - INFO - Processed 20 ticks | Anomalies: 4
2026-09-12 08:44:47,163 - WARNING - OSINT Context for Anomaly [147.36393000248938, 152.24317396097612, 130.79040901723405, 134.1836198524304]: Hidden crypto farm in Mexican mountains puts spotlight on cartel funding - Reuters
2026-09-12 08:44:47,164 - WARNING - OSINT Context for Anomaly [147.36393000248938, 152.24317396097612, 130.79040901723405, 134.1836198524304]: Exclusive | The Relentless Crypto Billionaire Who Moved to Venezuela in Pursuit of Oil - WSJ
2026-09-12 08:44:47,164 - WARNING - OSINT Context for Anomaly [147.36393000248938, 152.24317396097612, 130.79040901723405, 134.1836198524304]: Reform receives record £36m donation from crypto billionaire - BBC
2026-09-12 08:44:55,198 - INFO - Processed 20 ticks | Anomalies: 4
2026-09-12 08:44:55,299 - WARNING - OSINT Context for Anomaly [147.36393000248938, 152.24317396097612, 130.79040901723405, 134.1836198524304]: Hidden crypto farm in Mexican mountains puts spotlight on cartel funding - Reuters
2026-09-12 08:44:55,299 - WARNING - OSINT Context for Anomaly [147.36393000248938, 152.24317396097612, 130.79040901723405, 134.1836198524304]: Exclusive | The Relentless Crypto Billionaire Who Moved to Venezuela in Pursuit of Oil - WSJ
2026-09-12 08:44:55,300 - WARNING - OSINT Context for Anomaly [147.36393000248938, 152.24317396097612, 130.79040901723405, 134.1836198524304]: Reform receives record £36m donation from crypto billionaire - BBC
2026-09-12 08:45:03,338 - INFO - Processed 20 ticks | Anomalies: 5
2026-09-12 08:45:03,449 - WARNING - OSINT Context for Anomaly [155.39218492436015, 147.36393000248938, 152.24317396097612, 130.79040901723405, 134.1836198524304]: Hidden crypto farm in Mexican mountains puts spotlight on cartel funding - Reuters
2026-09-12 08:45:03,449 - WARNING - OSINT Context for Anomaly [155.39218492436015, 147.36393000248938, 152.24317396097612, 130.79040901723405, 134.1836198524304]: Exclusive | The Relentless Crypto Billionaire Who Moved to Venezuela in Pursuit of Oil - WSJ
2026-09-12 08:45:03,449 - WARNING - OSINT Context for Anomaly [155.39218492436015, 147.36393000248938, 152.24317396097612, 130.79040901723405, 134.1836198524304]: Reform receives record £36m donation from crypto billionaire - BBC
2026-09-12 08:45:11,482 - INFO - Processed 20 ticks | Anomalies: 5
2026-09-12 08:45:11,574 - WARNING - OSINT Context for Anomaly [155.39218492436015, 147.36393000248938, 152.24317396097612, 130.79040901723405, 134.1836198524304]: Hidden crypto farm in Mexican mountains puts spotlight on cartel funding - Reuters
2026-09-12 08:45:11,575 - WARNING - OSINT Context for Anomaly [155.39218492436015, 147.36393000248938, 152.24317396097612, 130.79040901723405, 134.1836198524304]: Exclusive | The Relentless Crypto Billionaire Who Moved to Venezuela in Pursuit of Oil - WSJ
2026-09-12 08:45:11,575 - WARNING - OSINT Context for Anomaly [155.39218492436015, 147.36393000248938, 152.24317396097612, 130.79040901723405, 134.1836198524304]: Reform receives record £36m donation from crypto billionaire - BBC
2026-09-12 08:45:19,603 - INFO - Processed 20 ticks | Anomalies: 5
2026-09-12 08:45:19,701 - WARNING - OSINT Context for Anomaly [155.39218492436015, 147.36393000248938, 152.24317396097612, 130.79040901723405, 134.1836198524304]: Hidden crypto farm in Mexican mountains puts spotlight on cartel funding - Reuters
2026-09-12 08:45:19,701 - WARNING - OSINT Context for Anomaly [155.39218492436015, 147.36393000248938, 152.24317396097612, 130.79040901723405, 134.1836198524304]: Exclusive | The Relentless Crypto Billionaire Who Moved to Venezuela in Pursuit of Oil - WSJ
2026-09-12 08:45:19,701 - WARNING - OSINT Context for Anomaly [155.39218492436015, 147.36393000248938, 152.24317396097612, 130.79040901723405, 134.1836198524304]: Reform receives record £36m donation from crypto billionaire - BBC
2026-09-12 08:45:27,736 - INFO - Processed 20 ticks | Anomalies: 6
2026-09-12 08:45:27,825 - WARNING - OSINT Context for Anomaly [158.98362266014567, 155.39218492436015, 147.36393000248938, 152.24317396097612, 130.79040901723405, 134.1836198524304]: Hidden crypto farm in Mexican mountains puts spotlight on cartel funding - Reuters
2026-09-12 08:45:27,826 - WARNING - OSINT Context for Anomaly [158.98362266014567, 155.39218492436015, 147.36393000248938, 152.24317396097612, 130.79040901723405, 134.1836198524304]: Exclusive | The Relentless Crypto Billionaire Who Moved to Venezuela in Pursuit of Oil - WSJ
2026-09-12 08:45:27,826 - WARNING - OSINT Context for Anomaly [158.98362266014567, 155.39218492436015, 147.36393000248938, 152.24317396097612, 130.79040901723405, 134.1836198524304]: Reform receives record £36m donation from crypto billionaire - BBC
2026-09-12 08:45:35,859 - INFO - Processed 20 ticks | Anomalies: 6
2026-09-12 08:45:35,951 - WARNING - OSINT Context for Anomaly [158.98362266014567, 155.39218492436015, 147.36393000248938, 152.24317396097612, 130.79040901723405, 134.1836198524304]: Hidden crypto farm in Mexican mountains puts spotlight on cartel funding - Reuters
2026-09-12 08:45:35,952 - WARNING - OSINT Context for Anomaly [158.98362266014567, 155.39218492436015, 147.36393000248938, 152.24317396097612, 130.79040901723405, 134.1836198524304]: Exclusive | The Relentless Crypto Billionaire Who Moved to Venezuela in Pursuit of Oil - WSJ
2026-09-12 08:45:35,952 - WARNING - OSINT Context for Anomaly [158.98362266014567, 155.39218492436015, 147.36393000248938, 152.24317396097612, 130.79040901723405, 134.1836198524304]: Reform receives record £36m donation from crypto billionaire - BBC
2026-09-12 08:45:43,987 - INFO - Processed 20 ticks | Anomalies: 6
2026-09-12 08:45:44,082 - WARNING - OSINT Context for Anomaly [158.98362266014567, 155.39218492436015, 147.36393000248938, 152.24317396097612, 130.79040901723405, 134.1836198524304]: Hidden crypto farm in Mexican mountains puts spotlight on cartel funding - Reuters
2026-09-12 08:45:44,083 - WARNING - OSINT Context for Anomaly [158.98362266014567, 155.39218492436015, 147.36393000248938, 152.24317396097612, 130.79040901723405, 134.1836198524304]: Exclusive | The Relentless Crypto Billionaire Who Moved to Venezuela in Pursuit of Oil - WSJ
2026-09-12 08:45:44,083 - WARNING - OSINT Context for Anomaly [158.98362266014567, 155.39218492436015, 147.36393000248938, 152.24317396097612, 130.79040901723405, 134.1836198524304]: Reform receives record £36m donation from crypto billionaire - BBC
2026-09-12 08:45:52,110 - INFO - Processed 20 ticks | Anomalies: 5
2026-09-12 08:45:52,202 - WARNING - OSINT Context for Anomaly [158.98362266014567, 155.39218492436015, 147.36393000248938, 152.24317396097612, 130.79040901723405]: Hidden crypto farm in Mexican mountains puts spotlight on cartel funding - Reuters
2026-09-12 08:45:52,203 - WARNING - OSINT Context for Anomaly [158.98362266014567, 155.39218492436015, 147.36393000248938, 152.24317396097612, 130.79040901723405]: Exclusive | The Relentless Crypto Billionaire Who Moved to Venezuela in Pursuit of Oil - WSJ
2026-09-12 08:45:52,203 - WARNING - OSINT Context for Anomaly [158.98362266014567, 155.39218492436015, 147.36393000248938, 152.24317396097612, 130.79040901723405]: Reform receives record £36m donation from crypto billionaire - BBC
2026-09-12 08:46:00,231 - INFO - Processed 20 ticks | Anomalies: 5
2026-09-12 08:46:00,331 - WARNING - OSINT Context for Anomaly [158.98362266014567, 155.39218492436015, 147.36393000248938, 152.24317396097612, 130.79040901723405]: Hidden crypto farm in Mexican mountains puts spotlight on cartel funding - Reuters
2026-09-12 08:46:00,331 - WARNING - OSINT Context for Anomaly [158.98362266014567, 155.39218492436015, 147.36393000248938, 152.24317396097612, 130.79040901723405]: Exclusive | The Relentless Crypto Billionaire Who Moved to Venezuela in Pursuit of Oil - WSJ
2026-09-12 08:46:00,332 - WARNING - OSINT Context for Anomaly [158.98362266014567, 155.39218492436015, 147.36393000248938, 152.24317396097612, 130.79040901723405]: Reform receives record £36m donation from crypto billionaire - BBC
2026-09-12 08:46:08,361 - INFO - Processed 20 ticks | Anomalies: 5
2026-09-12 08:46:08,789 - WARNING - OSINT Context for Anomaly [158.98362266014567, 155.39218492436015, 147.36393000248938, 152.24317396097612, 130.79040901723405]: Hidden crypto farm in Mexican mountains puts spotlight on cartel funding - Reuters
2026-09-12 08:46:08,789 - WARNING - OSINT Context for Anomaly [158.98362266014567, 155.39218492436015, 147.36393000248938, 152.24317396097612, 130.79040901723405]: Exclusive | The Relentless Crypto Billionaire Who Moved to Venezuela in Pursuit of Oil - WSJ
2026-09-12 08:46:08,789 - WARNING - OSINT Context for Anomaly [158.98362266014567, 155.39218492436015, 147.36393000248938, 152.24317396097612, 130.79040901723405]: Reform receives record £36m donation from crypto billionaire - BBC
2026-09-12 08:46:16,818 - INFO - Processed 20 ticks | Anomalies: 5
2026-09-12 08:46:16,922 - WARNING - OSINT Context for Anomaly [158.98362266014567, 155.39218492436015, 147.36393000248938, 152.24317396097612, 130.79040901723405]: Hidden crypto farm in Mexican mountains puts spotlight on cartel funding - Reuters
2026-09-12 08:46:16,922 - WARNING - OSINT Context for Anomaly [158.98362266014567, 155.39218492436015, 147.36393000248938, 152.24317396097612, 130.79040901723405]: Exclusive | The Relentless Crypto Billionaire Who Moved to Venezuela in Pursuit of Oil - WSJ
2026-09-12 08:46:16,922 - WARNING - OSINT Context for Anomaly [158.98362266014567, 155.39218492436015, 147.36393000248938, 152.24317396097612, 130.79040901723405]: Reform receives record £36m donation from crypto billionaire - BBC
2026-09-12 08:46:24,951 - INFO - Processed 20 ticks | Anomalies: 5
2026-09-12 08:46:25,054 - WARNING - OSINT Context for Anomaly [158.98362266014567, 155.39218492436015, 147.36393000248938, 152.24317396097612, 130.79040901723405]: Hidden crypto farm in Mexican mountains puts spotlight on cartel funding - Reuters
2026-09-12 08:46:25,054 - WARNING - OSINT Context for Anomaly [158.98362266014567, 155.39218492436015, 147.36393000248938, 152.24317396097612, 130.79040901723405]: Exclusive | The Relentless Crypto Billionaire Who Moved to Venezuela in Pursuit of Oil - WSJ
2026-09-12 08:46:25,055 - WARNING - OSINT Context for Anomaly [158.98362266014567, 155.39218492436015, 147.36393000248938, 152.24317396097612, 130.79040901723405]: Reform receives record £36m donation from crypto billionaire - BBC
2026-09-12 08:46:33,084 - INFO - Processed 20 ticks | Anomalies: 5
2026-09-12 08:46:33,176 - WARNING - OSINT Context for Anomaly [158.98362266014567, 155.39218492436015, 147.36393000248938, 152.24317396097612, 130.79040901723405]: Hidden crypto farm in Mexican mountains puts spotlight on cartel funding - Reuters
2026-09-12 08:46:33,177 - WARNING - OSINT Context for Anomaly [158.98362266014567, 155.39218492436015, 147.36393000248938, 152.24317396097612, 130.79040901723405]: Exclusive | The Relentless Crypto Billionaire Who Moved to Venezuela in Pursuit of Oil - WSJ
2026-09-12 08:46:33,177 - WARNING - OSINT Context for Anomaly [158.98362266014567, 155.39218492436015, 147.36393000248938, 152.24317396097612, 130.79040901723405]: Reform receives record £36m donation from crypto billionaire - BBC
2026-09-12 08:46:41,209 - INFO - Processed 20 ticks | Anomalies: 4
2026-09-12 08:46:41,319 - WARNING - OSINT Context for Anomaly [158.98362266014567, 155.39218492436015, 147.36393000248938, 152.24317396097612]: Hidden crypto farm in Mexican mountains puts spotlight on cartel funding - Reuters
2026-09-12 08:46:41,319 - WARNING - OSINT Context for Anomaly [158.98362266014567, 155.39218492436015, 147.36393000248938, 152.24317396097612]: Exclusive | The Relentless Crypto Billionaire Who Moved to Venezuela in Pursuit of Oil - WSJ
2026-09-12 08:46:41,319 - WARNING - OSINT Context for Anomaly [158.98362266014567, 155.39218492436015, 147.36393000248938, 152.24317396097612]: Reform receives record £36m donation from crypto billionaire - BBC
2026-09-12 08:46:49,356 - INFO - Processed 20 ticks | Anomalies: 4
2026-09-12 08:46:49,451 - WARNING - OSINT Context for Anomaly [158.98362266014567, 155.39218492436015, 147.36393000248938, 152.24317396097612]: Hidden crypto farm in Mexican mountains puts spotlight on cartel funding - Reuters
2026-09-12 08:46:49,451 - WARNING - OSINT Context for Anomaly [158.98362266014567, 155.39218492436015, 147.36393000248938, 152.24317396097612]: Exclusive | The Relentless Crypto Billionaire Who Moved to Venezuela in Pursuit of Oil - WSJ
2026-09-12 08:46:49,451 - WARNING - OSINT Context for Anomaly [158.98362266014567, 155.39218492436015, 147.36393000248938, 152.24317396097612]: Reform receives record £36m donation from crypto billionaire - BBC
2026-09-12 08:46:57,480 - INFO - Processed 20 ticks | Anomalies: 4
2026-09-12 08:46:57,572 - WARNING - OSINT Context for Anomaly [127.22072429554692, 158.98362266014567, 155.39218492436015, 147.36393000248938]: Hidden crypto farm in Mexican mountains puts spotlight on cartel funding - Reuters
2026-09-12 08:46:57,572 - WARNING - OSINT Context for Anomaly [127.22072429554692, 158.98362266014567, 155.39218492436015, 147.36393000248938]: Exclusive | The Relentless Crypto Billionaire Who Moved to Venezuela in Pursuit of Oil - WSJ
2026-09-12 08:46:57,572 - WARNING - OSINT Context for Anomaly [127.22072429554692, 158.98362266014567, 155.39218492436015, 147.36393000248938]: Reform receives record £36m donation from crypto billionaire - BBC
2026-09-12 08:47:05,602 - INFO - Processed 20 ticks | Anomalies: 3
2026-09-12 08:47:05,696 - WARNING - OSINT Context for Anomaly [127.22072429554692, 158.98362266014567, 155.39218492436015]: Hidden crypto farm in Mexican mountains puts spotlight on cartel funding - Reuters
2026-09-12 08:47:05,697 - WARNING - OSINT Context for Anomaly [127.22072429554692, 158.98362266014567, 155.39218492436015]: Exclusive | The Relentless Crypto Billionaire Who Moved to Venezuela in Pursuit of Oil - WSJ
2026-09-12 08:47:05,697 - WARNING - OSINT Context for Anomaly [127.22072429554692, 158.98362266014567, 155.39218492436015]: Reform receives record £36m donation from crypto billionaire - BBC
2026-09-12 08:47:13,727 - INFO - Processed 20 ticks | Anomalies: 3
2026-09-12 08:47:13,828 - WARNING - OSINT Context for Anomaly [127.22072429554692, 158.98362266014567, 155.39218492436015]: Hidden crypto farm in Mexican mountains puts spotlight on cartel funding - Reuters
2026-09-12 08:47:13,828 - WARNING - OSINT Context for Anomaly [127.22072429554692, 158.98362266014567, 155.39218492436015]: Exclusive | The Relentless Crypto Billionaire Who Moved to Venezuela in Pursuit of Oil - WSJ
2026-09-12 08:47:13,828 - WARNING - OSINT Context for Anomaly [127.22072429554692, 158.98362266014567, 155.39218492436015]: Reform receives record £36m donation from crypto billionaire - BBC
2026-09-12 08:47:21,858 - INFO - Processed 20 ticks | Anomalies: 3
2026-09-12 08:47:21,942 - WARNING - OSINT Context for Anomaly [127.22072429554692, 158.98362266014567, 155.39218492436015]: Hidden crypto farm in Mexican mountains puts spotlight on cartel funding - Reuters
2026-09-12 08:47:21,942 - WARNING - OSINT Context for Anomaly [127.22072429554692, 158.98362266014567, 155.39218492436015]: Exclusive | The Relentless Crypto Billionaire Who Moved to Venezuela in Pursuit of Oil - WSJ
2026-09-12 08:47:21,942 - WARNING - OSINT Context for Anomaly [127.22072429554692, 158.98362266014567, 155.39218492436015]: Reform receives record £36m donation from crypto billionaire - BBC
2026-09-12 08:47:29,975 - INFO - Processed 20 ticks | Anomalies: 3
2026-09-12 08:47:30,067 - WARNING - OSINT Context for Anomaly [127.22072429554692, 158.98362266014567, 155.39218492436015]: Hidden crypto farm in Mexican mountains puts spotlight on cartel funding - Reuters
2026-09-12 08:47:30,067 - WARNING - OSINT Context for Anomaly [127.22072429554692, 158.98362266014567, 155.39218492436015]: Exclusive | The Relentless Crypto Billionaire Who Moved to Venezuela in Pursuit of Oil - WSJ
2026-09-12 08:47:30,067 - WARNING - OSINT Context for Anomaly [127.22072429554692, 158.98362266014567, 155.39218492436015]: Reform receives record £36m donation from crypto billionaire - BBC
2026-09-12 08:47:38,096 - INFO - Processed 20 ticks | Anomalies: 3
2026-09-12 08:47:38,193 - WARNING - OSINT Context for Anomaly [127.22072429554692, 158.98362266014567, 155.39218492436015]: Hidden crypto farm in Mexican mountains puts spotlight on cartel funding - Reuters
2026-09-12 08:47:38,193 - WARNING - OSINT Context for Anomaly [127.22072429554692, 158.98362266014567, 155.39218492436015]: Exclusive | The Relentless Crypto Billionaire Who Moved to Venezuela in Pursuit of Oil - WSJ
2026-09-12 08:47:38,193 - WARNING - OSINT Context for Anomaly [127.22072429554692, 158.98362266014567, 155.39218492436015]: Reform receives record £36m donation from crypto billionaire - BBC
2026-09-12 08:47:46,224 - INFO - Processed 20 ticks | Anomalies: 2
2026-09-12 08:47:46,325 - WARNING - OSINT Context for Anomaly [127.22072429554692, 158.98362266014567]: Hidden crypto farm in Mexican mountains puts spotlight on cartel funding - Reuters
2026-09-12 08:47:46,325 - WARNING - OSINT Context for Anomaly [127.22072429554692, 158.98362266014567]: Exclusive | The Relentless Crypto Billionaire Who Moved to Venezuela in Pursuit of Oil - WSJ
2026-09-12 08:47:46,325 - WARNING - OSINT Context for Anomaly [127.22072429554692, 158.98362266014567]: Reform receives record £36m donation from crypto billionaire - BBC
2026-09-12 08:47:54,359 - INFO - Processed 20 ticks | Anomalies: 2
2026-09-12 08:47:54,453 - WARNING - OSINT Context for Anomaly [127.22072429554692, 158.98362266014567]: Hidden crypto farm in Mexican mountains puts spotlight on cartel funding - Reuters
2026-09-12 08:47:54,454 - WARNING - OSINT Context for Anomaly [127.22072429554692, 158.98362266014567]: Exclusive | The Relentless Crypto Billionaire Who Moved to Venezuela in Pursuit of Oil - WSJ
2026-09-12 08:47:54,454 - WARNING - OSINT Context for Anomaly [127.22072429554692, 158.98362266014567]: Reform receives record £36m donation from crypto billionaire - BBC
2026-09-12 08:48:02,484 - INFO - Processed 20 ticks | Anomalies: 2
2026-09-12 08:48:02,578 - WARNING - OSINT Context for Anomaly [127.22072429554692, 158.98362266014567]: Hidden crypto farm in Mexican mountains puts spotlight on cartel funding - Reuters
2026-09-12 08:48:02,579 - WARNING - OSINT Context for Anomaly [127.22072429554692, 158.98362266014567]: Exclusive | The Relentless Crypto Billionaire Who Moved to Venezuela in Pursuit of Oil - WSJ
2026-09-12 08:48:02,579 - WARNING - OSINT Context for Anomaly [127.22072429554692, 158.98362266014567]: Reform receives record £36m donation from crypto billionaire - BBC
2026-09-12 08:48:10,608 - INFO - Processed 20 ticks | Anomalies: 1
2026-09-12 08:48:11,124 - WARNING - OSINT Context for Anomaly [127.22072429554692]: Hidden crypto farm in Mexican mountains puts spotlight on cartel funding - Reuters
2026-09-12 08:48:11,124 - WARNING - OSINT Context for Anomaly [127.22072429554692]: Exclusive | The Relentless Crypto Billionaire Who Moved to Venezuela in Pursuit of Oil - WSJ
2026-09-12 08:48:11,124 - WARNING - OSINT Context for Anomaly [127.22072429554692]: Reform receives record £36m donation from crypto billionaire - BBC
2026-09-12 08:48:19,155 - INFO - Processed 20 ticks | Anomalies: 1
2026-09-12 08:48:19,246 - WARNING - OSINT Context for Anomaly [127.22072429554692]: Hidden crypto farm in Mexican mountains puts spotlight on cartel funding - Reuters
2026-09-12 08:48:19,247 - WARNING - OSINT Context for Anomaly [127.22072429554692]: Exclusive | The Relentless Crypto Billionaire Who Moved to Venezuela in Pursuit of Oil - WSJ
2026-09-12 08:48:19,247 - WARNING - OSINT Context for Anomaly [127.22072429554692]: Reform receives record £36m donation from crypto billionaire - BBC
2026-09-12 08:48:27,278 - INFO - Processed 20 ticks | Anomalies: 1
2026-09-12 08:48:27,389 - WARNING - OSINT Context for Anomaly [127.22072429554692]: Hidden crypto farm in Mexican mountains puts spotlight on cartel funding - Reuters
2026-09-12 08:48:27,390 - WARNING - OSINT Context for Anomaly [127.22072429554692]: Exclusive | The Relentless Crypto Billionaire Who Moved to Venezuela in Pursuit of Oil - WSJ
2026-09-12 08:48:27,390 - WARNING - OSINT Context for Anomaly [127.22072429554692]: Reform receives record £36m donation from crypto billionaire - BBC
2026-09-12 08:48:35,419 - INFO - Processed 20 ticks | Anomalies: 1
2026-09-12 08:48:35,514 - WARNING - OSINT Context for Anomaly [127.22072429554692]: Hidden crypto farm in Mexican mountains puts spotlight on cartel funding - Reuters
2026-09-12 08:48:35,514 - WARNING - OSINT Context for Anomaly [127.22072429554692]: Exclusive | The Relentless Crypto Billionaire Who Moved to Venezuela in Pursuit of Oil - WSJ
2026-09-12 08:48:35,515 - WARNING - OSINT Context for Anomaly [127.22072429554692]: Reform receives record £36m donation from crypto billionaire - BBC
2026-09-12 08:48:43,549 - INFO - Processed 20 ticks | Anomalies: 1
2026-09-12 08:48:43,637 - WARNING - OSINT Context for Anomaly [127.22072429554692]: Hidden crypto farm in Mexican mountains puts spotlight on cartel funding - Reuters
2026-09-12 08:48:43,637 - WARNING - OSINT Context for Anomaly [127.22072429554692]: Exclusive | The Relentless Crypto Billionaire Who Moved to Venezuela in Pursuit of Oil - WSJ
2026-09-12 08:48:43,638 - WARNING - OSINT Context for Anomaly [127.22072429554692]: Reform receives record £36m donation from crypto billionaire - BBC
2026-09-12 08:48:51,667 - INFO - Processed 20 ticks | Anomalies: 1
2026-09-12 08:48:51,781 - WARNING - OSINT Context for Anomaly [127.22072429554692]: Hidden crypto farm in Mexican mountains puts spotlight on cartel funding - Reuters
2026-09-12 08:48:51,782 - WARNING - OSINT Context for Anomaly [127.22072429554692]: Exclusive | The Relentless Crypto Billionaire Who Moved to Venezuela in Pursuit of Oil - WSJ
2026-09-12 08:48:51,782 - WARNING - OSINT Context for Anomaly [127.22072429554692]: Reform receives record £36m donation from crypto billionaire - BBC
2026-09-12 08:48:59,813 - INFO - Processed 20 ticks | Anomalies: 1
2026-09-12 08:48:59,905 - WARNING - OSINT Context for Anomaly [127.22072429554692]: Hidden crypto farm in Mexican mountains puts spotlight on cartel funding - Reuters
2026-09-12 08:48:59,906 - WARNING - OSINT Context for Anomaly [127.22072429554692]: Exclusive | The Relentless Crypto Billionaire Who Moved to Venezuela in Pursuit of Oil - WSJ
2026-09-12 08:48:59,906 - WARNING - OSINT Context for Anomaly [127.22072429554692]: Reform receives record £36m donation from crypto billionaire - BBC
2026-09-12 08:49:07,941 - INFO - Processed 20 ticks | Anomalies: 1
2026-09-12 08:49:08,037 - WARNING - OSINT Context for Anomaly [127.22072429554692]: Hidden crypto farm in Mexican mountains puts spotlight on cartel funding - Reuters
2026-09-12 08:49:08,037 - WARNING - OSINT Context for Anomaly [127.22072429554692]: Exclusive | The Relentless Crypto Billionaire Who Moved to Venezuela in Pursuit of Oil - WSJ
2026-09-12 08:49:08,038 - WARNING - OSINT Context for Anomaly [127.22072429554692]: Reform receives record £36m donation from crypto billionaire - BBC
2026-09-12 08:49:16,067 - INFO - Processed 20 ticks | Anomalies: 1
2026-09-12 08:49:16,157 - WARNING - OSINT Context for Anomaly [127.22072429554692]: Hidden crypto farm in Mexican mountains puts spotlight on cartel funding - Reuters
2026-09-12 08:49:16,158 - WARNING - OSINT Context for Anomaly [127.22072429554692]: Exclusive | The Relentless Crypto Billionaire Who Moved to Venezuela in Pursuit of Oil - WSJ
2026-09-12 08:49:16,158 - WARNING - OSINT Context for Anomaly [127.22072429554692]: Reform receives record £36m donation from crypto billionaire - BBC
2026-09-12 08:49:24,188 - INFO - Processed 20 ticks | Anomalies: 1
2026-09-12 08:49:24,280 - WARNING - OSINT Context for Anomaly [127.22072429554692]: Hidden crypto farm in Mexican mountains puts spotlight on cartel funding - Reuters
2026-09-12 08:49:24,281 - WARNING - OSINT Context for Anomaly [127.22072429554692]: Exclusive | The Relentless Crypto Billionaire Who Moved to Venezuela in Pursuit of Oil - WSJ
2026-09-12 08:49:24,282 - WARNING - OSINT Context for Anomaly [127.22072429554692]: Reform receives record £36m donation from crypto billionaire - BBC
2026-09-12 08:49:32,311 - INFO - Processed 20 ticks | Anomalies: 1
2026-09-12 08:49:32,406 - WARNING - OSINT Context for Anomaly [127.22072429554692]: Hidden crypto farm in Mexican mountains puts spotlight on cartel funding - Reuters
2026-09-12 08:49:32,406 - WARNING - OSINT Context for Anomaly [127.22072429554692]: Exclusive | The Relentless Crypto Billionaire Who Moved to Venezuela in Pursuit of Oil - WSJ
2026-09-12 08:49:32,406 - WARNING - OSINT Context for Anomaly [127.22072429554692]: Reform receives record £36m donation from crypto billionaire - BBC
2026-09-12 08:49:40,438 - INFO - Processed 20 ticks | Anomalies: 0
2026-09-12 08:49:48,471 - INFO - Processed 20 ticks | Anomalies: 0
2026-09-12 08:49:56,505 - INFO - Processed 20 ticks | Anomalies: 1
2026-09-12 08:49:56,599 - WARNING - OSINT Context for Anomaly [152.1889206516066]: Hidden crypto farm in Mexican mountains puts spotlight on cartel funding - Reuters
2026-09-12 08:49:56,599 - WARNING - OSINT Context for Anomaly [152.1889206516066]: Exclusive | The Relentless Crypto Billionaire Who Moved to Venezuela in Pursuit of Oil - WSJ
2026-09-12 08:49:56,600 - WARNING - OSINT Context for Anomaly [152.1889206516066]: Reform receives record £36m donation from crypto billionaire - BBC
2026-09-12 08:50:04,629 - INFO - Processed 20 ticks | Anomalies: 1
2026-09-12 08:50:04,731 - WARNING - OSINT Context for Anomaly [152.1889206516066]: Hidden crypto farm in Mexican mountains puts spotlight on cartel funding - Reuters
2026-09-12 08:50:04,732 - WARNING - OSINT Context for Anomaly [152.1889206516066]: Exclusive | The Relentless Crypto Billionaire Who Moved to Venezuela in Pursuit of Oil - WSJ
2026-09-12 08:50:04,732 - WARNING - OSINT Context for Anomaly [152.1889206516066]: Reform receives record £36m donation from crypto billionaire - BBC
2026-09-12 08:50:12,761 - INFO - Processed 20 ticks | Anomalies: 1
2026-09-12 08:50:13,234 - WARNING - OSINT Context for Anomaly [152.1889206516066]: Hidden crypto farm in Mexican mountains puts spotlight on cartel funding - Reuters
2026-09-12 08:50:13,235 - WARNING - OSINT Context for Anomaly [152.1889206516066]: Exclusive | The Relentless Crypto Billionaire Who Moved to Venezuela in Pursuit of Oil - WSJ
2026-09-12 08:50:13,235 - WARNING - OSINT Context for Anomaly [152.1889206516066]: Reform receives record £36m donation from crypto billionaire - BBC
2026-09-12 08:50:21,267 - INFO - Processed 20 ticks | Anomalies: 1
2026-09-12 08:50:21,360 - WARNING - OSINT Context for Anomaly [152.1889206516066]: Hidden crypto farm in Mexican mountains puts spotlight on cartel funding - Reuters
2026-09-12 08:50:21,361 - WARNING - OSINT Context for Anomaly [152.1889206516066]: Exclusive | The Relentless Crypto Billionaire Who Moved to Venezuela in Pursuit of Oil - WSJ
2026-09-12 08:50:21,361 - WARNING - OSINT Context for Anomaly [152.1889206516066]: Reform receives record £36m donation from crypto billionaire - BBC
2026-09-12 08:50:29,391 - INFO - Processed 20 ticks | Anomalies: 1
2026-09-12 08:50:29,486 - WARNING - OSINT Context for Anomaly [152.1889206516066]: Hidden crypto farm in Mexican mountains puts spotlight on cartel funding - Reuters
2026-09-12 08:50:29,486 - WARNING - OSINT Context for Anomaly [152.1889206516066]: Exclusive | The Relentless Crypto Billionaire Who Moved to Venezuela in Pursuit of Oil - WSJ
2026-09-12 08:50:29,487 - WARNING - OSINT Context for Anomaly [152.1889206516066]: Reform receives record £36m donation from crypto billionaire - BBC
2026-09-12 08:50:37,517 - INFO - Processed 20 ticks | Anomalies: 1
2026-09-12 08:50:37,612 - WARNING - OSINT Context for Anomaly [152.1889206516066]: Hidden crypto farm in Mexican mountains puts spotlight on cartel funding - Reuters
2026-09-12 08:50:37,613 - WARNING - OSINT Context for Anomaly [152.1889206516066]: Exclusive | The Relentless Crypto Billionaire Who Moved to Venezuela in Pursuit of Oil - WSJ
2026-09-12 08:50:37,613 - WARNING - OSINT Context for Anomaly [152.1889206516066]: Reform receives record £36m donation from crypto billionaire - BBC
2026-09-12 08:50:45,644 - INFO - Processed 20 ticks | Anomalies: 2
2026-09-12 08:50:45,743 - WARNING - OSINT Context for Anomaly [100.42881826676663, 152.1889206516066]: Hidden crypto farm in Mexican mountains puts spotlight on cartel funding - Reuters
2026-09-12 08:50:45,744 - WARNING - OSINT Context for Anomaly [100.42881826676663, 152.1889206516066]: Exclusive | The Relentless Crypto Billionaire Who Moved to Venezuela in Pursuit of Oil - WSJ
2026-09-12 08:50:45,744 - WARNING - OSINT Context for Anomaly [100.42881826676663, 152.1889206516066]: Reform receives record £36m donation from crypto billionaire - BBC
2026-09-12 08:50:53,776 - INFO - Processed 20 ticks | Anomalies: 2
2026-09-12 08:50:53,870 - WARNING - OSINT Context for Anomaly [100.42881826676663, 152.1889206516066]: Hidden crypto farm in Mexican mountains puts spotlight on cartel funding - Reuters
2026-09-12 08:50:53,871 - WARNING - OSINT Context for Anomaly [100.42881826676663, 152.1889206516066]: Exclusive | The Relentless Crypto Billionaire Who Moved to Venezuela in Pursuit of Oil - WSJ
2026-09-12 08:50:53,871 - WARNING - OSINT Context for Anomaly [100.42881826676663, 152.1889206516066]: Reform receives record £36m donation from crypto billionaire - BBC
2026-09-12 08:51:01,904 - INFO - Processed 20 ticks | Anomalies: 1
2026-09-12 08:51:01,996 - WARNING - OSINT Context for Anomaly [152.1889206516066]: Hidden crypto farm in Mexican mountains puts spotlight on cartel funding - Reuters
2026-09-12 08:51:01,997 - WARNING - OSINT Context for Anomaly [152.1889206516066]: Exclusive | The Relentless Crypto Billionaire Who Moved to Venezuela in Pursuit of Oil - WSJ
2026-09-12 08:51:01,998 - WARNING - OSINT Context for Anomaly [152.1889206516066]: Reform receives record £36m donation from crypto billionaire - BBC
2026-09-12 08:51:10,029 - INFO - Processed 20 ticks | Anomalies: 1
2026-09-12 08:51:10,143 - WARNING - OSINT Context for Anomaly [152.1889206516066]: Hidden crypto farm in Mexican mountains puts spotlight on cartel funding - Reuters
2026-09-12 08:51:10,144 - WARNING - OSINT Context for Anomaly [152.1889206516066]: Exclusive | The Relentless Crypto Billionaire Who Moved to Venezuela in Pursuit of Oil - WSJ
2026-09-12 08:51:10,144 - WARNING - OSINT Context for Anomaly [152.1889206516066]: Reform receives record £36m donation from crypto billionaire - BBC
2026-09-12 08:51:18,174 - INFO - Processed 20 ticks | Anomalies: 1
2026-09-12 08:51:18,269 - WARNING - OSINT Context for Anomaly [152.1889206516066]: Hidden crypto farm in Mexican mountains puts spotlight on cartel funding - Reuters
2026-09-12 08:51:18,269 - WARNING - OSINT Context for Anomaly [152.1889206516066]: Exclusive | The Relentless Crypto Billionaire Who Moved to Venezuela in Pursuit of Oil - WSJ
2026-09-12 08:51:18,270 - WARNING - OSINT Context for Anomaly [152.1889206516066]: Reform receives record £36m donation from crypto billionaire - BBC
2026-09-12 08:51:26,300 - INFO - Processed 20 ticks | Anomalies: 1
2026-09-12 08:51:26,403 - WARNING - OSINT Context for Anomaly [152.1889206516066]: Hidden crypto farm in Mexican mountains puts spotlight on cartel funding - Reuters
2026-09-12 08:51:26,404 - WARNING - OSINT Context for Anomaly [152.1889206516066]: Exclusive | The Relentless Crypto Billionaire Who Moved to Venezuela in Pursuit of Oil - WSJ
2026-09-12 08:51:26,404 - WARNING - OSINT Context for Anomaly [152.1889206516066]: Reform receives record £36m donation from crypto billionaire - BBC
2026-09-12 08:51:34,436 - INFO - Processed 20 ticks | Anomalies: 1
2026-09-12 08:51:34,526 - WARNING - OSINT Context for Anomaly [152.1889206516066]: Hidden crypto farm in Mexican mountains puts spotlight on cartel funding - Reuters
2026-09-12 08:51:34,526 - WARNING - OSINT Context for Anomaly [152.1889206516066]: Exclusive | The Relentless Crypto Billionaire Who Moved to Venezuela in Pursuit of Oil - WSJ
2026-09-12 08:51:34,527 - WARNING - OSINT Context for Anomaly [152.1889206516066]: Reform receives record £36m donation from crypto billionaire - BBC
2026-09-12 08:51:42,555 - INFO - Processed 20 ticks | Anomalies: 1
2026-09-12 08:51:42,653 - WARNING - OSINT Context for Anomaly [152.1889206516066]: Hidden crypto farm in Mexican mountains puts spotlight on cartel funding - Reuters
2026-09-12 08:51:42,653 - WARNING - OSINT Context for Anomaly [152.1889206516066]: Exclusive | The Relentless Crypto Billionaire Who Moved to Venezuela in Pursuit of Oil - WSJ
2026-09-12 08:51:42,654 - WARNING - OSINT Context for Anomaly [152.1889206516066]: Reform receives record £36m donation from crypto billionaire - BBC
2026-09-12 08:51:50,694 - INFO - Processed 20 ticks | Anomalies: 1
2026-09-12 08:51:50,785 - WARNING - OSINT Context for Anomaly [152.1889206516066]: Hidden crypto farm in Mexican mountains puts spotlight on cartel funding - Reuters
2026-09-12 08:51:50,786 - WARNING - OSINT Context for Anomaly [152.1889206516066]: Exclusive | The Relentless Crypto Billionaire Who Moved to Venezuela in Pursuit of Oil - WSJ
2026-09-12 08:51:50,786 - WARNING - OSINT Context for Anomaly [152.1889206516066]: Reform receives record £36m donation from crypto billionaire - BBC
2026-09-12 08:51:58,825 - INFO - Processed 20 ticks | Anomalies: 1
2026-09-12 08:51:58,922 - WARNING - OSINT Context for Anomaly [152.1889206516066]: Hidden crypto farm in Mexican mountains puts spotlight on cartel funding - Reuters
2026-09-12 08:51:58,923 - WARNING - OSINT Context for Anomaly [152.1889206516066]: Exclusive | The Relentless Crypto Billionaire Who Moved to Venezuela in Pursuit of Oil - WSJ
2026-09-12 08:51:58,923 - WARNING - OSINT Context for Anomaly [152.1889206516066]: Reform receives record £36m donation from crypto billionaire - BBC
2026-09-12 08:52:06,954 - INFO - Processed 20 ticks | Anomalies: 1
2026-09-12 08:52:07,052 - WARNING - OSINT Context for Anomaly [152.1889206516066]: Hidden crypto farm in Mexican mountains puts spotlight on cartel funding - Reuters
2026-09-12 08:52:07,053 - WARNING - OSINT Context for Anomaly [152.1889206516066]: Exclusive | The Relentless Crypto Billionaire Who Moved to Venezuela in Pursuit of Oil - WSJ
2026-09-12 08:52:07,053 - WARNING - OSINT Context for Anomaly [152.1889206516066]: Reform receives record £36m donation from crypto billionaire - BBC
2026-09-12 08:52:15,090 - INFO - Processed 20 ticks | Anomalies: 1
2026-09-12 08:52:15,592 - WARNING - OSINT Context for Anomaly [152.1889206516066]: Hidden crypto farm in Mexican mountains puts spotlight on cartel funding - Reuters
2026-09-12 08:52:15,593 - WARNING - OSINT Context for Anomaly [152.1889206516066]: Exclusive | The Relentless Crypto Billionaire Who Moved to Venezuela in Pursuit of Oil - WSJ
2026-09-12 08:52:15,593 - WARNING - OSINT Context for Anomaly [152.1889206516066]: Reform receives record £36m donation from crypto billionaire - BBC
2026-09-12 08:52:23,629 - INFO - Processed 20 ticks | Anomalies: 1
2026-09-12 08:52:23,727 - WARNING - OSINT Context for Anomaly [152.1889206516066]: Hidden crypto farm in Mexican mountains puts spotlight on cartel funding - Reuters
2026-09-12 08:52:23,728 - WARNING - OSINT Context for Anomaly [152.1889206516066]: Exclusive | The Relentless Crypto Billionaire Who Moved to Venezuela in Pursuit of Oil - WSJ
2026-09-12 08:52:23,728 - WARNING - OSINT Context for Anomaly [152.1889206516066]: Reform receives record £36m donation from crypto billionaire - BBC
2026-09-12 08:52:31,757 - INFO - Processed 20 ticks | Anomalies: 1
2026-09-12 08:52:31,869 - WARNING - OSINT Context for Anomaly [152.1889206516066]: Hidden crypto farm in Mexican mountains puts spotlight on cartel funding - Reuters
2026-09-12 08:52:31,870 - WARNING - OSINT Context for Anomaly [152.1889206516066]: Exclusive | The Relentless Crypto Billionaire Who Moved to Venezuela in Pursuit of Oil - WSJ
2026-09-12 08:52:31,870 - WARNING - OSINT Context for Anomaly [152.1889206516066]: Reform receives record £36m donation from crypto billionaire - BBC
2026-09-12 08:52:39,900 - INFO - Processed 20 ticks | Anomalies: 0
2026-09-12 08:52:47,929 - INFO - Processed 20 ticks | Anomalies: 0
2026-09-12 08:52:55,958 - INFO - Processed 20 ticks | Anomalies: 1
2026-09-12 08:52:56,047 - WARNING - OSINT Context for Anomaly [152.98758077920678]: Hidden crypto farm in Mexican mountains puts spotlight on cartel funding - Reuters
2026-09-12 08:52:56,048 - WARNING - OSINT Context for Anomaly [152.98758077920678]: Exclusive | The Relentless Crypto Billionaire Who Moved to Venezuela in Pursuit of Oil - WSJ
2026-09-12 08:52:56,048 - WARNING - OSINT Context for Anomaly [152.98758077920678]: Reform receives record £36m donation from crypto billionaire - BBC
2026-09-12 08:53:04,089 - INFO - Processed 20 ticks | Anomalies: 1
2026-09-12 08:53:04,191 - WARNING - OSINT Context for Anomaly [152.98758077920678]: Hidden crypto farm in Mexican mountains puts spotlight on cartel funding - Reuters
2026-09-12 08:53:04,192 - WARNING - OSINT Context for Anomaly [152.98758077920678]: Exclusive | The Relentless Crypto Billionaire Who Moved to Venezuela in Pursuit of Oil - WSJ
2026-09-12 08:53:04,192 - WARNING - OSINT Context for Anomaly [152.98758077920678]: Reform receives record £36m donation from crypto billionaire - BBC
2026-09-12 08:53:12,223 - INFO - Processed 20 ticks | Anomalies: 1
2026-09-12 08:53:12,311 - WARNING - OSINT Context for Anomaly [152.98758077920678]: Hidden crypto farm in Mexican mountains puts spotlight on cartel funding - Reuters
2026-09-12 08:53:12,312 - WARNING - OSINT Context for Anomaly [152.98758077920678]: Exclusive | The Relentless Crypto Billionaire Who Moved to Venezuela in Pursuit of Oil - WSJ
2026-09-12 08:53:12,312 - WARNING - OSINT Context for Anomaly [152.98758077920678]: Reform receives record £36m donation from crypto billionaire - BBC
2026-09-12 08:53:20,346 - INFO - Processed 20 ticks | Anomalies: 1
2026-09-12 08:53:20,441 - WARNING - OSINT Context for Anomaly [152.98758077920678]: Hidden crypto farm in Mexican mountains puts spotlight on cartel funding - Reuters
2026-09-12 08:53:20,442 - WARNING - OSINT Context for Anomaly [152.98758077920678]: Exclusive | The Relentless Crypto Billionaire Who Moved to Venezuela in Pursuit of Oil - WSJ
2026-09-12 08:53:20,442 - WARNING - OSINT Context for Anomaly [152.98758077920678]: Reform receives record £36m donation from crypto billionaire - BBC
2026-09-12 08:53:28,472 - INFO - Processed 20 ticks | Anomalies: 1
2026-09-12 08:53:28,567 - WARNING - OSINT Context for Anomaly [152.98758077920678]: Hidden crypto farm in Mexican mountains puts spotlight on cartel funding - Reuters
2026-09-12 08:53:28,568 - WARNING - OSINT Context for Anomaly [152.98758077920678]: Exclusive | The Relentless Crypto Billionaire Who Moved to Venezuela in Pursuit of Oil - WSJ
2026-09-12 08:53:28,568 - WARNING - OSINT Context for Anomaly [152.98758077920678]: Reform receives record £36m donation from crypto billionaire - BBC
2026-09-12 08:53:36,598 - INFO - Processed 20 ticks | Anomalies: 1
2026-09-12 08:53:36,698 - WARNING - OSINT Context for Anomaly [152.98758077920678]: Hidden crypto farm in Mexican mountains puts spotlight on cartel funding - Reuters
2026-09-12 08:53:36,699 - WARNING - OSINT Context for Anomaly [152.98758077920678]: Exclusive | The Relentless Crypto Billionaire Who Moved to Venezuela in Pursuit of Oil - WSJ
2026-09-12 08:53:36,699 - WARNING - OSINT Context for Anomaly [152.98758077920678]: Reform receives record £36m donation from crypto billionaire - BBC
2026-09-12 08:53:44,733 - INFO - Processed 20 ticks | Anomalies: 1
2026-09-12 08:53:44,824 - WARNING - OSINT Context for Anomaly [152.98758077920678]: Hidden crypto farm in Mexican mountains puts spotlight on cartel funding - Reuters
2026-09-12 08:53:44,825 - WARNING - OSINT Context for Anomaly [152.98758077920678]: Exclusive | The Relentless Crypto Billionaire Who Moved to Venezuela in Pursuit of Oil - WSJ
2026-09-12 08:53:44,825 - WARNING - OSINT Context for Anomaly [152.98758077920678]: Reform receives record £36m donation from crypto billionaire - BBC
2026-09-12 08:53:52,855 - INFO - Processed 20 ticks | Anomalies: 1
2026-09-12 08:53:52,974 - WARNING - OSINT Context for Anomaly [152.98758077920678]: Hidden crypto farm in Mexican mountains puts spotlight on cartel funding - Reuters
2026-09-12 08:53:52,975 - WARNING - OSINT Context for Anomaly [152.98758077920678]: Exclusive | The Relentless Crypto Billionaire Who Moved to Venezuela in Pursuit of Oil - WSJ
2026-09-12 08:53:52,976 - WARNING - OSINT Context for Anomaly [152.98758077920678]: Reform receives record £36m donation from crypto billionaire - BBC
2026-09-12 08:54:01,005 - INFO - Processed 20 ticks | Anomalies: 1
2026-09-12 08:54:01,098 - WARNING - OSINT Context for Anomaly [152.98758077920678]: Hidden crypto farm in Mexican mountains puts spotlight on cartel funding - Reuters
2026-09-12 08:54:01,099 - WARNING - OSINT Context for Anomaly [152.98758077920678]: Exclusive | The Relentless Crypto Billionaire Who Moved to Venezuela in Pursuit of Oil - WSJ
2026-09-12 08:54:01,099 - WARNING - OSINT Context for Anomaly [152.98758077920678]: Reform receives record £36m donation from crypto billionaire - BBC
2026-09-12 08:54:09,138 - INFO - Processed 20 ticks | Anomalies: 1
2026-09-12 08:54:09,246 - WARNING - OSINT Context for Anomaly [152.98758077920678]: Hidden crypto farm in Mexican mountains puts spotlight on cartel funding - Reuters
2026-09-12 08:54:09,247 - WARNING - OSINT Context for Anomaly [152.98758077920678]: Exclusive | The Relentless Crypto Billionaire Who Moved to Venezuela in Pursuit of Oil - WSJ
2026-09-12 08:54:09,247 - WARNING - OSINT Context for Anomaly [152.98758077920678]: Reform receives record £36m donation from crypto billionaire - BBC
2026-09-12 08:54:17,278 - INFO - Processed 20 ticks | Anomalies: 1
2026-09-12 08:54:17,696 - WARNING - OSINT Context for Anomaly [152.98758077920678]: Hidden crypto farm in Mexican mountains puts spotlight on cartel funding - Reuters
2026-09-12 08:54:17,697 - WARNING - OSINT Context for Anomaly [152.98758077920678]: Exclusive | The Relentless Crypto Billionaire Who Moved to Venezuela in Pursuit of Oil - WSJ
2026-09-12 08:54:17,697 - WARNING - OSINT Context for Anomaly [152.98758077920678]: Reform receives record £36m donation from crypto billionaire - BBC
2026-09-12 08:54:25,728 - INFO - Processed 20 ticks | Anomalies: 1
2026-09-12 08:54:25,824 - WARNING - OSINT Context for Anomaly [152.98758077920678]: Hidden crypto farm in Mexican mountains puts spotlight on cartel funding - Reuters
2026-09-12 08:54:25,825 - WARNING - OSINT Context for Anomaly [152.98758077920678]: Exclusive | The Relentless Crypto Billionaire Who Moved to Venezuela in Pursuit of Oil - WSJ
2026-09-12 08:54:25,825 - WARNING - OSINT Context for Anomaly [152.98758077920678]: Reform receives record £36m donation from crypto billionaire - BBC
2026-09-12 08:54:33,853 - INFO - Processed 20 ticks | Anomalies: 2
2026-09-12 08:54:33,955 - WARNING - OSINT Context for Anomaly [134.70118805688568, 152.98758077920678]: Hidden crypto farm in Mexican mountains puts spotlight on cartel funding - Reuters
2026-09-12 08:54:33,956 - WARNING - OSINT Context for Anomaly [134.70118805688568, 152.98758077920678]: Exclusive | The Relentless Crypto Billionaire Who Moved to Venezuela in Pursuit of Oil - WSJ
2026-09-12 08:54:33,956 - WARNING - OSINT Context for Anomaly [134.70118805688568, 152.98758077920678]: Reform receives record £36m donation from crypto billionaire - BBC
2026-09-12 08:54:41,986 - INFO - Processed 20 ticks | Anomalies: 2
2026-09-12 08:54:42,088 - WARNING - OSINT Context for Anomaly [134.70118805688568, 152.98758077920678]: Hidden crypto farm in Mexican mountains puts spotlight on cartel funding - Reuters
2026-09-12 08:54:42,089 - WARNING - OSINT Context for Anomaly [134.70118805688568, 152.98758077920678]: Exclusive | The Relentless Crypto Billionaire Who Moved to Venezuela in Pursuit of Oil - WSJ
2026-09-12 08:54:42,089 - WARNING - OSINT Context for Anomaly [134.70118805688568, 152.98758077920678]: Reform receives record £36m donation from crypto billionaire - BBC
2026-09-12 08:54:50,122 - INFO - Processed 20 ticks | Anomalies: 2
2026-09-12 08:54:50,208 - WARNING - OSINT Context for Anomaly [134.70118805688568, 152.98758077920678]: Hidden crypto farm in Mexican mountains puts spotlight on cartel funding - Reuters
2026-09-12 08:54:50,209 - WARNING - OSINT Context for Anomaly [134.70118805688568, 152.98758077920678]: Exclusive | The Relentless Crypto Billionaire Who Moved to Venezuela in Pursuit of Oil - WSJ
2026-09-12 08:54:50,209 - WARNING - OSINT Context for Anomaly [134.70118805688568, 152.98758077920678]: Reform receives record £36m donation from crypto billionaire - BBC
2026-09-12 08:54:58,239 - INFO - Processed 20 ticks | Anomalies: 2
2026-09-12 08:54:58,336 - WARNING - OSINT Context for Anomaly [134.70118805688568, 152.98758077920678]: Hidden crypto farm in Mexican mountains puts spotlight on cartel funding - Reuters
2026-09-12 08:54:58,337 - WARNING - OSINT Context for Anomaly [134.70118805688568, 152.98758077920678]: Exclusive | The Relentless Crypto Billionaire Who Moved to Venezuela in Pursuit of Oil - WSJ
2026-09-12 08:54:58,337 - WARNING - OSINT Context for Anomaly [134.70118805688568, 152.98758077920678]: Reform receives record £36m donation from crypto billionaire - BBC
2026-09-12 08:55:06,366 - INFO - Processed 20 ticks | Anomalies: 2
2026-09-12 08:55:06,456 - WARNING - OSINT Context for Anomaly [134.70118805688568, 152.98758077920678]: Hidden crypto farm in Mexican mountains puts spotlight on cartel funding - Reuters
2026-09-12 08:55:06,456 - WARNING - OSINT Context for Anomaly [134.70118805688568, 152.98758077920678]: Exclusive | The Relentless Crypto Billionaire Who Moved to Venezuela in Pursuit of Oil - WSJ
2026-09-12 08:55:06,456 - WARNING - OSINT Context for Anomaly [134.70118805688568, 152.98758077920678]: Reform receives record £36m donation from crypto billionaire - BBC
2026-09-12 08:55:14,494 - INFO - Processed 20 ticks | Anomalies: 2
2026-09-12 08:55:14,582 - WARNING - OSINT Context for Anomaly [134.70118805688568, 152.98758077920678]: Hidden crypto farm in Mexican mountains puts spotlight on cartel funding - Reuters
2026-09-12 08:55:14,583 - WARNING - OSINT Context for Anomaly [134.70118805688568, 152.98758077920678]: Exclusive | The Relentless Crypto Billionaire Who Moved to Venezuela in Pursuit of Oil - WSJ
2026-09-12 08:55:14,583 - WARNING - OSINT Context for Anomaly [134.70118805688568, 152.98758077920678]: Reform receives record £36m donation from crypto billionaire - BBC
2026-09-12 08:55:22,613 - INFO - Processed 20 ticks | Anomalies: 2
2026-09-12 08:55:22,708 - WARNING - OSINT Context for Anomaly [134.70118805688568, 152.98758077920678]: Hidden crypto farm in Mexican mountains puts spotlight on cartel funding - Reuters
2026-09-12 08:55:22,709 - WARNING - OSINT Context for Anomaly [134.70118805688568, 152.98758077920678]: Exclusive | The Relentless Crypto Billionaire Who Moved to Venezuela in Pursuit of Oil - WSJ
2026-09-12 08:55:22,709 - WARNING - OSINT Context for Anomaly [134.70118805688568, 152.98758077920678]: Reform receives record £36m donation from crypto billionaire - BBC
2026-09-12 08:55:30,739 - INFO - Processed 20 ticks | Anomalies: 2
2026-09-12 08:55:30,840 - WARNING - OSINT Context for Anomaly [134.70118805688568, 152.98758077920678]: Hidden crypto farm in Mexican mountains puts spotlight on cartel funding - Reuters
2026-09-12 08:55:30,841 - WARNING - OSINT Context for Anomaly [134.70118805688568, 152.98758077920678]: Exclusive | The Relentless Crypto Billionaire Who Moved to Venezuela in Pursuit of Oil - WSJ
2026-09-12 08:55:30,841 - WARNING - OSINT Context for Anomaly [134.70118805688568, 152.98758077920678]: Reform receives record £36m donation from crypto billionaire - BBC
2026-09-12 08:55:38,875 - INFO - Processed 20 ticks | Anomalies: 1
2026-09-12 08:55:38,974 - WARNING - OSINT Context for Anomaly [134.70118805688568]: Hidden crypto farm in Mexican mountains puts spotlight on cartel funding - Reuters
2026-09-12 08:55:38,974 - WARNING - OSINT Context for Anomaly [134.70118805688568]: Exclusive | The Relentless Crypto Billionaire Who Moved to Venezuela in Pursuit of Oil - WSJ
2026-09-12 08:55:38,975 - WARNING - OSINT Context for Anomaly [134.70118805688568]: Reform receives record £36m donation from crypto billionaire - BBC
2026-09-12 08:55:47,004 - INFO - Processed 20 ticks | Anomalies: 1
2026-09-12 08:55:47,103 - WARNING - OSINT Context for Anomaly [134.70118805688568]: Hidden crypto farm in Mexican mountains puts spotlight on cartel funding - Reuters
2026-09-12 08:55:47,103 - WARNING - OSINT Context for Anomaly [134.70118805688568]: Exclusive | The Relentless Crypto Billionaire Who Moved to Venezuela in Pursuit of Oil - WSJ
2026-09-12 08:55:47,104 - WARNING - OSINT Context for Anomaly [134.70118805688568]: Reform receives record £36m donation from crypto billionaire - BBC
2026-09-12 08:55:55,134 - INFO - Processed 20 ticks | Anomalies: 1
2026-09-12 08:55:55,234 - WARNING - OSINT Context for Anomaly [134.70118805688568]: Hidden crypto farm in Mexican mountains puts spotlight on cartel funding - Reuters
2026-09-12 08:55:55,235 - WARNING - OSINT Context for Anomaly [134.70118805688568]: Exclusive | The Relentless Crypto Billionaire Who Moved to Venezuela in Pursuit of Oil - WSJ
2026-09-12 08:55:55,235 - WARNING - OSINT Context for Anomaly [134.70118805688568]: Reform receives record £36m donation from crypto billionaire - BBC
2026-09-12 08:56:03,269 - INFO - Processed 20 ticks | Anomalies: 1
2026-09-12 08:56:03,367 - WARNING - OSINT Context for Anomaly [134.70118805688568]: Hidden crypto farm in Mexican mountains puts spotlight on cartel funding - Reuters
2026-09-12 08:56:03,368 - WARNING - OSINT Context for Anomaly [134.70118805688568]: Exclusive | The Relentless Crypto Billionaire Who Moved to Venezuela in Pursuit of Oil - WSJ
2026-09-12 08:56:03,368 - WARNING - OSINT Context for Anomaly [134.70118805688568]: Reform receives record £36m donation from crypto billionaire - BBC
2026-09-12 08:56:11,399 - INFO - Processed 20 ticks | Anomalies: 1
2026-09-12 08:56:11,493 - WARNING - OSINT Context for Anomaly [134.70118805688568]: Hidden crypto farm in Mexican mountains puts spotlight on cartel funding - Reuters
2026-09-12 08:56:11,494 - WARNING - OSINT Context for Anomaly [134.70118805688568]: Exclusive | The Relentless Crypto Billionaire Who Moved to Venezuela in Pursuit of Oil - WSJ
2026-09-12 08:56:11,494 - WARNING - OSINT Context for Anomaly [134.70118805688568]: Reform receives record £36m donation from crypto billionaire - BBC
2026-09-12 08:56:19,527 - INFO - Processed 20 ticks | Anomalies: 1
2026-09-12 08:56:20,007 - WARNING - OSINT Context for Anomaly [134.70118805688568]: Hidden crypto farm in Mexican mountains puts spotlight on cartel funding - Reuters
2026-09-12 08:56:20,008 - WARNING - OSINT Context for Anomaly [134.70118805688568]: Exclusive | The Relentless Crypto Billionaire Who Moved to Venezuela in Pursuit of Oil - WSJ
2026-09-12 08:56:20,008 - WARNING - OSINT Context for Anomaly [134.70118805688568]: Reform receives record £36m donation from crypto billionaire - BBC
2026-09-12 08:56:28,044 - INFO - Processed 20 ticks | Anomalies: 1
2026-09-12 08:56:28,147 - WARNING - OSINT Context for Anomaly [134.70118805688568]: Hidden crypto farm in Mexican mountains puts spotlight on cartel funding - Reuters
2026-09-12 08:56:28,148 - WARNING - OSINT Context for Anomaly [134.70118805688568]: Exclusive | The Relentless Crypto Billionaire Who Moved to Venezuela in Pursuit of Oil - WSJ
2026-09-12 08:56:28,148 - WARNING - OSINT Context for Anomaly [134.70118805688568]: Reform receives record £36m donation from crypto billionaire - BBC
2026-09-12 08:56:36,178 - INFO - Processed 20 ticks | Anomalies: 3
2026-09-12 08:56:36,275 - WARNING - OSINT Context for Anomaly [99.57594153056603, 99.65629472052863, 134.70118805688568]: Hidden crypto farm in Mexican mountains puts spotlight on cartel funding - Reuters
2026-09-12 08:56:36,276 - WARNING - OSINT Context for Anomaly [99.57594153056603, 99.65629472052863, 134.70118805688568]: Exclusive | The Relentless Crypto Billionaire Who Moved to Venezuela in Pursuit of Oil - WSJ
2026-09-12 08:56:36,276 - WARNING - OSINT Context for Anomaly [99.57594153056603, 99.65629472052863, 134.70118805688568]: Reform receives record £36m donation from crypto billionaire - BBC
2026-09-12 08:56:44,311 - INFO - Processed 20 ticks | Anomalies: 1
2026-09-12 08:56:44,409 - WARNING - OSINT Context for Anomaly [134.70118805688568]: Hidden crypto farm in Mexican mountains puts spotlight on cartel funding - Reuters
2026-09-12 08:56:44,410 - WARNING - OSINT Context for Anomaly [134.70118805688568]: Exclusive | The Relentless Crypto Billionaire Who Moved to Venezuela in Pursuit of Oil - WSJ
2026-09-12 08:56:44,410 - WARNING - OSINT Context for Anomaly [134.70118805688568]: Reform receives record £36m donation from crypto billionaire - BBC
2026-09-12 08:56:52,445 - INFO - Processed 20 ticks | Anomalies: 1
2026-09-12 08:56:52,562 - WARNING - OSINT Context for Anomaly [134.70118805688568]: Hidden crypto farm in Mexican mountains puts spotlight on cartel funding - Reuters
2026-09-12 08:56:52,563 - WARNING - OSINT Context for Anomaly [134.70118805688568]: Exclusive | The Relentless Crypto Billionaire Who Moved to Venezuela in Pursuit of Oil - WSJ
2026-09-12 08:56:52,563 - WARNING - OSINT Context for Anomaly [134.70118805688568]: Reform receives record £36m donation from crypto billionaire - BBC
2026-09-12 08:57:00,591 - INFO - Processed 20 ticks | Anomalies: 1
2026-09-12 08:57:00,686 - WARNING - OSINT Context for Anomaly [134.70118805688568]: Hidden crypto farm in Mexican mountains puts spotlight on cartel funding - Reuters
2026-09-12 08:57:00,687 - WARNING - OSINT Context for Anomaly [134.70118805688568]: Exclusive | The Relentless Crypto Billionaire Who Moved to Venezuela in Pursuit of Oil - WSJ
2026-09-12 08:57:00,687 - WARNING - OSINT Context for Anomaly [134.70118805688568]: Reform receives record £36m donation from crypto billionaire - BBC
2026-09-12 08:57:08,720 - INFO - Processed 20 ticks | Anomalies: 2
2026-09-12 08:57:08,816 - WARNING - OSINT Context for Anomaly [125.58990021097573, 134.70118805688568]: Hidden crypto farm in Mexican mountains puts spotlight on cartel funding - Reuters
2026-09-12 08:57:08,817 - WARNING - OSINT Context for Anomaly [125.58990021097573, 134.70118805688568]: Exclusive | The Relentless Crypto Billionaire Who Moved to Venezuela in Pursuit of Oil - WSJ
2026-09-12 08:57:08,817 - WARNING - OSINT Context for Anomaly [125.58990021097573, 134.70118805688568]: Reform receives record £36m donation from crypto billionaire - BBC
2026-09-12 08:57:16,848 - INFO - Processed 20 ticks | Anomalies: 1
2026-09-12 08:57:16,946 - WARNING - OSINT Context for Anomaly [125.58990021097573]: Hidden crypto farm in Mexican mountains puts spotlight on cartel funding - Reuters
2026-09-12 08:57:16,947 - WARNING - OSINT Context for Anomaly [125.58990021097573]: Exclusive | The Relentless Crypto Billionaire Who Moved to Venezuela in Pursuit of Oil - WSJ
2026-09-12 08:57:16,947 - WARNING - OSINT Context for Anomaly [125.58990021097573]: Reform receives record £36m donation from crypto billionaire - BBC
2026-09-12 08:57:24,980 - INFO - Processed 20 ticks | Anomalies: 1
2026-09-12 08:57:25,078 - WARNING - OSINT Context for Anomaly [125.58990021097573]: Hidden crypto farm in Mexican mountains puts spotlight on cartel funding - Reuters
2026-09-12 08:57:25,079 - WARNING - OSINT Context for Anomaly [125.58990021097573]: Exclusive | The Relentless Crypto Billionaire Who Moved to Venezuela in Pursuit of Oil - WSJ
2026-09-12 08:57:25,079 - WARNING - OSINT Context for Anomaly [125.58990021097573]: Reform receives record £36m donation from crypto billionaire - BBC
2026-09-12 08:57:33,110 - INFO - Processed 20 ticks | Anomalies: 1
2026-09-12 08:57:33,211 - WARNING - OSINT Context for Anomaly [125.58990021097573]: Hidden crypto farm in Mexican mountains puts spotlight on cartel funding - Reuters
2026-09-12 08:57:33,212 - WARNING - OSINT Context for Anomaly [125.58990021097573]: Exclusive | The Relentless Crypto Billionaire Who Moved to Venezuela in Pursuit of Oil - WSJ
2026-09-12 08:57:33,212 - WARNING - OSINT Context for Anomaly [125.58990021097573]: Reform receives record £36m donation from crypto billionaire - BBC
2026-09-12 08:57:41,242 - INFO - Processed 20 ticks | Anomalies: 1
2026-09-12 08:57:41,344 - WARNING - OSINT Context for Anomaly [125.58990021097573]: Hidden crypto farm in Mexican mountains puts spotlight on cartel funding - Reuters
2026-09-12 08:57:41,345 - WARNING - OSINT Context for Anomaly [125.58990021097573]: Exclusive | The Relentless Crypto Billionaire Who Moved to Venezuela in Pursuit of Oil - WSJ
2026-09-12 08:57:41,345 - WARNING - OSINT Context for Anomaly [125.58990021097573]: Reform receives record £36m donation from crypto billionaire - BBC
2026-09-12 08:57:49,375 - INFO - Processed 20 ticks | Anomalies: 1
2026-09-12 08:57:49,479 - WARNING - OSINT Context for Anomaly [125.58990021097573]: Hidden crypto farm in Mexican mountains puts spotlight on cartel funding - Reuters
2026-09-12 08:57:49,479 - WARNING - OSINT Context for Anomaly [125.58990021097573]: Exclusive | The Relentless Crypto Billionaire Who Moved to Venezuela in Pursuit of Oil - WSJ
2026-09-12 08:57:49,480 - WARNING - OSINT Context for Anomaly [125.58990021097573]: Reform receives record £36m donation from crypto billionaire - BBC
2026-09-12 08:57:57,511 - INFO - Processed 20 ticks | Anomalies: 1
2026-09-12 08:57:57,613 - WARNING - OSINT Context for Anomaly [125.58990021097573]: Hidden crypto farm in Mexican mountains puts spotlight on cartel funding - Reuters
2026-09-12 08:57:57,614 - WARNING - OSINT Context for Anomaly [125.58990021097573]: Exclusive | The Relentless Crypto Billionaire Who Moved to Venezuela in Pursuit of Oil - WSJ
2026-09-12 08:57:57,615 - WARNING - OSINT Context for Anomaly [125.58990021097573]: Reform receives record £36m donation from crypto billionaire - BBC
2026-09-12 08:58:05,650 - INFO - Processed 20 ticks | Anomalies: 1
2026-09-12 08:58:05,749 - WARNING - OSINT Context for Anomaly [125.58990021097573]: Hidden crypto farm in Mexican mountains puts spotlight on cartel funding - Reuters
2026-09-12 08:58:05,750 - WARNING - OSINT Context for Anomaly [125.58990021097573]: Exclusive | The Relentless Crypto Billionaire Who Moved to Venezuela in Pursuit of Oil - WSJ
2026-09-12 08:58:05,750 - WARNING - OSINT Context for Anomaly [125.58990021097573]: Reform receives record £36m donation from crypto billionaire - BBC
2026-09-12 08:58:13,780 - INFO - Processed 20 ticks | Anomalies: 1
2026-09-12 08:58:13,873 - WARNING - OSINT Context for Anomaly [125.58990021097573]: Hidden crypto farm in Mexican mountains puts spotlight on cartel funding - Reuters
2026-09-12 08:58:13,874 - WARNING - OSINT Context for Anomaly [125.58990021097573]: Exclusive | The Relentless Crypto Billionaire Who Moved to Venezuela in Pursuit of Oil - WSJ
2026-09-12 08:58:13,874 - WARNING - OSINT Context for Anomaly [125.58990021097573]: Reform receives record £36m donation from crypto billionaire - BBC
2026-09-12 08:58:21,906 - INFO - Processed 20 ticks | Anomalies: 1
2026-09-12 08:58:22,427 - WARNING - OSINT Context for Anomaly [125.58990021097573]: Hidden crypto farm in Mexican mountains puts spotlight on cartel funding - Reuters
2026-09-12 08:58:22,428 - WARNING - OSINT Context for Anomaly [125.58990021097573]: Exclusive | The Relentless Crypto Billionaire Who Moved to Venezuela in Pursuit of Oil - WSJ
2026-09-12 08:58:22,428 - WARNING - OSINT Context for Anomaly [125.58990021097573]: Reform receives record £36m donation from crypto billionaire - BBC
2026-09-12 08:58:30,463 - INFO - Processed 20 ticks | Anomalies: 1
2026-09-12 08:58:30,566 - WARNING - OSINT Context for Anomaly [125.58990021097573]: Hidden crypto farm in Mexican mountains puts spotlight on cartel funding - Reuters
2026-09-12 08:58:30,567 - WARNING - OSINT Context for Anomaly [125.58990021097573]: Exclusive | The Relentless Crypto Billionaire Who Moved to Venezuela in Pursuit of Oil - WSJ
2026-09-12 08:58:30,567 - WARNING - OSINT Context for Anomaly [125.58990021097573]: Reform receives record £36m donation from crypto billionaire - BBC
2026-09-12 08:58:38,603 - INFO - Processed 20 ticks | Anomalies: 2
2026-09-12 08:58:38,698 - WARNING - OSINT Context for Anomaly [132.4711503836471, 125.58990021097573]: Hidden crypto farm in Mexican mountains puts spotlight on cartel funding - Reuters
2026-09-12 08:58:38,699 - WARNING - OSINT Context for Anomaly [132.4711503836471, 125.58990021097573]: Exclusive | The Relentless Crypto Billionaire Who Moved to Venezuela in Pursuit of Oil - WSJ
2026-09-12 08:58:38,699 - WARNING - OSINT Context for Anomaly [132.4711503836471, 125.58990021097573]: Reform receives record £36m donation from crypto billionaire - BBC
2026-09-12 08:58:46,729 - INFO - Processed 20 ticks | Anomalies: 2
2026-09-12 08:58:46,833 - WARNING - OSINT Context for Anomaly [132.4711503836471, 125.58990021097573]: Hidden crypto farm in Mexican mountains puts spotlight on cartel funding - Reuters
2026-09-12 08:58:46,834 - WARNING - OSINT Context for Anomaly [132.4711503836471, 125.58990021097573]: Exclusive | The Relentless Crypto Billionaire Who Moved to Venezuela in Pursuit of Oil - WSJ
2026-09-12 08:58:46,834 - WARNING - OSINT Context for Anomaly [132.4711503836471, 125.58990021097573]: Reform receives record £36m donation from crypto billionaire - BBC
2026-09-12 08:58:54,864 - INFO - Processed 20 ticks | Anomalies: 3
2026-09-12 08:58:54,976 - WARNING - OSINT Context for Anomaly [135.15101143904425, 132.4711503836471, 125.58990021097573]: Hidden crypto farm in Mexican mountains puts spotlight on cartel funding - Reuters
2026-09-12 08:58:54,977 - WARNING - OSINT Context for Anomaly [135.15101143904425, 132.4711503836471, 125.58990021097573]: Exclusive | The Relentless Crypto Billionaire Who Moved to Venezuela in Pursuit of Oil - WSJ
2026-09-12 08:58:54,977 - WARNING - OSINT Context for Anomaly [135.15101143904425, 132.4711503836471, 125.58990021097573]: Reform receives record £36m donation from crypto billionaire - BBC
2026-09-12 08:59:03,008 - INFO - Processed 20 ticks | Anomalies: 3
2026-09-12 08:59:03,113 - WARNING - OSINT Context for Anomaly [135.15101143904425, 132.4711503836471, 125.58990021097573]: Hidden crypto farm in Mexican mountains puts spotlight on cartel funding - Reuters
2026-09-12 08:59:03,114 - WARNING - OSINT Context for Anomaly [135.15101143904425, 132.4711503836471, 125.58990021097573]: Exclusive | The Relentless Crypto Billionaire Who Moved to Venezuela in Pursuit of Oil - WSJ
2026-09-12 08:59:03,115 - WARNING - OSINT Context for Anomaly [135.15101143904425, 132.4711503836471, 125.58990021097573]: Reform receives record £36m donation from crypto billionaire - BBC
2026-09-12 09:05:08,888 - INFO - Processed 20 ticks | Anomalies: 3
2026-09-12 09:05:09,355 - WARNING - OSINT Context for Anomaly [135.15101143904425, 132.4711503836471, 125.58990021097573]: Hidden crypto farm in Mexican mountains puts spotlight on cartel funding - Reuters
2026-09-12 09:05:09,356 - WARNING - OSINT Context for Anomaly [135.15101143904425, 132.4711503836471, 125.58990021097573]: Exclusive | The Relentless Crypto Billionaire Who Moved to Venezuela in Pursuit of Oil - WSJ
2026-09-12 09:05:09,356 - WARNING - OSINT Context for Anomaly [135.15101143904425, 132.4711503836471, 125.58990021097573]: Ben Delo: Who is the Reform UK donor and crypto billionaire? - BBC
2026-09-12 09:16:35,908 - INFO - Processed 20 ticks | Anomalies: 3
2026-09-12 09:16:36,386 - WARNING - OSINT Context for Anomaly [135.15101143904425, 132.4711503836471, 125.58990021097573]: Hidden crypto farm in Mexican mountains puts spotlight on cartel funding - Reuters
2026-09-12 09:16:36,386 - WARNING - OSINT Context for Anomaly [135.15101143904425, 132.4711503836471, 125.58990021097573]: Exclusive | The Relentless Crypto Billionaire Who Moved to Venezuela in Pursuit of Oil - WSJ
2026-09-12 09:16:36,386 - WARNING - OSINT Context for Anomaly [135.15101143904425, 132.4711503836471, 125.58990021097573]: Ben Delo: Who is the Reform UK donor and crypto billionaire? - BBC
2026-09-12 09:20:03,396 - INFO - Processed 20 ticks | Anomalies: 3
2026-09-12 09:20:03,863 - WARNING - OSINT Context for Anomaly [135.15101143904425, 132.4711503836471, 125.58990021097573]: Hidden crypto farm in Mexican mountains puts spotlight on cartel funding - Reuters
2026-09-12 09:20:03,863 - WARNING - OSINT Context for Anomaly [135.15101143904425, 132.4711503836471, 125.58990021097573]: Exclusive | The Relentless Crypto Billionaire Who Moved to Venezuela in Pursuit of Oil - WSJ
2026-09-12 09:20:03,863 - WARNING - OSINT Context for Anomaly [135.15101143904425, 132.4711503836471, 125.58990021097573]: Crypto billionaires give $97 million to Reform UK, fueling concerns about money in politics - 10TV
2026-09-12 09:21:23,911 - INFO - Processed 20 ticks | Anomalies: 3
2026-09-12 09:21:24,028 - WARNING - OSINT Context for Anomaly [135.15101143904425, 132.4711503836471, 125.58990021097573]: Hidden crypto farm in Mexican mountains puts spotlight on cartel funding - Reuters
2026-09-12 09:21:24,028 - WARNING - OSINT Context for Anomaly [135.15101143904425, 132.4711503836471, 125.58990021097573]: Exclusive | The Relentless Crypto Billionaire Who Moved to Venezuela in Pursuit of Oil - WSJ
2026-09-12 09:21:24,029 - WARNING - OSINT Context for Anomaly [135.15101143904425, 132.4711503836471, 125.58990021097573]: Crypto billionaires give $97 million to Reform UK, fueling concerns about money in politics - 10TV
2026-09-12 09:27:30,993 - INFO - Processed 20 ticks | Anomalies: 3
2026-09-12 09:27:31,510 - WARNING - OSINT Context for Anomaly [135.15101143904425, 132.4711503836471, 125.58990021097573]: Hidden crypto farm in Mexican mountains puts spotlight on cartel funding - Reuters
2026-09-12 09:27:31,511 - WARNING - OSINT Context for Anomaly [135.15101143904425, 132.4711503836471, 125.58990021097573]: Exclusive | The Relentless Crypto Billionaire Who Moved to Venezuela in Pursuit of Oil - WSJ
2026-09-12 09:27:31,511 - WARNING - OSINT Context for Anomaly [135.15101143904425, 132.4711503836471, 125.58990021097573]: Crypto billionaires give $97 million to Reform UK, fueling concerns about money in politics - 10TV
2026-09-12 09:27:43,147 - INFO - Processed 20 ticks | Anomalies: 2
2026-09-12 09:27:43,266 - WARNING - OSINT Context for Anomaly [135.15101143904425, 132.4711503836471]: Hidden crypto farm in Mexican mountains puts spotlight on cartel funding - Reuters
2026-09-12 09:27:43,267 - WARNING - OSINT Context for Anomaly [135.15101143904425, 132.4711503836471]: Exclusive | The Relentless Crypto Billionaire Who Moved to Venezuela in Pursuit of Oil - WSJ
2026-09-12 09:27:43,267 - WARNING - OSINT Context for Anomaly [135.15101143904425, 132.4711503836471]: Crypto billionaires give $97 million to Reform UK, fueling concerns about money in politics - 10TV
2026-09-12 09:27:51,298 - INFO - Processed 20 ticks | Anomalies: 2
2026-09-12 09:27:51,393 - WARNING - OSINT Context for Anomaly [135.15101143904425, 132.4711503836471]: Hidden crypto farm in Mexican mountains puts spotlight on cartel funding - Reuters
2026-09-12 09:27:51,393 - WARNING - OSINT Context for Anomaly [135.15101143904425, 132.4711503836471]: Exclusive | The Relentless Crypto Billionaire Who Moved to Venezuela in Pursuit of Oil - WSJ
2026-09-12 09:27:51,393 - WARNING - OSINT Context for Anomaly [135.15101143904425, 132.4711503836471]: Crypto billionaires give $97 million to Reform UK, fueling concerns about money in politics - 10TV
2026-09-12 09:28:01,621 - INFO - Processed 20 ticks | Anomalies: 2
2026-09-12 09:28:01,748 - WARNING - OSINT Context for Anomaly [135.15101143904425, 132.4711503836471]: Hidden crypto farm in Mexican mountains puts spotlight on cartel funding - Reuters
2026-09-12 09:28:01,749 - WARNING - OSINT Context for Anomaly [135.15101143904425, 132.4711503836471]: Exclusive | The Relentless Crypto Billionaire Who Moved to Venezuela in Pursuit of Oil - WSJ
2026-09-12 09:28:01,749 - WARNING - OSINT Context for Anomaly [135.15101143904425, 132.4711503836471]: Crypto billionaires give $97 million to Reform UK, fueling concerns about money in politics - 10TV
2026-09-12 09:28:09,780 - INFO - Processed 20 ticks | Anomalies: 2
2026-09-12 09:28:09,881 - WARNING - OSINT Context for Anomaly [135.15101143904425, 132.4711503836471]: Hidden crypto farm in Mexican mountains puts spotlight on cartel funding - Reuters
2026-09-12 09:28:09,881 - WARNING - OSINT Context for Anomaly [135.15101143904425, 132.4711503836471]: Exclusive | The Relentless Crypto Billionaire Who Moved to Venezuela in Pursuit of Oil - WSJ
2026-09-12 09:28:09,881 - WARNING - OSINT Context for Anomaly [135.15101143904425, 132.4711503836471]: Crypto billionaires give $97 million to Reform UK, fueling concerns about money in politics - 10TV
2026-09-12 09:28:17,912 - INFO - Processed 20 ticks | Anomalies: 2
2026-09-12 09:28:18,004 - WARNING - OSINT Context for Anomaly [135.15101143904425, 132.4711503836471]: Hidden crypto farm in Mexican mountains puts spotlight on cartel funding - Reuters
2026-09-12 09:28:18,004 - WARNING - OSINT Context for Anomaly [135.15101143904425, 132.4711503836471]: Exclusive | The Relentless Crypto Billionaire Who Moved to Venezuela in Pursuit of Oil - WSJ
2026-09-12 09:28:18,004 - WARNING - OSINT Context for Anomaly [135.15101143904425, 132.4711503836471]: Crypto billionaires give $97 million to Reform UK, fueling concerns about money in politics - 10TV
2026-09-12 09:28:48,188 - INFO - Processed 20 ticks | Anomalies: 2
2026-09-12 09:28:48,288 - WARNING - OSINT Context for Anomaly [135.15101143904425, 132.4711503836471]: Hidden crypto farm in Mexican mountains puts spotlight on cartel funding - Reuters
2026-09-12 09:28:48,288 - WARNING - OSINT Context for Anomaly [135.15101143904425, 132.4711503836471]: Exclusive | The Relentless Crypto Billionaire Who Moved to Venezuela in Pursuit of Oil - WSJ
2026-09-12 09:28:48,288 - WARNING - OSINT Context for Anomaly [135.15101143904425, 132.4711503836471]: Crypto billionaires give $97 million to Reform UK, fueling concerns about money in politics - 10TV
2026-09-12 09:28:56,321 - INFO - Processed 20 ticks | Anomalies: 2
2026-09-12 09:28:56,417 - WARNING - OSINT Context for Anomaly [135.15101143904425, 132.4711503836471]: Hidden crypto farm in Mexican mountains puts spotlight on cartel funding - Reuters
2026-09-12 09:28:56,417 - WARNING - OSINT Context for Anomaly [135.15101143904425, 132.4711503836471]: Exclusive | The Relentless Crypto Billionaire Who Moved to Venezuela in Pursuit of Oil - WSJ
2026-09-12 09:28:56,418 - WARNING - OSINT Context for Anomaly [135.15101143904425, 132.4711503836471]: Crypto billionaires give $97 million to Reform UK, fueling concerns about money in politics - 10TV
2026-09-12 09:29:04,449 - INFO - Processed 20 ticks | Anomalies: 2
2026-09-12 09:29:04,540 - WARNING - OSINT Context for Anomaly [135.15101143904425, 132.4711503836471]: Hidden crypto farm in Mexican mountains puts spotlight on cartel funding - Reuters
2026-09-12 09:29:04,541 - WARNING - OSINT Context for Anomaly [135.15101143904425, 132.4711503836471]: Exclusive | The Relentless Crypto Billionaire Who Moved to Venezuela in Pursuit of Oil - WSJ
2026-09-12 09:29:04,541 - WARNING - OSINT Context for Anomaly [135.15101143904425, 132.4711503836471]: Crypto billionaires give $97 million to Reform UK, fueling concerns about money in politics - 10TV
2026-09-12 09:29:12,572 - INFO - Processed 20 ticks | Anomalies: 2
2026-09-12 09:29:12,672 - WARNING - OSINT Context for Anomaly [135.15101143904425, 132.4711503836471]: Hidden crypto farm in Mexican mountains puts spotlight on cartel funding - Reuters
2026-09-12 09:29:12,672 - WARNING - OSINT Context for Anomaly [135.15101143904425, 132.4711503836471]: Exclusive | The Relentless Crypto Billionaire Who Moved to Venezuela in Pursuit of Oil - WSJ
2026-09-12 09:29:12,672 - WARNING - OSINT Context for Anomaly [135.15101143904425, 132.4711503836471]: Crypto billionaires give $97 million to Reform UK, fueling concerns about money in politics - 10TV
2026-09-12 09:29:20,705 - INFO - Processed 20 ticks | Anomalies: 2
2026-09-12 09:29:20,803 - WARNING - OSINT Context for Anomaly [135.15101143904425, 132.4711503836471]: Hidden crypto farm in Mexican mountains puts spotlight on cartel funding - Reuters
2026-09-12 09:29:20,803 - WARNING - OSINT Context for Anomaly [135.15101143904425, 132.4711503836471]: Exclusive | The Relentless Crypto Billionaire Who Moved to Venezuela in Pursuit of Oil - WSJ
2026-09-12 09:29:20,803 - WARNING - OSINT Context for Anomaly [135.15101143904425, 132.4711503836471]: Crypto billionaires give $97 million to Reform UK, fueling concerns about money in politics - 10TV
2026-09-12 09:29:28,836 - INFO - Processed 20 ticks | Anomalies: 2
2026-09-12 09:29:28,931 - WARNING - OSINT Context for Anomaly [135.15101143904425, 132.4711503836471]: Hidden crypto farm in Mexican mountains puts spotlight on cartel funding - Reuters
2026-09-12 09:29:28,932 - WARNING - OSINT Context for Anomaly [135.15101143904425, 132.4711503836471]: Exclusive | The Relentless Crypto Billionaire Who Moved to Venezuela in Pursuit of Oil - WSJ
2026-09-12 09:29:28,932 - WARNING - OSINT Context for Anomaly [135.15101143904425, 132.4711503836471]: Crypto billionaires give $97 million to Reform UK, fueling concerns about money in politics - 10TV
2026-09-12 09:29:36,967 - INFO - Processed 20 ticks | Anomalies: 1
2026-09-12 09:29:37,427 - WARNING - OSINT Context for Anomaly [135.15101143904425]: Hidden crypto farm in Mexican mountains puts spotlight on cartel funding - Reuters
2026-09-12 09:29:37,427 - WARNING - OSINT Context for Anomaly [135.15101143904425]: Exclusive | The Relentless Crypto Billionaire Who Moved to Venezuela in Pursuit of Oil - WSJ
2026-09-12 09:29:37,427 - WARNING - OSINT Context for Anomaly [135.15101143904425]: Crypto billionaires give $97 million to Reform UK, fueling concerns about money in politics - 10TV
2026-09-12 09:29:45,459 - INFO - Processed 20 ticks | Anomalies: 2
2026-09-12 09:29:45,556 - WARNING - OSINT Context for Anomaly [130.6753382175093, 135.15101143904425]: Hidden crypto farm in Mexican mountains puts spotlight on cartel funding - Reuters
2026-09-12 09:29:45,556 - WARNING - OSINT Context for Anomaly [130.6753382175093, 135.15101143904425]: Exclusive | The Relentless Crypto Billionaire Who Moved to Venezuela in Pursuit of Oil - WSJ
2026-09-12 09:29:45,556 - WARNING - OSINT Context for Anomaly [130.6753382175093, 135.15101143904425]: Crypto billionaires give $97 million to Reform UK, fueling concerns about money in politics - 10TV
2026-09-12 09:29:53,588 - INFO - Processed 20 ticks | Anomalies: 1
2026-09-12 09:29:53,679 - WARNING - OSINT Context for Anomaly [130.6753382175093]: Hidden crypto farm in Mexican mountains puts spotlight on cartel funding - Reuters
2026-09-12 09:29:53,679 - WARNING - OSINT Context for Anomaly [130.6753382175093]: Exclusive | The Relentless Crypto Billionaire Who Moved to Venezuela in Pursuit of Oil - WSJ
2026-09-12 09:29:53,679 - WARNING - OSINT Context for Anomaly [130.6753382175093]: Crypto billionaires give $97 million to Reform UK, fueling concerns about money in politics - 10TV
2026-09-12 09:30:01,716 - INFO - Processed 20 ticks | Anomalies: 1
2026-09-12 09:30:01,817 - WARNING - OSINT Context for Anomaly [130.6753382175093]: Hidden crypto farm in Mexican mountains puts spotlight on cartel funding - Reuters
2026-09-12 09:30:01,817 - WARNING - OSINT Context for Anomaly [130.6753382175093]: Exclusive | The Relentless Crypto Billionaire Who Moved to Venezuela in Pursuit of Oil - WSJ
2026-09-12 09:30:01,818 - WARNING - OSINT Context for Anomaly [130.6753382175093]: Crypto billionaires give $97 million to Reform UK, fueling concerns about money in politics - 10TV
2026-09-12 09:30:09,851 - INFO - Processed 20 ticks | Anomalies: 1
2026-09-12 09:30:09,955 - WARNING - OSINT Context for Anomaly [130.6753382175093]: Hidden crypto farm in Mexican mountains puts spotlight on cartel funding - Reuters
2026-09-12 09:30:09,956 - WARNING - OSINT Context for Anomaly [130.6753382175093]: Exclusive | The Relentless Crypto Billionaire Who Moved to Venezuela in Pursuit of Oil - WSJ
2026-09-12 09:30:09,956 - WARNING - OSINT Context for Anomaly [130.6753382175093]: Crypto billionaires give $97 million to Reform UK, fueling concerns about money in politics - 10TV
2026-09-12 09:30:17,992 - INFO - Processed 20 ticks | Anomalies: 1
2026-09-12 09:30:18,087 - WARNING - OSINT Context for Anomaly [130.6753382175093]: Hidden crypto farm in Mexican mountains puts spotlight on cartel funding - Reuters
2026-09-12 09:30:18,088 - WARNING - OSINT Context for Anomaly [130.6753382175093]: Exclusive | The Relentless Crypto Billionaire Who Moved to Venezuela in Pursuit of Oil - WSJ
2026-09-12 09:30:18,088 - WARNING - OSINT Context for Anomaly [130.6753382175093]: Crypto billionaires give $97 million to Reform UK, fueling concerns about money in politics - 10TV
2026-09-12 09:30:26,117 - INFO - Processed 20 ticks | Anomalies: 1
2026-09-12 09:30:26,212 - WARNING - OSINT Context for Anomaly [130.6753382175093]: Hidden crypto farm in Mexican mountains puts spotlight on cartel funding - Reuters
2026-09-12 09:30:26,212 - WARNING - OSINT Context for Anomaly [130.6753382175093]: Exclusive | The Relentless Crypto Billionaire Who Moved to Venezuela in Pursuit of Oil - WSJ
2026-09-12 09:30:26,213 - WARNING - OSINT Context for Anomaly [130.6753382175093]: Crypto billionaires give $97 million to Reform UK, fueling concerns about money in politics - 10TV
2026-09-12 09:30:34,244 - INFO - Processed 20 ticks | Anomalies: 1
2026-09-12 09:30:34,335 - WARNING - OSINT Context for Anomaly [130.6753382175093]: Hidden crypto farm in Mexican mountains puts spotlight on cartel funding - Reuters
2026-09-12 09:30:34,336 - WARNING - OSINT Context for Anomaly [130.6753382175093]: Exclusive | The Relentless Crypto Billionaire Who Moved to Venezuela in Pursuit of Oil - WSJ
2026-09-12 09:30:34,336 - WARNING - OSINT Context for Anomaly [130.6753382175093]: Crypto billionaires give $97 million to Reform UK, fueling concerns about money in politics - 10TV
2026-09-12 09:30:42,372 - INFO - Processed 20 ticks | Anomalies: 1
2026-09-12 09:30:42,471 - WARNING - OSINT Context for Anomaly [130.6753382175093]: Hidden crypto farm in Mexican mountains puts spotlight on cartel funding - Reuters
2026-09-12 09:30:42,472 - WARNING - OSINT Context for Anomaly [130.6753382175093]: Exclusive | The Relentless Crypto Billionaire Who Moved to Venezuela in Pursuit of Oil - WSJ
2026-09-12 09:30:42,472 - WARNING - OSINT Context for Anomaly [130.6753382175093]: Crypto billionaires give $97 million to Reform UK, fueling concerns about money in politics - 10TV
2026-09-12 09:30:50,504 - INFO - Processed 20 ticks | Anomalies: 1
2026-09-12 09:30:50,595 - WARNING - OSINT Context for Anomaly [130.6753382175093]: Hidden crypto farm in Mexican mountains puts spotlight on cartel funding - Reuters
2026-09-12 09:30:50,595 - WARNING - OSINT Context for Anomaly [130.6753382175093]: Exclusive | The Relentless Crypto Billionaire Who Moved to Venezuela in Pursuit of Oil - WSJ
2026-09-12 09:30:50,595 - WARNING - OSINT Context for Anomaly [130.6753382175093]: Crypto billionaires give $97 million to Reform UK, fueling concerns about money in politics - 10TV
2026-09-12 09:30:58,627 - INFO - Processed 20 ticks | Anomalies: 2
2026-09-12 09:30:58,712 - WARNING - OSINT Context for Anomaly [129.26501955730996, 130.6753382175093]: Hidden crypto farm in Mexican mountains puts spotlight on cartel funding - Reuters
2026-09-12 09:30:58,713 - WARNING - OSINT Context for Anomaly [129.26501955730996, 130.6753382175093]: Exclusive | The Relentless Crypto Billionaire Who Moved to Venezuela in Pursuit of Oil - WSJ
2026-09-12 09:30:58,713 - WARNING - OSINT Context for Anomaly [129.26501955730996, 130.6753382175093]: Crypto billionaires give $97 million to Reform UK, fueling concerns about money in politics - 10TV
2026-09-12 09:31:06,749 - INFO - Processed 20 ticks | Anomalies: 2
2026-09-12 09:31:06,847 - WARNING - OSINT Context for Anomaly [129.26501955730996, 130.6753382175093]: Hidden crypto farm in Mexican mountains puts spotlight on cartel funding - Reuters
2026-09-12 09:31:06,847 - WARNING - OSINT Context for Anomaly [129.26501955730996, 130.6753382175093]: Exclusive | The Relentless Crypto Billionaire Who Moved to Venezuela in Pursuit of Oil - WSJ
2026-09-12 09:31:06,848 - WARNING - OSINT Context for Anomaly [129.26501955730996, 130.6753382175093]: Crypto billionaires give $97 million to Reform UK, fueling concerns about money in politics - 10TV
2026-09-12 09:31:14,881 - INFO - Processed 20 ticks | Anomalies: 3
2026-09-12 09:31:14,980 - WARNING - OSINT Context for Anomaly [156.82846855044755, 129.26501955730996, 130.6753382175093]: Hidden crypto farm in Mexican mountains puts spotlight on cartel funding - Reuters
2026-09-12 09:31:14,980 - WARNING - OSINT Context for Anomaly [156.82846855044755, 129.26501955730996, 130.6753382175093]: Exclusive | The Relentless Crypto Billionaire Who Moved to Venezuela in Pursuit of Oil - WSJ
2026-09-12 09:31:14,980 - WARNING - OSINT Context for Anomaly [156.82846855044755, 129.26501955730996, 130.6753382175093]: Crypto billionaires give $97 million to Reform UK, fueling concerns about money in politics - 10TV
2026-09-12 09:31:23,011 - INFO - Processed 20 ticks | Anomalies: 3
2026-09-12 09:31:23,107 - WARNING - OSINT Context for Anomaly [156.82846855044755, 129.26501955730996, 130.6753382175093]: Hidden crypto farm in Mexican mountains puts spotlight on cartel funding - Reuters
2026-09-12 09:31:23,107 - WARNING - OSINT Context for Anomaly [156.82846855044755, 129.26501955730996, 130.6753382175093]: Exclusive | The Relentless Crypto Billionaire Who Moved to Venezuela in Pursuit of Oil - WSJ
2026-09-12 09:31:23,107 - WARNING - OSINT Context for Anomaly [156.82846855044755, 129.26501955730996, 130.6753382175093]: Crypto billionaires give $97 million to Reform UK, fueling concerns about money in politics - 10TV
2026-09-12 09:31:31,138 - INFO - Processed 20 ticks | Anomalies: 3
2026-09-12 09:31:31,236 - WARNING - OSINT Context for Anomaly [156.82846855044755, 129.26501955730996, 130.6753382175093]: Hidden crypto farm in Mexican mountains puts spotlight on cartel funding - Reuters
2026-09-12 09:31:31,236 - WARNING - OSINT Context for Anomaly [156.82846855044755, 129.26501955730996, 130.6753382175093]: Exclusive | The Relentless Crypto Billionaire Who Moved to Venezuela in Pursuit of Oil - WSJ
2026-09-12 09:31:31,236 - WARNING - OSINT Context for Anomaly [156.82846855044755, 129.26501955730996, 130.6753382175093]: Crypto billionaires give $97 million to Reform UK, fueling concerns about money in politics - 10TV
2026-09-12 09:31:39,271 - INFO - Processed 20 ticks | Anomalies: 4
2026-09-12 09:31:39,728 - WARNING - OSINT Context for Anomaly [156.82846855044755, 129.26501955730996, 100.49383727737495, 130.6753382175093]: Hidden crypto farm in Mexican mountains puts spotlight on cartel funding - Reuters
2026-09-12 09:31:39,729 - WARNING - OSINT Context for Anomaly [156.82846855044755, 129.26501955730996, 100.49383727737495, 130.6753382175093]: Exclusive | The Relentless Crypto Billionaire Who Moved to Venezuela in Pursuit of Oil - WSJ
2026-09-12 09:31:39,729 - WARNING - OSINT Context for Anomaly [156.82846855044755, 129.26501955730996, 100.49383727737495, 130.6753382175093]: Crypto billionaires give $97 million to Reform UK, fueling concerns about money in politics - 10TV
2026-09-12 09:31:47,762 - INFO - Processed 20 ticks | Anomalies: 4
2026-09-12 09:31:47,868 - WARNING - OSINT Context for Anomaly [156.82846855044755, 129.26501955730996, 100.49383727737495, 130.6753382175093]: Hidden crypto farm in Mexican mountains puts spotlight on cartel funding - Reuters
2026-09-12 09:31:47,869 - WARNING - OSINT Context for Anomaly [156.82846855044755, 129.26501955730996, 100.49383727737495, 130.6753382175093]: Exclusive | The Relentless Crypto Billionaire Who Moved to Venezuela in Pursuit of Oil - WSJ
2026-09-12 09:31:47,869 - WARNING - OSINT Context for Anomaly [156.82846855044755, 129.26501955730996, 100.49383727737495, 130.6753382175093]: Crypto billionaires give $97 million to Reform UK, fueling concerns about money in politics - 10TV
2026-09-12 09:31:55,901 - INFO - Processed 20 ticks | Anomalies: 3
2026-09-12 09:31:56,002 - WARNING - OSINT Context for Anomaly [156.82846855044755, 129.26501955730996, 130.6753382175093]: Hidden crypto farm in Mexican mountains puts spotlight on cartel funding - Reuters
2026-09-12 09:31:56,003 - WARNING - OSINT Context for Anomaly [156.82846855044755, 129.26501955730996, 130.6753382175093]: Exclusive | The Relentless Crypto Billionaire Who Moved to Venezuela in Pursuit of Oil - WSJ
2026-09-12 09:31:56,003 - WARNING - OSINT Context for Anomaly [156.82846855044755, 129.26501955730996, 130.6753382175093]: Crypto billionaires give $97 million to Reform UK, fueling concerns about money in politics - 10TV
2026-09-12 09:32:04,034 - INFO - Processed 20 ticks | Anomalies: 3
2026-09-12 09:32:04,142 - WARNING - OSINT Context for Anomaly [156.82846855044755, 129.26501955730996, 130.6753382175093]: Hidden crypto farm in Mexican mountains puts spotlight on cartel funding - Reuters
2026-09-12 09:32:04,143 - WARNING - OSINT Context for Anomaly [156.82846855044755, 129.26501955730996, 130.6753382175093]: Exclusive | The Relentless Crypto Billionaire Who Moved to Venezuela in Pursuit of Oil - WSJ
2026-09-12 09:32:04,143 - WARNING - OSINT Context for Anomaly [156.82846855044755, 129.26501955730996, 130.6753382175093]: Crypto billionaires give $97 million to Reform UK, fueling concerns about money in politics - 10TV
2026-09-12 09:32:12,174 - INFO - Processed 20 ticks | Anomalies: 3
2026-09-12 09:32:12,268 - WARNING - OSINT Context for Anomaly [156.82846855044755, 129.26501955730996, 130.6753382175093]: Hidden crypto farm in Mexican mountains puts spotlight on cartel funding - Reuters
2026-09-12 09:32:12,269 - WARNING - OSINT Context for Anomaly [156.82846855044755, 129.26501955730996, 130.6753382175093]: Exclusive | The Relentless Crypto Billionaire Who Moved to Venezuela in Pursuit of Oil - WSJ
2026-09-12 09:32:12,269 - WARNING - OSINT Context for Anomaly [156.82846855044755, 129.26501955730996, 130.6753382175093]: Crypto billionaires give $97 million to Reform UK, fueling concerns about money in politics - 10TV
2026-09-12 09:32:20,302 - INFO - Processed 20 ticks | Anomalies: 3
2026-09-12 09:32:20,403 - WARNING - OSINT Context for Anomaly [156.82846855044755, 129.26501955730996, 130.6753382175093]: Hidden crypto farm in Mexican mountains puts spotlight on cartel funding - Reuters
2026-09-12 09:32:20,403 - WARNING - OSINT Context for Anomaly [156.82846855044755, 129.26501955730996, 130.6753382175093]: Exclusive | The Relentless Crypto Billionaire Who Moved to Venezuela in Pursuit of Oil - WSJ
2026-09-12 09:32:20,404 - WARNING - OSINT Context for Anomaly [156.82846855044755, 129.26501955730996, 130.6753382175093]: Crypto billionaires give $97 million to Reform UK, fueling concerns about money in politics - 10TV
2026-09-12 09:32:28,436 - INFO - Processed 20 ticks | Anomalies: 2
2026-09-12 09:32:28,537 - WARNING - OSINT Context for Anomaly [156.82846855044755, 129.26501955730996]: Hidden crypto farm in Mexican mountains puts spotlight on cartel funding - Reuters
2026-09-12 09:32:28,537 - WARNING - OSINT Context for Anomaly [156.82846855044755, 129.26501955730996]: Exclusive | The Relentless Crypto Billionaire Who Moved to Venezuela in Pursuit of Oil - WSJ
2026-09-12 09:32:28,537 - WARNING - OSINT Context for Anomaly [156.82846855044755, 129.26501955730996]: Crypto billionaires give $97 million to Reform UK, fueling concerns about money in politics - 10TV
2026-09-12 09:32:36,568 - INFO - Processed 20 ticks | Anomalies: 2
2026-09-12 09:32:36,680 - WARNING - OSINT Context for Anomaly [156.82846855044755, 129.26501955730996]: Hidden crypto farm in Mexican mountains puts spotlight on cartel funding - Reuters
2026-09-12 09:32:36,681 - WARNING - OSINT Context for Anomaly [156.82846855044755, 129.26501955730996]: Exclusive | The Relentless Crypto Billionaire Who Moved to Venezuela in Pursuit of Oil - WSJ
2026-09-12 09:32:36,681 - WARNING - OSINT Context for Anomaly [156.82846855044755, 129.26501955730996]: Crypto billionaires give $97 million to Reform UK, fueling concerns about money in politics - 10TV
2026-09-12 09:32:44,712 - INFO - Processed 20 ticks | Anomalies: 2
2026-09-12 09:32:44,806 - WARNING - OSINT Context for Anomaly [156.82846855044755, 129.26501955730996]: Hidden crypto farm in Mexican mountains puts spotlight on cartel funding - Reuters
2026-09-12 09:32:44,806 - WARNING - OSINT Context for Anomaly [156.82846855044755, 129.26501955730996]: Exclusive | The Relentless Crypto Billionaire Who Moved to Venezuela in Pursuit of Oil - WSJ
2026-09-12 09:32:44,806 - WARNING - OSINT Context for Anomaly [156.82846855044755, 129.26501955730996]: Crypto billionaires give $97 million to Reform UK, fueling concerns about money in politics - 10TV
2026-09-12 09:32:52,841 - INFO - Processed 20 ticks | Anomalies: 2
2026-09-12 09:32:52,933 - WARNING - OSINT Context for Anomaly [156.82846855044755, 129.26501955730996]: Hidden crypto farm in Mexican mountains puts spotlight on cartel funding - Reuters
2026-09-12 09:32:52,933 - WARNING - OSINT Context for Anomaly [156.82846855044755, 129.26501955730996]: Exclusive | The Relentless Crypto Billionaire Who Moved to Venezuela in Pursuit of Oil - WSJ
2026-09-12 09:32:52,933 - WARNING - OSINT Context for Anomaly [156.82846855044755, 129.26501955730996]: Crypto billionaires give $97 million to Reform UK, fueling concerns about money in politics - 10TV
2026-09-12 09:33:00,967 - INFO - Processed 20 ticks | Anomalies: 2
2026-09-12 09:33:01,069 - WARNING - OSINT Context for Anomaly [156.82846855044755, 129.26501955730996]: Hidden crypto farm in Mexican mountains puts spotlight on cartel funding - Reuters
2026-09-12 09:33:01,069 - WARNING - OSINT Context for Anomaly [156.82846855044755, 129.26501955730996]: Exclusive | The Relentless Crypto Billionaire Who Moved to Venezuela in Pursuit of Oil - WSJ
2026-09-12 09:33:01,069 - WARNING - OSINT Context for Anomaly [156.82846855044755, 129.26501955730996]: Crypto billionaires give $97 million to Reform UK, fueling concerns about money in politics - 10TV
2026-09-12 09:33:09,100 - INFO - Processed 20 ticks | Anomalies: 2
2026-09-12 09:33:09,209 - WARNING - OSINT Context for Anomaly [156.82846855044755, 129.26501955730996]: Hidden crypto farm in Mexican mountains puts spotlight on cartel funding - Reuters
2026-09-12 09:33:09,210 - WARNING - OSINT Context for Anomaly [156.82846855044755, 129.26501955730996]: Exclusive | The Relentless Crypto Billionaire Who Moved to Venezuela in Pursuit of Oil - WSJ
2026-09-12 09:33:09,210 - WARNING - OSINT Context for Anomaly [156.82846855044755, 129.26501955730996]: Crypto billionaires give $97 million to Reform UK, fueling concerns about money in politics - 10TV
2026-09-12 09:33:17,249 - INFO - Processed 20 ticks | Anomalies: 2
2026-09-12 09:33:17,349 - WARNING - OSINT Context for Anomaly [156.82846855044755, 129.26501955730996]: Hidden crypto farm in Mexican mountains puts spotlight on cartel funding - Reuters
2026-09-12 09:33:17,349 - WARNING - OSINT Context for Anomaly [156.82846855044755, 129.26501955730996]: Exclusive | The Relentless Crypto Billionaire Who Moved to Venezuela in Pursuit of Oil - WSJ
2026-09-12 09:33:17,349 - WARNING - OSINT Context for Anomaly [156.82846855044755, 129.26501955730996]: Crypto billionaires give $97 million to Reform UK, fueling concerns about money in politics - 10TV
2026-09-12 09:33:25,380 - INFO - Processed 20 ticks | Anomalies: 2
2026-09-12 09:33:25,476 - WARNING - OSINT Context for Anomaly [156.82846855044755, 129.26501955730996]: Hidden crypto farm in Mexican mountains puts spotlight on cartel funding - Reuters
2026-09-12 09:33:25,477 - WARNING - OSINT Context for Anomaly [156.82846855044755, 129.26501955730996]: Exclusive | The Relentless Crypto Billionaire Who Moved to Venezuela in Pursuit of Oil - WSJ
2026-09-12 09:33:25,477 - WARNING - OSINT Context for Anomaly [156.82846855044755, 129.26501955730996]: Crypto billionaires give $97 million to Reform UK, fueling concerns about money in politics - 10TV
2026-09-12 09:33:33,507 - INFO - Processed 20 ticks | Anomalies: 2
2026-09-12 09:33:33,597 - WARNING - OSINT Context for Anomaly [156.82846855044755, 129.26501955730996]: Hidden crypto farm in Mexican mountains puts spotlight on cartel funding - Reuters
2026-09-12 09:33:33,598 - WARNING - OSINT Context for Anomaly [156.82846855044755, 129.26501955730996]: Exclusive | The Relentless Crypto Billionaire Who Moved to Venezuela in Pursuit of Oil - WSJ
2026-09-12 09:33:33,598 - WARNING - OSINT Context for Anomaly [156.82846855044755, 129.26501955730996]: Crypto billionaires give $97 million to Reform UK, fueling concerns about money in politics - 10TV
2026-09-12 09:33:41,628 - INFO - Processed 20 ticks | Anomalies: 1
2026-09-12 09:33:42,116 - WARNING - OSINT Context for Anomaly [156.82846855044755]: Hidden crypto farm in Mexican mountains puts spotlight on cartel funding - Reuters
2026-09-12 09:33:42,116 - WARNING - OSINT Context for Anomaly [156.82846855044755]: Hunter Biden’s Crypto Offering Plummets Upon Launching - The New York Times
2026-09-12 09:33:42,116 - WARNING - OSINT Context for Anomaly [156.82846855044755]: Reform receives second £36m donation in two days as crypto investor matches record - BBC
2026-09-12 09:33:50,148 - INFO - Processed 20 ticks | Anomalies: 1
2026-09-12 09:33:50,241 - WARNING - OSINT Context for Anomaly [156.82846855044755]: Hidden crypto farm in Mexican mountains puts spotlight on cartel funding - Reuters
2026-09-12 09:33:50,242 - WARNING - OSINT Context for Anomaly [156.82846855044755]: Hunter Biden’s Crypto Offering Plummets Upon Launching - The New York Times
2026-09-12 09:33:50,242 - WARNING - OSINT Context for Anomaly [156.82846855044755]: Reform receives second £36m donation in two days as crypto investor matches record - BBC
2026-09-12 09:33:58,272 - INFO - Processed 20 ticks | Anomalies: 1
2026-09-12 09:33:58,375 - WARNING - OSINT Context for Anomaly [157.07501387301872]: Hidden crypto farm in Mexican mountains puts spotlight on cartel funding - Reuters
2026-09-12 09:33:58,376 - WARNING - OSINT Context for Anomaly [157.07501387301872]: Hunter Biden’s Crypto Offering Plummets Upon Launching - The New York Times
2026-09-12 09:33:58,376 - WARNING - OSINT Context for Anomaly [157.07501387301872]: Reform receives second £36m donation in two days as crypto investor matches record - BBC
2026-09-12 09:34:06,406 - INFO - Processed 20 ticks | Anomalies: 2
2026-09-12 09:34:06,494 - WARNING - OSINT Context for Anomaly [145.8633849409263, 157.07501387301872]: Hidden crypto farm in Mexican mountains puts spotlight on cartel funding - Reuters
2026-09-12 09:34:06,494 - WARNING - OSINT Context for Anomaly [145.8633849409263, 157.07501387301872]: Hunter Biden’s Crypto Offering Plummets Upon Launching - The New York Times
2026-09-12 09:34:06,494 - WARNING - OSINT Context for Anomaly [145.8633849409263, 157.07501387301872]: Reform receives second £36m donation in two days as crypto investor matches record - BBC
2026-09-12 09:34:14,527 - INFO - Processed 20 ticks | Anomalies: 2
2026-09-12 09:34:14,629 - WARNING - OSINT Context for Anomaly [145.8633849409263, 157.07501387301872]: Hidden crypto farm in Mexican mountains puts spotlight on cartel funding - Reuters
2026-09-12 09:34:14,629 - WARNING - OSINT Context for Anomaly [145.8633849409263, 157.07501387301872]: Hunter Biden’s Crypto Offering Plummets Upon Launching - The New York Times
2026-09-12 09:34:14,629 - WARNING - OSINT Context for Anomaly [145.8633849409263, 157.07501387301872]: Reform receives second £36m donation in two days as crypto investor matches record - BBC
2026-09-12 09:34:22,664 - INFO - Processed 20 ticks | Anomalies: 2
2026-09-12 09:34:22,771 - WARNING - OSINT Context for Anomaly [145.8633849409263, 157.07501387301872]: Hidden crypto farm in Mexican mountains puts spotlight on cartel funding - Reuters
2026-09-12 09:34:22,772 - WARNING - OSINT Context for Anomaly [145.8633849409263, 157.07501387301872]: Hunter Biden’s Crypto Offering Plummets Upon Launching - The New York Times
2026-09-12 09:34:22,772 - WARNING - OSINT Context for Anomaly [145.8633849409263, 157.07501387301872]: Reform receives second £36m donation in two days as crypto investor matches record - BBC
2026-09-12 09:34:30,802 - INFO - Processed 20 ticks | Anomalies: 2
2026-09-12 09:34:30,892 - WARNING - OSINT Context for Anomaly [145.8633849409263, 157.07501387301872]: Hidden crypto farm in Mexican mountains puts spotlight on cartel funding - Reuters
2026-09-12 09:34:30,893 - WARNING - OSINT Context for Anomaly [145.8633849409263, 157.07501387301872]: Hunter Biden’s Crypto Offering Plummets Upon Launching - The New York Times
2026-09-12 09:34:30,893 - WARNING - OSINT Context for Anomaly [145.8633849409263, 157.07501387301872]: Reform receives second £36m donation in two days as crypto investor matches record - BBC
2026-09-12 09:34:38,924 - INFO - Processed 20 ticks | Anomalies: 2
2026-09-12 09:34:39,036 - WARNING - OSINT Context for Anomaly [145.8633849409263, 157.07501387301872]: Hidden crypto farm in Mexican mountains puts spotlight on cartel funding - Reuters
2026-09-12 09:34:39,037 - WARNING - OSINT Context for Anomaly [145.8633849409263, 157.07501387301872]: Hunter Biden’s Crypto Offering Plummets Upon Launching - The New York Times
2026-09-12 09:34:39,037 - WARNING - OSINT Context for Anomaly [145.8633849409263, 157.07501387301872]: Reform receives second £36m donation in two days as crypto investor matches record - BBC
2026-09-12 09:34:47,067 - INFO - Processed 20 ticks | Anomalies: 3
2026-09-12 09:34:47,166 - WARNING - OSINT Context for Anomaly [146.51676781762833, 145.8633849409263, 157.07501387301872]: Hidden crypto farm in Mexican mountains puts spotlight on cartel funding - Reuters
2026-09-12 09:34:47,167 - WARNING - OSINT Context for Anomaly [146.51676781762833, 145.8633849409263, 157.07501387301872]: Hunter Biden’s Crypto Offering Plummets Upon Launching - The New York Times
2026-09-12 09:34:47,167 - WARNING - OSINT Context for Anomaly [146.51676781762833, 145.8633849409263, 157.07501387301872]: Reform receives second £36m donation in two days as crypto investor matches record - BBC
2026-09-12 09:34:55,201 - INFO - Processed 20 ticks | Anomalies: 3
2026-09-12 09:34:55,298 - WARNING - OSINT Context for Anomaly [146.51676781762833, 145.8633849409263, 157.07501387301872]: Hidden crypto farm in Mexican mountains puts spotlight on cartel funding - Reuters
2026-09-12 09:34:55,298 - WARNING - OSINT Context for Anomaly [146.51676781762833, 145.8633849409263, 157.07501387301872]: Hunter Biden’s Crypto Offering Plummets Upon Launching - The New York Times
2026-09-12 09:34:55,298 - WARNING - OSINT Context for Anomaly [146.51676781762833, 145.8633849409263, 157.07501387301872]: Reform receives second £36m donation in two days as crypto investor matches record - BBC
2026-09-12 09:35:03,332 - INFO - Processed 20 ticks | Anomalies: 3
2026-09-12 09:35:03,439 - WARNING - OSINT Context for Anomaly [146.51676781762833, 145.8633849409263, 157.07501387301872]: Hidden crypto farm in Mexican mountains puts spotlight on cartel funding - Reuters
2026-09-12 09:35:03,439 - WARNING - OSINT Context for Anomaly [146.51676781762833, 145.8633849409263, 157.07501387301872]: Hunter Biden’s Crypto Offering Plummets Upon Launching - The New York Times
2026-09-12 09:35:03,440 - WARNING - OSINT Context for Anomaly [146.51676781762833, 145.8633849409263, 157.07501387301872]: Reform receives second £36m donation in two days as crypto investor matches record - BBC
2026-09-12 09:35:11,476 - INFO - Processed 20 ticks | Anomalies: 3
2026-09-12 09:35:11,569 - WARNING - OSINT Context for Anomaly [146.51676781762833, 145.8633849409263, 157.07501387301872]: Hidden crypto farm in Mexican mountains puts spotlight on cartel funding - Reuters
2026-09-12 09:35:11,570 - WARNING - OSINT Context for Anomaly [146.51676781762833, 145.8633849409263, 157.07501387301872]: Hunter Biden’s Crypto Offering Plummets Upon Launching - The New York Times
2026-09-12 09:35:11,570 - WARNING - OSINT Context for Anomaly [146.51676781762833, 145.8633849409263, 157.07501387301872]: Reform receives second £36m donation in two days as crypto investor matches record - BBC
2026-09-12 09:35:19,604 - INFO - Processed 20 ticks | Anomalies: 3
2026-09-12 09:35:19,695 - WARNING - OSINT Context for Anomaly [146.51676781762833, 145.8633849409263, 157.07501387301872]: Hidden crypto farm in Mexican mountains puts spotlight on cartel funding - Reuters
2026-09-12 09:35:19,695 - WARNING - OSINT Context for Anomaly [146.51676781762833, 145.8633849409263, 157.07501387301872]: Hunter Biden’s Crypto Offering Plummets Upon Launching - The New York Times
2026-09-12 09:35:19,696 - WARNING - OSINT Context for Anomaly [146.51676781762833, 145.8633849409263, 157.07501387301872]: Reform receives second £36m donation in two days as crypto investor matches record - BBC
2026-09-12 09:35:27,729 - INFO - Processed 20 ticks | Anomalies: 3
2026-09-12 09:35:27,821 - WARNING - OSINT Context for Anomaly [146.51676781762833, 145.8633849409263, 157.07501387301872]: Hidden crypto farm in Mexican mountains puts spotlight on cartel funding - Reuters
2026-09-12 09:35:27,822 - WARNING - OSINT Context for Anomaly [146.51676781762833, 145.8633849409263, 157.07501387301872]: Hunter Biden’s Crypto Offering Plummets Upon Launching - The New York Times
2026-09-12 09:35:27,822 - WARNING - OSINT Context for Anomaly [146.51676781762833, 145.8633849409263, 157.07501387301872]: Reform receives second £36m donation in two days as crypto investor matches record - BBC
2026-09-12 09:35:35,853 - INFO - Processed 20 ticks | Anomalies: 3
2026-09-12 09:35:35,949 - WARNING - OSINT Context for Anomaly [146.51676781762833, 145.8633849409263, 157.07501387301872]: Hidden crypto farm in Mexican mountains puts spotlight on cartel funding - Reuters
2026-09-12 09:35:35,950 - WARNING - OSINT Context for Anomaly [146.51676781762833, 145.8633849409263, 157.07501387301872]: Hunter Biden’s Crypto Offering Plummets Upon Launching - The New York Times
2026-09-12 09:35:35,950 - WARNING - OSINT Context for Anomaly [146.51676781762833, 145.8633849409263, 157.07501387301872]: Reform receives second £36m donation in two days as crypto investor matches record - BBC
2026-09-12 09:35:43,982 - INFO - Processed 20 ticks | Anomalies: 3
2026-09-12 09:35:44,478 - WARNING - OSINT Context for Anomaly [146.51676781762833, 145.8633849409263, 157.07501387301872]: Hidden crypto farm in Mexican mountains puts spotlight on cartel funding - reuters.com
2026-09-12 09:35:44,478 - WARNING - OSINT Context for Anomaly [146.51676781762833, 145.8633849409263, 157.07501387301872]: Hunter Biden’s Crypto Offering Plummets Upon Launching - The New York Times
2026-09-12 09:35:44,478 - WARNING - OSINT Context for Anomaly [146.51676781762833, 145.8633849409263, 157.07501387301872]: Reform receives second £36m donation in two days as crypto investor matches record - BBC
2026-09-12 09:35:52,511 - INFO - Processed 20 ticks | Anomalies: 3
2026-09-12 09:35:52,602 - WARNING - OSINT Context for Anomaly [146.51676781762833, 145.8633849409263, 157.07501387301872]: Hidden crypto farm in Mexican mountains puts spotlight on cartel funding - reuters.com
2026-09-12 09:35:52,602 - WARNING - OSINT Context for Anomaly [146.51676781762833, 145.8633849409263, 157.07501387301872]: Hunter Biden’s Crypto Offering Plummets Upon Launching - The New York Times
2026-09-12 09:35:52,602 - WARNING - OSINT Context for Anomaly [146.51676781762833, 145.8633849409263, 157.07501387301872]: Reform receives second £36m donation in two days as crypto investor matches record - BBC
2026-09-12 09:36:00,637 - INFO - Processed 20 ticks | Anomalies: 3
2026-09-12 09:36:00,727 - WARNING - OSINT Context for Anomaly [146.51676781762833, 145.8633849409263, 157.07501387301872]: Hidden crypto farm in Mexican mountains puts spotlight on cartel funding - reuters.com
2026-09-12 09:36:00,728 - WARNING - OSINT Context for Anomaly [146.51676781762833, 145.8633849409263, 157.07501387301872]: Hunter Biden’s Crypto Offering Plummets Upon Launching - The New York Times
2026-09-12 09:36:00,728 - WARNING - OSINT Context for Anomaly [146.51676781762833, 145.8633849409263, 157.07501387301872]: Reform receives second £36m donation in two days as crypto investor matches record - BBC
2026-09-12 09:36:08,758 - INFO - Processed 20 ticks | Anomalies: 3
2026-09-12 09:36:08,878 - WARNING - OSINT Context for Anomaly [146.51676781762833, 145.8633849409263, 157.07501387301872]: Hidden crypto farm in Mexican mountains puts spotlight on cartel funding - reuters.com
2026-09-12 09:36:08,878 - WARNING - OSINT Context for Anomaly [146.51676781762833, 145.8633849409263, 157.07501387301872]: Hunter Biden’s Crypto Offering Plummets Upon Launching - The New York Times
2026-09-12 09:36:08,878 - WARNING - OSINT Context for Anomaly [146.51676781762833, 145.8633849409263, 157.07501387301872]: Reform receives second £36m donation in two days as crypto investor matches record - BBC
2026-09-12 09:36:16,911 - INFO - Processed 20 ticks | Anomalies: 3
2026-09-12 09:36:17,011 - WARNING - OSINT Context for Anomaly [146.51676781762833, 145.8633849409263, 157.07501387301872]: Hidden crypto farm in Mexican mountains puts spotlight on cartel funding - reuters.com
2026-09-12 09:36:17,012 - WARNING - OSINT Context for Anomaly [146.51676781762833, 145.8633849409263, 157.07501387301872]: Hunter Biden’s Crypto Offering Plummets Upon Launching - The New York Times
2026-09-12 09:36:17,012 - WARNING - OSINT Context for Anomaly [146.51676781762833, 145.8633849409263, 157.07501387301872]: Reform receives second £36m donation in two days as crypto investor matches record - BBC
2026-09-12 09:36:25,043 - INFO - Processed 20 ticks | Anomalies: 3
2026-09-12 09:36:25,140 - WARNING - OSINT Context for Anomaly [146.51676781762833, 145.8633849409263, 157.07501387301872]: Hidden crypto farm in Mexican mountains puts spotlight on cartel funding - reuters.com
2026-09-12 09:36:25,140 - WARNING - OSINT Context for Anomaly [146.51676781762833, 145.8633849409263, 157.07501387301872]: Hunter Biden’s Crypto Offering Plummets Upon Launching - The New York Times
2026-09-12 09:36:25,141 - WARNING - OSINT Context for Anomaly [146.51676781762833, 145.8633849409263, 157.07501387301872]: Reform receives second £36m donation in two days as crypto investor matches record - BBC
2026-09-12 09:36:33,169 - INFO - Processed 20 ticks | Anomalies: 3
2026-09-12 09:36:33,266 - WARNING - OSINT Context for Anomaly [146.51676781762833, 145.8633849409263, 157.07501387301872]: Hidden crypto farm in Mexican mountains puts spotlight on cartel funding - reuters.com
2026-09-12 09:36:33,267 - WARNING - OSINT Context for Anomaly [146.51676781762833, 145.8633849409263, 157.07501387301872]: Hunter Biden’s Crypto Offering Plummets Upon Launching - The New York Times
2026-09-12 09:36:33,267 - WARNING - OSINT Context for Anomaly [146.51676781762833, 145.8633849409263, 157.07501387301872]: Reform receives second £36m donation in two days as crypto investor matches record - BBC
2026-09-12 09:36:41,298 - INFO - Processed 20 ticks | Anomalies: 2
2026-09-12 09:36:41,401 - WARNING - OSINT Context for Anomaly [146.51676781762833, 145.8633849409263]: Hidden crypto farm in Mexican mountains puts spotlight on cartel funding - reuters.com
2026-09-12 09:36:41,401 - WARNING - OSINT Context for Anomaly [146.51676781762833, 145.8633849409263]: Hunter Biden’s Crypto Offering Plummets Upon Launching - The New York Times
2026-09-12 09:36:41,401 - WARNING - OSINT Context for Anomaly [146.51676781762833, 145.8633849409263]: Reform receives second £36m donation in two days as crypto investor matches record - BBC
2026-09-12 09:36:49,433 - INFO - Processed 20 ticks | Anomalies: 1
2026-09-12 09:36:49,529 - WARNING - OSINT Context for Anomaly [146.51676781762833]: Hidden crypto farm in Mexican mountains puts spotlight on cartel funding - reuters.com
2026-09-12 09:36:49,529 - WARNING - OSINT Context for Anomaly [146.51676781762833]: Hunter Biden’s Crypto Offering Plummets Upon Launching - The New York Times
2026-09-12 09:36:49,529 - WARNING - OSINT Context for Anomaly [146.51676781762833]: Reform receives second £36m donation in two days as crypto investor matches record - BBC
2026-09-12 09:36:57,561 - INFO - Processed 20 ticks | Anomalies: 2
2026-09-12 09:36:57,664 - WARNING - OSINT Context for Anomaly [146.78749199867025, 146.51676781762833]: Hidden crypto farm in Mexican mountains puts spotlight on cartel funding - reuters.com
2026-09-12 09:36:57,665 - WARNING - OSINT Context for Anomaly [146.78749199867025, 146.51676781762833]: Hunter Biden’s Crypto Offering Plummets Upon Launching - The New York Times
2026-09-12 09:36:57,665 - WARNING - OSINT Context for Anomaly [146.78749199867025, 146.51676781762833]: Reform receives second £36m donation in two days as crypto investor matches record - BBC
2026-09-12 09:37:05,699 - INFO - Processed 20 ticks | Anomalies: 2
2026-09-12 09:37:05,790 - WARNING - OSINT Context for Anomaly [146.78749199867025, 146.51676781762833]: Hidden crypto farm in Mexican mountains puts spotlight on cartel funding - reuters.com
2026-09-12 09:37:05,791 - WARNING - OSINT Context for Anomaly [146.78749199867025, 146.51676781762833]: Hunter Biden’s Crypto Offering Plummets Upon Launching - The New York Times
2026-09-12 09:37:05,791 - WARNING - OSINT Context for Anomaly [146.78749199867025, 146.51676781762833]: Reform receives second £36m donation in two days as crypto investor matches record - BBC
2026-09-12 09:37:13,823 - INFO - Processed 20 ticks | Anomalies: 2
2026-09-12 09:37:13,928 - WARNING - OSINT Context for Anomaly [146.78749199867025, 146.51676781762833]: Hidden crypto farm in Mexican mountains puts spotlight on cartel funding - reuters.com
2026-09-12 09:37:13,929 - WARNING - OSINT Context for Anomaly [146.78749199867025, 146.51676781762833]: Hunter Biden’s Crypto Offering Plummets Upon Launching - The New York Times
2026-09-12 09:37:13,929 - WARNING - OSINT Context for Anomaly [146.78749199867025, 146.51676781762833]: Reform receives second £36m donation in two days as crypto investor matches record - BBC
2026-09-12 09:37:21,960 - INFO - Processed 20 ticks | Anomalies: 2
2026-09-12 09:37:22,079 - WARNING - OSINT Context for Anomaly [146.78749199867025, 146.51676781762833]: Hidden crypto farm in Mexican mountains puts spotlight on cartel funding - reuters.com
2026-09-12 09:37:22,080 - WARNING - OSINT Context for Anomaly [146.78749199867025, 146.51676781762833]: Hunter Biden’s Crypto Offering Plummets Upon Launching - The New York Times
2026-09-12 09:37:22,080 - WARNING - OSINT Context for Anomaly [146.78749199867025, 146.51676781762833]: Reform receives second £36m donation in two days as crypto investor matches record - BBC
2026-09-12 09:37:30,110 - INFO - Processed 20 ticks | Anomalies: 1
2026-09-12 09:37:30,241 - WARNING - OSINT Context for Anomaly [146.78749199867025]: Hidden crypto farm in Mexican mountains puts spotlight on cartel funding - reuters.com
2026-09-12 09:37:30,241 - WARNING - OSINT Context for Anomaly [146.78749199867025]: Hunter Biden’s Crypto Offering Plummets Upon Launching - The New York Times
2026-09-12 09:37:30,242 - WARNING - OSINT Context for Anomaly [146.78749199867025]: Reform receives second £36m donation in two days as crypto investor matches record - BBC
2026-09-12 09:37:38,279 - INFO - Processed 20 ticks | Anomalies: 2
2026-09-12 09:37:38,806 - WARNING - OSINT Context for Anomaly [143.53375302676915, 146.78749199867025]: Hidden crypto farm in Mexican mountains puts spotlight on cartel funding - reuters.com
2026-09-12 09:37:38,807 - WARNING - OSINT Context for Anomaly [143.53375302676915, 146.78749199867025]: Hunter Biden’s Crypto Offering Plummets Upon Launching - The New York Times
2026-09-12 09:37:38,807 - WARNING - OSINT Context for Anomaly [143.53375302676915, 146.78749199867025]: Reform receives second £36m donation in two days as crypto investor matches record - BBC
2026-09-12 09:37:46,838 - INFO - Processed 20 ticks | Anomalies: 2
2026-09-12 09:37:46,936 - WARNING - OSINT Context for Anomaly [143.53375302676915, 146.78749199867025]: Hidden crypto farm in Mexican mountains puts spotlight on cartel funding - reuters.com
2026-09-12 09:37:46,936 - WARNING - OSINT Context for Anomaly [143.53375302676915, 146.78749199867025]: Hunter Biden’s Crypto Offering Plummets Upon Launching - The New York Times
2026-09-12 09:37:46,936 - WARNING - OSINT Context for Anomaly [143.53375302676915, 146.78749199867025]: Reform receives second £36m donation in two days as crypto investor matches record - BBC
2026-09-12 09:37:54,971 - INFO - Processed 20 ticks | Anomalies: 3
2026-09-12 09:37:55,067 - WARNING - OSINT Context for Anomaly [155.77382093935827, 143.53375302676915, 146.78749199867025]: Hidden crypto farm in Mexican mountains puts spotlight on cartel funding - reuters.com
2026-09-12 09:37:55,068 - WARNING - OSINT Context for Anomaly [155.77382093935827, 143.53375302676915, 146.78749199867025]: Hunter Biden’s Crypto Offering Plummets Upon Launching - The New York Times
2026-09-12 09:37:55,068 - WARNING - OSINT Context for Anomaly [155.77382093935827, 143.53375302676915, 146.78749199867025]: Reform receives second £36m donation in two days as crypto investor matches record - BBC
2026-09-12 09:38:03,100 - INFO - Processed 20 ticks | Anomalies: 3
2026-09-12 09:38:03,201 - WARNING - OSINT Context for Anomaly [155.77382093935827, 143.53375302676915, 146.78749199867025]: Hidden crypto farm in Mexican mountains puts spotlight on cartel funding - reuters.com
2026-09-12 09:38:03,201 - WARNING - OSINT Context for Anomaly [155.77382093935827, 143.53375302676915, 146.78749199867025]: Hunter Biden’s Crypto Offering Plummets Upon Launching - The New York Times
2026-09-12 09:38:03,201 - WARNING - OSINT Context for Anomaly [155.77382093935827, 143.53375302676915, 146.78749199867025]: Reform receives second £36m donation in two days as crypto investor matches record - BBC
2026-09-12 09:38:11,234 - INFO - Processed 20 ticks | Anomalies: 3
2026-09-12 09:38:11,335 - WARNING - OSINT Context for Anomaly [155.77382093935827, 143.53375302676915, 146.78749199867025]: Hidden crypto farm in Mexican mountains puts spotlight on cartel funding - reuters.com
2026-09-12 09:38:11,336 - WARNING - OSINT Context for Anomaly [155.77382093935827, 143.53375302676915, 146.78749199867025]: Hunter Biden’s Crypto Offering Plummets Upon Launching - The New York Times
2026-09-12 09:38:11,336 - WARNING - OSINT Context for Anomaly [155.77382093935827, 143.53375302676915, 146.78749199867025]: Reform receives second £36m donation in two days as crypto investor matches record - BBC
2026-09-12 09:38:19,373 - INFO - Processed 20 ticks | Anomalies: 3
2026-09-12 09:38:19,479 - WARNING - OSINT Context for Anomaly [155.77382093935827, 143.53375302676915, 146.78749199867025]: Hidden crypto farm in Mexican mountains puts spotlight on cartel funding - reuters.com
2026-09-12 09:38:19,479 - WARNING - OSINT Context for Anomaly [155.77382093935827, 143.53375302676915, 146.78749199867025]: Hunter Biden’s Crypto Offering Plummets Upon Launching - The New York Times
2026-09-12 09:38:19,479 - WARNING - OSINT Context for Anomaly [155.77382093935827, 143.53375302676915, 146.78749199867025]: Reform receives second £36m donation in two days as crypto investor matches record - BBC
2026-09-12 09:38:27,510 - INFO - Processed 20 ticks | Anomalies: 3
2026-09-12 09:38:27,599 - WARNING - OSINT Context for Anomaly [155.77382093935827, 143.53375302676915, 146.78749199867025]: Hidden crypto farm in Mexican mountains puts spotlight on cartel funding - reuters.com
2026-09-12 09:38:27,599 - WARNING - OSINT Context for Anomaly [155.77382093935827, 143.53375302676915, 146.78749199867025]: Hunter Biden’s Crypto Offering Plummets Upon Launching - The New York Times
2026-09-12 09:38:27,599 - WARNING - OSINT Context for Anomaly [155.77382093935827, 143.53375302676915, 146.78749199867025]: Reform receives second £36m donation in two days as crypto investor matches record - BBC
2026-09-12 09:38:35,630 - INFO - Processed 20 ticks | Anomalies: 3
2026-09-12 09:38:35,722 - WARNING - OSINT Context for Anomaly [155.77382093935827, 143.53375302676915, 146.78749199867025]: Hidden crypto farm in Mexican mountains puts spotlight on cartel funding - reuters.com
2026-09-12 09:38:35,723 - WARNING - OSINT Context for Anomaly [155.77382093935827, 143.53375302676915, 146.78749199867025]: Hunter Biden’s Crypto Offering Plummets Upon Launching - The New York Times
2026-09-12 09:38:35,723 - WARNING - OSINT Context for Anomaly [155.77382093935827, 143.53375302676915, 146.78749199867025]: Reform receives second £36m donation in two days as crypto investor matches record - BBC
2026-09-12 09:38:43,752 - INFO - Processed 20 ticks | Anomalies: 3
2026-09-12 09:38:43,847 - WARNING - OSINT Context for Anomaly [155.77382093935827, 143.53375302676915, 146.78749199867025]: Hidden crypto farm in Mexican mountains puts spotlight on cartel funding - reuters.com
2026-09-12 09:38:43,848 - WARNING - OSINT Context for Anomaly [155.77382093935827, 143.53375302676915, 146.78749199867025]: Hunter Biden’s Crypto Offering Plummets Upon Launching - The New York Times
2026-09-12 09:38:43,848 - WARNING - OSINT Context for Anomaly [155.77382093935827, 143.53375302676915, 146.78749199867025]: Reform receives second £36m donation in two days as crypto investor matches record - BBC
2026-09-12 09:38:51,881 - INFO - Processed 20 ticks | Anomalies: 3
2026-09-12 09:38:51,978 - WARNING - OSINT Context for Anomaly [155.77382093935827, 143.53375302676915, 146.78749199867025]: Hidden crypto farm in Mexican mountains puts spotlight on cartel funding - reuters.com
2026-09-12 09:38:51,979 - WARNING - OSINT Context for Anomaly [155.77382093935827, 143.53375302676915, 146.78749199867025]: Hunter Biden’s Crypto Offering Plummets Upon Launching - The New York Times
2026-09-12 09:38:51,979 - WARNING - OSINT Context for Anomaly [155.77382093935827, 143.53375302676915, 146.78749199867025]: Reform receives second £36m donation in two days as crypto investor matches record - BBC
2026-09-12 09:39:00,012 - INFO - Processed 20 ticks | Anomalies: 3
2026-09-12 09:39:00,120 - WARNING - OSINT Context for Anomaly [155.77382093935827, 143.53375302676915, 146.78749199867025]: Hidden crypto farm in Mexican mountains puts spotlight on cartel funding - reuters.com
2026-09-12 09:39:00,121 - WARNING - OSINT Context for Anomaly [155.77382093935827, 143.53375302676915, 146.78749199867025]: Hunter Biden’s Crypto Offering Plummets Upon Launching - The New York Times
2026-09-12 09:39:00,121 - WARNING - OSINT Context for Anomaly [155.77382093935827, 143.53375302676915, 146.78749199867025]: Reform receives second £36m donation in two days as crypto investor matches record - BBC
2026-09-12 09:39:08,158 - INFO - Processed 20 ticks | Anomalies: 4
2026-09-12 09:39:08,255 - WARNING - OSINT Context for Anomaly [135.2300617391601, 155.77382093935827, 143.53375302676915, 146.78749199867025]: Hidden crypto farm in Mexican mountains puts spotlight on cartel funding - reuters.com
2026-09-12 09:39:08,256 - WARNING - OSINT Context for Anomaly [135.2300617391601, 155.77382093935827, 143.53375302676915, 146.78749199867025]: Hunter Biden’s Crypto Offering Plummets Upon Launching - The New York Times
2026-09-12 09:39:08,256 - WARNING - OSINT Context for Anomaly [135.2300617391601, 155.77382093935827, 143.53375302676915, 146.78749199867025]: Reform receives second £36m donation in two days as crypto investor matches record - BBC
2026-09-12 09:39:16,287 - INFO - Processed 20 ticks | Anomalies: 5
2026-09-12 09:39:16,385 - WARNING - OSINT Context for Anomaly [135.80419510895757, 135.2300617391601, 155.77382093935827, 143.53375302676915, 146.78749199867025]: Hidden crypto farm in Mexican mountains puts spotlight on cartel funding - reuters.com
2026-09-12 09:39:16,385 - WARNING - OSINT Context for Anomaly [135.80419510895757, 135.2300617391601, 155.77382093935827, 143.53375302676915, 146.78749199867025]: Hunter Biden’s Crypto Offering Plummets Upon Launching - The New York Times
2026-09-12 09:39:16,385 - WARNING - OSINT Context for Anomaly [135.80419510895757, 135.2300617391601, 155.77382093935827, 143.53375302676915, 146.78749199867025]: Reform receives second £36m donation in two days as crypto investor matches record - BBC
2026-09-12 09:39:24,417 - INFO - Processed 20 ticks | Anomalies: 5
2026-09-12 09:39:24,515 - WARNING - OSINT Context for Anomaly [135.80419510895757, 135.2300617391601, 155.77382093935827, 143.53375302676915, 146.78749199867025]: Hidden crypto farm in Mexican mountains puts spotlight on cartel funding - reuters.com
2026-09-12 09:39:24,515 - WARNING - OSINT Context for Anomaly [135.80419510895757, 135.2300617391601, 155.77382093935827, 143.53375302676915, 146.78749199867025]: Hunter Biden’s Crypto Offering Plummets Upon Launching - The New York Times
2026-09-12 09:39:24,515 - WARNING - OSINT Context for Anomaly [135.80419510895757, 135.2300617391601, 155.77382093935827, 143.53375302676915, 146.78749199867025]: Reform receives second £36m donation in two days as crypto investor matches record - BBC
2026-09-12 09:39:32,546 - INFO - Processed 20 ticks | Anomalies: 5
2026-09-12 09:39:32,646 - WARNING - OSINT Context for Anomaly [135.80419510895757, 135.2300617391601, 155.77382093935827, 143.53375302676915, 146.78749199867025]: Hidden crypto farm in Mexican mountains puts spotlight on cartel funding - reuters.com
2026-09-12 09:39:32,647 - WARNING - OSINT Context for Anomaly [135.80419510895757, 135.2300617391601, 155.77382093935827, 143.53375302676915, 146.78749199867025]: Hunter Biden’s Crypto Offering Plummets Upon Launching - The New York Times
2026-09-12 09:39:32,648 - WARNING - OSINT Context for Anomaly [135.80419510895757, 135.2300617391601, 155.77382093935827, 143.53375302676915, 146.78749199867025]: Reform receives second £36m donation in two days as crypto investor matches record - BBC
2026-09-12 09:39:40,679 - INFO - Processed 20 ticks | Anomalies: 4
2026-09-12 09:39:41,119 - WARNING - OSINT Context for Anomaly [135.80419510895757, 135.2300617391601, 155.77382093935827, 143.53375302676915]: Hidden crypto farm in Mexican mountains puts spotlight on cartel funding - reuters.com
2026-09-12 09:39:41,119 - WARNING - OSINT Context for Anomaly [135.80419510895757, 135.2300617391601, 155.77382093935827, 143.53375302676915]: Hunter Biden’s Crypto Offering Plummets Upon Launching - The New York Times
2026-09-12 09:39:41,120 - WARNING - OSINT Context for Anomaly [135.80419510895757, 135.2300617391601, 155.77382093935827, 143.53375302676915]: Reform receives second £36m donation in two days as crypto investor matches record - BBC
2026-09-12 09:39:49,152 - INFO - Processed 20 ticks | Anomalies: 4
2026-09-12 09:39:49,246 - WARNING - OSINT Context for Anomaly [135.80419510895757, 135.2300617391601, 155.77382093935827, 143.53375302676915]: Hidden crypto farm in Mexican mountains puts spotlight on cartel funding - reuters.com
2026-09-12 09:39:49,247 - WARNING - OSINT Context for Anomaly [135.80419510895757, 135.2300617391601, 155.77382093935827, 143.53375302676915]: Hunter Biden’s Crypto Offering Plummets Upon Launching - The New York Times
2026-09-12 09:39:49,247 - WARNING - OSINT Context for Anomaly [135.80419510895757, 135.2300617391601, 155.77382093935827, 143.53375302676915]: Reform receives second £36m donation in two days as crypto investor matches record - BBC
2026-09-12 09:39:57,275 - INFO - Processed 20 ticks | Anomalies: 5
2026-09-12 09:39:57,377 - WARNING - OSINT Context for Anomaly [140.06609982872885, 135.80419510895757, 135.2300617391601, 155.77382093935827, 143.53375302676915]: Hidden crypto farm in Mexican mountains puts spotlight on cartel funding - reuters.com
2026-09-12 09:39:57,377 - WARNING - OSINT Context for Anomaly [140.06609982872885, 135.80419510895757, 135.2300617391601, 155.77382093935827, 143.53375302676915]: Hunter Biden’s Crypto Offering Plummets Upon Launching - The New York Times
2026-09-12 09:39:57,377 - WARNING - OSINT Context for Anomaly [140.06609982872885, 135.80419510895757, 135.2300617391601, 155.77382093935827, 143.53375302676915]: Reform receives second £36m donation in two days as crypto investor matches record - BBC
2026-09-12 09:40:05,411 - INFO - Processed 20 ticks | Anomalies: 5
2026-09-12 09:40:05,509 - WARNING - OSINT Context for Anomaly [140.06609982872885, 135.80419510895757, 135.2300617391601, 155.77382093935827, 143.53375302676915]: Hidden crypto farm in Mexican mountains puts spotlight on cartel funding - reuters.com
2026-09-12 09:40:05,509 - WARNING - OSINT Context for Anomaly [140.06609982872885, 135.80419510895757, 135.2300617391601, 155.77382093935827, 143.53375302676915]: Hunter Biden’s Crypto Offering Plummets Upon Launching - The New York Times
2026-09-12 09:40:05,509 - WARNING - OSINT Context for Anomaly [140.06609982872885, 135.80419510895757, 135.2300617391601, 155.77382093935827, 143.53375302676915]: Reform receives second £36m donation in two days as crypto investor matches record - BBC
2026-09-12 09:40:13,539 - INFO - Processed 20 ticks | Anomalies: 5
2026-09-12 09:40:13,633 - WARNING - OSINT Context for Anomaly [140.06609982872885, 135.80419510895757, 135.2300617391601, 155.77382093935827, 143.53375302676915]: Hidden crypto farm in Mexican mountains puts spotlight on cartel funding - reuters.com
2026-09-12 09:40:13,633 - WARNING - OSINT Context for Anomaly [140.06609982872885, 135.80419510895757, 135.2300617391601, 155.77382093935827, 143.53375302676915]: Hunter Biden’s Crypto Offering Plummets Upon Launching - The New York Times
2026-09-12 09:40:13,633 - WARNING - OSINT Context for Anomaly [140.06609982872885, 135.80419510895757, 135.2300617391601, 155.77382093935827, 143.53375302676915]: Reform receives second £36m donation in two days as crypto investor matches record - BBC
2026-09-12 09:40:21,665 - INFO - Processed 20 ticks | Anomalies: 4
2026-09-12 09:40:21,763 - WARNING - OSINT Context for Anomaly [140.06609982872885, 135.80419510895757, 135.2300617391601, 155.77382093935827]: Hidden crypto farm in Mexican mountains puts spotlight on cartel funding - reuters.com
2026-09-12 09:40:21,764 - WARNING - OSINT Context for Anomaly [140.06609982872885, 135.80419510895757, 135.2300617391601, 155.77382093935827]: Hunter Biden’s Crypto Offering Plummets Upon Launching - The New York Times
2026-09-12 09:40:21,764 - WARNING - OSINT Context for Anomaly [140.06609982872885, 135.80419510895757, 135.2300617391601, 155.77382093935827]: Reform receives second £36m donation in two days as crypto investor matches record - BBC
2026-09-12 09:40:29,793 - INFO - Processed 20 ticks | Anomalies: 4
2026-09-12 09:40:29,903 - WARNING - OSINT Context for Anomaly [140.06609982872885, 135.80419510895757, 135.2300617391601, 155.77382093935827]: Hidden crypto farm in Mexican mountains puts spotlight on cartel funding - reuters.com
2026-09-12 09:40:29,903 - WARNING - OSINT Context for Anomaly [140.06609982872885, 135.80419510895757, 135.2300617391601, 155.77382093935827]: Hunter Biden’s Crypto Offering Plummets Upon Launching - The New York Times
2026-09-12 09:40:29,903 - WARNING - OSINT Context for Anomaly [140.06609982872885, 135.80419510895757, 135.2300617391601, 155.77382093935827]: Reform receives second £36m donation in two days as crypto investor matches record - BBC
2026-09-12 09:40:37,933 - INFO - Processed 20 ticks | Anomalies: 3
2026-09-12 09:40:38,039 - WARNING - OSINT Context for Anomaly [140.06609982872885, 135.80419510895757, 135.2300617391601]: Hidden crypto farm in Mexican mountains puts spotlight on cartel funding - reuters.com
2026-09-12 09:40:38,039 - WARNING - OSINT Context for Anomaly [140.06609982872885, 135.80419510895757, 135.2300617391601]: Hunter Biden’s Crypto Offering Plummets Upon Launching - The New York Times
2026-09-12 09:40:38,039 - WARNING - OSINT Context for Anomaly [140.06609982872885, 135.80419510895757, 135.2300617391601]: Reform receives second £36m donation in two days as crypto investor matches record - BBC
2026-09-12 09:40:46,072 - INFO - Processed 20 ticks | Anomalies: 3
2026-09-12 09:40:46,165 - WARNING - OSINT Context for Anomaly [140.06609982872885, 135.80419510895757, 135.2300617391601]: Hidden crypto farm in Mexican mountains puts spotlight on cartel funding - reuters.com
2026-09-12 09:40:46,166 - WARNING - OSINT Context for Anomaly [140.06609982872885, 135.80419510895757, 135.2300617391601]: Hunter Biden’s Crypto Offering Plummets Upon Launching - The New York Times
2026-09-12 09:40:46,166 - WARNING - OSINT Context for Anomaly [140.06609982872885, 135.80419510895757, 135.2300617391601]: Reform receives second £36m donation in two days as crypto investor matches record - BBC
2026-09-12 09:40:54,195 - INFO - Processed 20 ticks | Anomalies: 3
2026-09-12 09:40:54,288 - WARNING - OSINT Context for Anomaly [140.06609982872885, 135.80419510895757, 135.2300617391601]: Hidden crypto farm in Mexican mountains puts spotlight on cartel funding - reuters.com
2026-09-12 09:40:54,288 - WARNING - OSINT Context for Anomaly [140.06609982872885, 135.80419510895757, 135.2300617391601]: Hunter Biden’s Crypto Offering Plummets Upon Launching - The New York Times
2026-09-12 09:40:54,288 - WARNING - OSINT Context for Anomaly [140.06609982872885, 135.80419510895757, 135.2300617391601]: Reform receives second £36m donation in two days as crypto investor matches record - BBC
2026-09-12 09:41:02,317 - INFO - Processed 20 ticks | Anomalies: 3
2026-09-12 09:41:02,420 - WARNING - OSINT Context for Anomaly [140.06609982872885, 135.80419510895757, 135.2300617391601]: Hidden crypto farm in Mexican mountains puts spotlight on cartel funding - reuters.com
2026-09-12 09:41:02,420 - WARNING - OSINT Context for Anomaly [140.06609982872885, 135.80419510895757, 135.2300617391601]: Hunter Biden’s Crypto Offering Plummets Upon Launching - The New York Times
2026-09-12 09:41:02,420 - WARNING - OSINT Context for Anomaly [140.06609982872885, 135.80419510895757, 135.2300617391601]: Reform receives second £36m donation in two days as crypto investor matches record - BBC
2026-09-12 09:41:10,454 - INFO - Processed 20 ticks | Anomalies: 3
2026-09-12 09:41:10,549 - WARNING - OSINT Context for Anomaly [140.06609982872885, 135.80419510895757, 135.2300617391601]: Hidden crypto farm in Mexican mountains puts spotlight on cartel funding - reuters.com
2026-09-12 09:41:10,549 - WARNING - OSINT Context for Anomaly [140.06609982872885, 135.80419510895757, 135.2300617391601]: Hunter Biden’s Crypto Offering Plummets Upon Launching - The New York Times
2026-09-12 09:41:10,549 - WARNING - OSINT Context for Anomaly [140.06609982872885, 135.80419510895757, 135.2300617391601]: Reform receives second £36m donation in two days as crypto investor matches record - BBC
2026-09-12 09:41:18,586 - INFO - Processed 20 ticks | Anomalies: 3
2026-09-12 09:41:18,707 - WARNING - OSINT Context for Anomaly [140.06609982872885, 135.80419510895757, 135.2300617391601]: Hidden crypto farm in Mexican mountains puts spotlight on cartel funding - reuters.com
2026-09-12 09:41:18,707 - WARNING - OSINT Context for Anomaly [140.06609982872885, 135.80419510895757, 135.2300617391601]: Hunter Biden’s Crypto Offering Plummets Upon Launching - The New York Times
2026-09-12 09:41:18,707 - WARNING - OSINT Context for Anomaly [140.06609982872885, 135.80419510895757, 135.2300617391601]: Reform receives second £36m donation in two days as crypto investor matches record - BBC
2026-09-12 09:41:26,739 - INFO - Processed 20 ticks | Anomalies: 3
2026-09-12 09:41:26,840 - WARNING - OSINT Context for Anomaly [140.06609982872885, 135.80419510895757, 135.2300617391601]: Hidden crypto farm in Mexican mountains puts spotlight on cartel funding - reuters.com
2026-09-12 09:41:26,840 - WARNING - OSINT Context for Anomaly [140.06609982872885, 135.80419510895757, 135.2300617391601]: Hunter Biden’s Crypto Offering Plummets Upon Launching - The New York Times
2026-09-12 09:41:26,840 - WARNING - OSINT Context for Anomaly [140.06609982872885, 135.80419510895757, 135.2300617391601]: Reform receives second £36m donation in two days as crypto investor matches record - BBC
2026-09-12 09:41:34,870 - INFO - Processed 20 ticks | Anomalies: 3
2026-09-12 09:41:34,966 - WARNING - OSINT Context for Anomaly [140.06609982872885, 135.80419510895757, 135.2300617391601]: Hidden crypto farm in Mexican mountains puts spotlight on cartel funding - reuters.com
2026-09-12 09:41:34,966 - WARNING - OSINT Context for Anomaly [140.06609982872885, 135.80419510895757, 135.2300617391601]: Hunter Biden’s Crypto Offering Plummets Upon Launching - The New York Times
2026-09-12 09:41:34,967 - WARNING - OSINT Context for Anomaly [140.06609982872885, 135.80419510895757, 135.2300617391601]: Reform receives second £36m donation in two days as crypto investor matches record - BBC
2026-09-12 09:41:43,004 - INFO - Processed 20 ticks | Anomalies: 3
2026-09-12 09:41:43,470 - WARNING - OSINT Context for Anomaly [140.06609982872885, 135.80419510895757, 135.2300617391601]: Hidden crypto farm in Mexican mountains puts spotlight on cartel funding - reuters.com
2026-09-12 09:41:43,471 - WARNING - OSINT Context for Anomaly [140.06609982872885, 135.80419510895757, 135.2300617391601]: Hunter Biden’s Crypto Offering Plummets Upon Launching - The New York Times
2026-09-12 09:41:43,471 - WARNING - OSINT Context for Anomaly [140.06609982872885, 135.80419510895757, 135.2300617391601]: Reform receives second £36m donation in two days as crypto investor matches record - BBC
2026-09-12 09:41:51,503 - INFO - Processed 20 ticks | Anomalies: 3
2026-09-12 09:41:51,597 - WARNING - OSINT Context for Anomaly [125.16861494218979, 140.06609982872885, 135.80419510895757]: Hidden crypto farm in Mexican mountains puts spotlight on cartel funding - reuters.com
2026-09-12 09:41:51,598 - WARNING - OSINT Context for Anomaly [125.16861494218979, 140.06609982872885, 135.80419510895757]: Hunter Biden’s Crypto Offering Plummets Upon Launching - The New York Times
2026-09-12 09:41:51,598 - WARNING - OSINT Context for Anomaly [125.16861494218979, 140.06609982872885, 135.80419510895757]: Reform receives second £36m donation in two days as crypto investor matches record - BBC
2026-09-12 09:41:59,628 - INFO - Processed 20 ticks | Anomalies: 2
2026-09-12 09:41:59,725 - WARNING - OSINT Context for Anomaly [125.16861494218979, 140.06609982872885]: Hidden crypto farm in Mexican mountains puts spotlight on cartel funding - reuters.com
2026-09-12 09:41:59,725 - WARNING - OSINT Context for Anomaly [125.16861494218979, 140.06609982872885]: Hunter Biden’s Crypto Offering Plummets Upon Launching - The New York Times
2026-09-12 09:41:59,725 - WARNING - OSINT Context for Anomaly [125.16861494218979, 140.06609982872885]: Reform receives second £36m donation in two days as crypto investor matches record - BBC
2026-09-12 09:42:07,756 - INFO - Processed 20 ticks | Anomalies: 2
2026-09-12 09:42:07,860 - WARNING - OSINT Context for Anomaly [125.16861494218979, 140.06609982872885]: Hidden crypto farm in Mexican mountains puts spotlight on cartel funding - reuters.com
2026-09-12 09:42:07,861 - WARNING - OSINT Context for Anomaly [125.16861494218979, 140.06609982872885]: Hunter Biden’s Crypto Offering Plummets Upon Launching - The New York Times
2026-09-12 09:42:07,861 - WARNING - OSINT Context for Anomaly [125.16861494218979, 140.06609982872885]: Reform receives second £36m donation in two days as crypto investor matches record - BBC
2026-09-12 09:42:15,892 - INFO - Processed 20 ticks | Anomalies: 2
2026-09-12 09:42:15,987 - WARNING - OSINT Context for Anomaly [125.16861494218979, 140.06609982872885]: Hidden crypto farm in Mexican mountains puts spotlight on cartel funding - reuters.com
2026-09-12 09:42:15,987 - WARNING - OSINT Context for Anomaly [125.16861494218979, 140.06609982872885]: Hunter Biden’s Crypto Offering Plummets Upon Launching - The New York Times
2026-09-12 09:42:15,987 - WARNING - OSINT Context for Anomaly [125.16861494218979, 140.06609982872885]: Reform receives second £36m donation in two days as crypto investor matches record - BBC
2026-09-12 09:42:24,020 - INFO - Processed 20 ticks | Anomalies: 2
2026-09-12 09:42:24,125 - WARNING - OSINT Context for Anomaly [125.16861494218979, 140.06609982872885]: Hidden crypto farm in Mexican mountains puts spotlight on cartel funding - reuters.com
2026-09-12 09:42:24,126 - WARNING - OSINT Context for Anomaly [125.16861494218979, 140.06609982872885]: Hunter Biden’s Crypto Offering Plummets Upon Launching - The New York Times
2026-09-12 09:42:24,126 - WARNING - OSINT Context for Anomaly [125.16861494218979, 140.06609982872885]: Reform receives second £36m donation in two days as crypto investor matches record - BBC
2026-09-12 09:42:32,157 - INFO - Processed 20 ticks | Anomalies: 2
2026-09-12 09:42:32,268 - WARNING - OSINT Context for Anomaly [125.16861494218979, 140.06609982872885]: Hidden crypto farm in Mexican mountains puts spotlight on cartel funding - reuters.com
2026-09-12 09:42:32,269 - WARNING - OSINT Context for Anomaly [125.16861494218979, 140.06609982872885]: Hunter Biden’s Crypto Offering Plummets Upon Launching - The New York Times
2026-09-12 09:42:32,269 - WARNING - OSINT Context for Anomaly [125.16861494218979, 140.06609982872885]: Reform receives second £36m donation in two days as crypto investor matches record - BBC
2026-09-12 09:42:40,299 - INFO - Processed 20 ticks | Anomalies: 1
2026-09-12 09:42:40,412 - WARNING - OSINT Context for Anomaly [125.16861494218979]: Hidden crypto farm in Mexican mountains puts spotlight on cartel funding - reuters.com
2026-09-12 09:42:40,413 - WARNING - OSINT Context for Anomaly [125.16861494218979]: Hunter Biden’s Crypto Offering Plummets Upon Launching - The New York Times
2026-09-12 09:42:40,413 - WARNING - OSINT Context for Anomaly [125.16861494218979]: Reform receives second £36m donation in two days as crypto investor matches record - BBC
2026-09-12 09:42:48,446 - INFO - Processed 20 ticks | Anomalies: 1
2026-09-12 09:42:48,546 - WARNING - OSINT Context for Anomaly [125.16861494218979]: Hidden crypto farm in Mexican mountains puts spotlight on cartel funding - reuters.com
2026-09-12 09:42:48,546 - WARNING - OSINT Context for Anomaly [125.16861494218979]: Hunter Biden’s Crypto Offering Plummets Upon Launching - The New York Times
2026-09-12 09:42:48,547 - WARNING - OSINT Context for Anomaly [125.16861494218979]: Reform receives second £36m donation in two days as crypto investor matches record - BBC
2026-09-12 09:42:56,578 - INFO - Processed 20 ticks | Anomalies: 1
2026-09-12 09:42:56,682 - WARNING - OSINT Context for Anomaly [125.16861494218979]: Hidden crypto farm in Mexican mountains puts spotlight on cartel funding - reuters.com
2026-09-12 09:42:56,682 - WARNING - OSINT Context for Anomaly [125.16861494218979]: Hunter Biden’s Crypto Offering Plummets Upon Launching - The New York Times
2026-09-12 09:42:56,682 - WARNING - OSINT Context for Anomaly [125.16861494218979]: Reform receives second £36m donation in two days as crypto investor matches record - BBC
2026-09-12 09:43:04,713 - INFO - Processed 20 ticks | Anomalies: 1
2026-09-12 09:43:04,816 - WARNING - OSINT Context for Anomaly [125.16861494218979]: Hidden crypto farm in Mexican mountains puts spotlight on cartel funding - reuters.com
2026-09-12 09:43:04,816 - WARNING - OSINT Context for Anomaly [125.16861494218979]: Hunter Biden’s Crypto Offering Plummets Upon Launching - The New York Times
2026-09-12 09:43:04,817 - WARNING - OSINT Context for Anomaly [125.16861494218979]: Reform receives second £36m donation in two days as crypto investor matches record - BBC
2026-09-12 09:43:12,847 - INFO - Processed 20 ticks | Anomalies: 1
2026-09-12 09:43:12,943 - WARNING - OSINT Context for Anomaly [125.16861494218979]: Hidden crypto farm in Mexican mountains puts spotlight on cartel funding - reuters.com
2026-09-12 09:43:12,943 - WARNING - OSINT Context for Anomaly [125.16861494218979]: Hunter Biden’s Crypto Offering Plummets Upon Launching - The New York Times
2026-09-12 09:43:12,943 - WARNING - OSINT Context for Anomaly [125.16861494218979]: Reform receives second £36m donation in two days as crypto investor matches record - BBC
2026-09-12 09:43:20,976 - INFO - Processed 20 ticks | Anomalies: 1
2026-09-12 09:43:21,078 - WARNING - OSINT Context for Anomaly [125.16861494218979]: Hidden crypto farm in Mexican mountains puts spotlight on cartel funding - reuters.com
2026-09-12 09:43:21,079 - WARNING - OSINT Context for Anomaly [125.16861494218979]: Hunter Biden’s Crypto Offering Plummets Upon Launching - The New York Times
2026-09-12 09:43:21,079 - WARNING - OSINT Context for Anomaly [125.16861494218979]: Reform receives second £36m donation in two days as crypto investor matches record - BBC
2026-09-12 09:43:29,112 - INFO - Processed 20 ticks | Anomalies: 2
2026-09-12 09:43:29,210 - WARNING - OSINT Context for Anomaly [142.53161044436973, 125.16861494218979]: Hidden crypto farm in Mexican mountains puts spotlight on cartel funding - reuters.com
2026-09-12 09:43:29,211 - WARNING - OSINT Context for Anomaly [142.53161044436973, 125.16861494218979]: Hunter Biden’s Crypto Offering Plummets Upon Launching - The New York Times
2026-09-12 09:43:29,211 - WARNING - OSINT Context for Anomaly [142.53161044436973, 125.16861494218979]: Reform receives second £36m donation in two days as crypto investor matches record - BBC
2026-09-12 09:43:37,253 - INFO - Processed 20 ticks | Anomalies: 2
2026-09-12 09:43:37,350 - WARNING - OSINT Context for Anomaly [142.53161044436973, 125.16861494218979]: Hidden crypto farm in Mexican mountains puts spotlight on cartel funding - reuters.com
2026-09-12 09:43:37,351 - WARNING - OSINT Context for Anomaly [142.53161044436973, 125.16861494218979]: Hunter Biden’s Crypto Offering Plummets Upon Launching - The New York Times
2026-09-12 09:43:37,351 - WARNING - OSINT Context for Anomaly [142.53161044436973, 125.16861494218979]: Reform receives second £36m donation in two days as crypto investor matches record - BBC
2026-09-12 09:43:45,380 - INFO - Processed 20 ticks | Anomalies: 2
2026-09-12 09:43:45,944 - WARNING - OSINT Context for Anomaly [142.53161044436973, 125.16861494218979]: Hidden crypto farm in Mexican mountains puts spotlight on cartel funding - reuters.com
2026-09-12 09:43:45,944 - WARNING - OSINT Context for Anomaly [142.53161044436973, 125.16861494218979]: Hunter Biden’s Crypto Offering Plummets Upon Launching - The New York Times
2026-09-12 09:43:45,945 - WARNING - OSINT Context for Anomaly [142.53161044436973, 125.16861494218979]: Reform receives second £36m donation in two days as crypto investor matches record - BBC
2026-09-12 09:43:53,977 - INFO - Processed 20 ticks | Anomalies: 2
2026-09-12 09:43:54,074 - WARNING - OSINT Context for Anomaly [142.53161044436973, 125.16861494218979]: Hidden crypto farm in Mexican mountains puts spotlight on cartel funding - reuters.com
2026-09-12 09:43:54,074 - WARNING - OSINT Context for Anomaly [142.53161044436973, 125.16861494218979]: Hunter Biden’s Crypto Offering Plummets Upon Launching - The New York Times
2026-09-12 09:43:54,075 - WARNING - OSINT Context for Anomaly [142.53161044436973, 125.16861494218979]: Reform receives second £36m donation in two days as crypto investor matches record - BBC
2026-09-12 09:44:02,109 - INFO - Processed 20 ticks | Anomalies: 2
2026-09-12 09:44:02,211 - WARNING - OSINT Context for Anomaly [142.53161044436973, 125.16861494218979]: Hidden crypto farm in Mexican mountains puts spotlight on cartel funding - reuters.com
2026-09-12 09:44:02,211 - WARNING - OSINT Context for Anomaly [142.53161044436973, 125.16861494218979]: Hunter Biden’s Crypto Offering Plummets Upon Launching - The New York Times
2026-09-12 09:44:02,211 - WARNING - OSINT Context for Anomaly [142.53161044436973, 125.16861494218979]: Reform receives second £36m donation in two days as crypto investor matches record - BBC
2026-09-12 09:44:10,246 - INFO - Processed 20 ticks | Anomalies: 2
2026-09-12 09:44:10,342 - WARNING - OSINT Context for Anomaly [142.53161044436973, 125.16861494218979]: Hidden crypto farm in Mexican mountains puts spotlight on cartel funding - reuters.com
2026-09-12 09:44:10,343 - WARNING - OSINT Context for Anomaly [142.53161044436973, 125.16861494218979]: Hunter Biden’s Crypto Offering Plummets Upon Launching - The New York Times
2026-09-12 09:44:10,343 - WARNING - OSINT Context for Anomaly [142.53161044436973, 125.16861494218979]: Reform receives second £36m donation in two days as crypto investor matches record - BBC
2026-09-12 09:44:18,373 - INFO - Processed 20 ticks | Anomalies: 2
2026-09-12 09:44:18,463 - WARNING - OSINT Context for Anomaly [142.53161044436973, 125.16861494218979]: Hidden crypto farm in Mexican mountains puts spotlight on cartel funding - reuters.com
2026-09-12 09:44:18,463 - WARNING - OSINT Context for Anomaly [142.53161044436973, 125.16861494218979]: Hunter Biden’s Crypto Offering Plummets Upon Launching - The New York Times
2026-09-12 09:44:18,463 - WARNING - OSINT Context for Anomaly [142.53161044436973, 125.16861494218979]: Reform receives second £36m donation in two days as crypto investor matches record - BBC
2026-09-12 09:44:26,494 - INFO - Processed 20 ticks | Anomalies: 4
2026-09-12 09:44:26,595 - WARNING - OSINT Context for Anomaly [142.53161044436973, 99.59289928229033, 99.60682146835232, 125.16861494218979]: Hidden crypto farm in Mexican mountains puts spotlight on cartel funding - reuters.com
2026-09-12 09:44:26,595 - WARNING - OSINT Context for Anomaly [142.53161044436973, 99.59289928229033, 99.60682146835232, 125.16861494218979]: Hunter Biden’s Crypto Offering Plummets Upon Launching - The New York Times
2026-09-12 09:44:26,595 - WARNING - OSINT Context for Anomaly [142.53161044436973, 99.59289928229033, 99.60682146835232, 125.16861494218979]: Reform receives second £36m donation in two days as crypto investor matches record - BBC
2026-09-12 09:44:34,629 - INFO - Processed 20 ticks | Anomalies: 2
2026-09-12 09:44:34,723 - WARNING - OSINT Context for Anomaly [142.53161044436973, 99.59289928229033]: Hidden crypto farm in Mexican mountains puts spotlight on cartel funding - reuters.com
2026-09-12 09:44:34,724 - WARNING - OSINT Context for Anomaly [142.53161044436973, 99.59289928229033]: Hunter Biden’s Crypto Offering Plummets Upon Launching - The New York Times
2026-09-12 09:44:34,724 - WARNING - OSINT Context for Anomaly [142.53161044436973, 99.59289928229033]: Reform receives second £36m donation in two days as crypto investor matches record - BBC
2026-09-12 09:44:42,756 - INFO - Processed 20 ticks | Anomalies: 4
2026-09-12 09:44:42,862 - WARNING - OSINT Context for Anomaly [142.53161044436973, 99.59289928229033, 99.60682146835232, 99.75349789048047]: Hidden crypto farm in Mexican mountains puts spotlight on cartel funding - reuters.com
2026-09-12 09:44:42,863 - WARNING - OSINT Context for Anomaly [142.53161044436973, 99.59289928229033, 99.60682146835232, 99.75349789048047]: Hunter Biden’s Crypto Offering Plummets Upon Launching - The New York Times
2026-09-12 09:44:42,863 - WARNING - OSINT Context for Anomaly [142.53161044436973, 99.59289928229033, 99.60682146835232, 99.75349789048047]: Reform receives second £36m donation in two days as crypto investor matches record - BBC
2026-09-12 09:44:50,893 - INFO - Processed 20 ticks | Anomalies: 3
2026-09-12 09:44:50,986 - WARNING - OSINT Context for Anomaly [142.53161044436973, 99.59289928229033, 99.60682146835232]: Hidden crypto farm in Mexican mountains puts spotlight on cartel funding - reuters.com
2026-09-12 09:44:50,986 - WARNING - OSINT Context for Anomaly [142.53161044436973, 99.59289928229033, 99.60682146835232]: Hunter Biden’s Crypto Offering Plummets Upon Launching - The New York Times
2026-09-12 09:44:50,986 - WARNING - OSINT Context for Anomaly [142.53161044436973, 99.59289928229033, 99.60682146835232]: Reform receives second £36m donation in two days as crypto investor matches record - BBC
2026-09-12 09:44:59,016 - INFO - Processed 20 ticks | Anomalies: 3
2026-09-12 09:44:59,111 - WARNING - OSINT Context for Anomaly [142.53161044436973, 99.59289928229033, 99.60682146835232]: Hidden crypto farm in Mexican mountains puts spotlight on cartel funding - reuters.com
2026-09-12 09:44:59,112 - WARNING - OSINT Context for Anomaly [142.53161044436973, 99.59289928229033, 99.60682146835232]: Hunter Biden’s Crypto Offering Plummets Upon Launching - The New York Times
2026-09-12 09:44:59,112 - WARNING - OSINT Context for Anomaly [142.53161044436973, 99.59289928229033, 99.60682146835232]: Reform receives second £36m donation in two days as crypto investor matches record - BBC
2026-09-12 09:45:07,146 - INFO - Processed 20 ticks | Anomalies: 4
2026-09-12 09:45:07,245 - WARNING - OSINT Context for Anomaly [99.52463036875771, 142.53161044436973, 99.59289928229033, 99.60682146835232]: Hidden crypto farm in Mexican mountains puts spotlight on cartel funding - reuters.com
2026-09-12 09:45:07,245 - WARNING - OSINT Context for Anomaly [99.52463036875771, 142.53161044436973, 99.59289928229033, 99.60682146835232]: Hunter Biden’s Crypto Offering Plummets Upon Launching - The New York Times
2026-09-12 09:45:07,245 - WARNING - OSINT Context for Anomaly [99.52463036875771, 142.53161044436973, 99.59289928229033, 99.60682146835232]: Reform receives second £36m donation in two days as crypto investor matches record - BBC
2026-09-12 09:45:15,276 - INFO - Processed 20 ticks | Anomalies: 2
2026-09-12 09:45:15,376 - WARNING - OSINT Context for Anomaly [99.52463036875771, 142.53161044436973]: Hidden crypto farm in Mexican mountains puts spotlight on cartel funding - reuters.com
2026-09-12 09:45:15,377 - WARNING - OSINT Context for Anomaly [99.52463036875771, 142.53161044436973]: Hunter Biden’s Crypto Offering Plummets Upon Launching - The New York Times
2026-09-12 09:45:15,377 - WARNING - OSINT Context for Anomaly [99.52463036875771, 142.53161044436973]: Reform receives second £36m donation in two days as crypto investor matches record - BBC
2026-09-12 09:45:23,406 - INFO - Processed 20 ticks | Anomalies: 5
2026-09-12 09:45:23,499 - WARNING - OSINT Context for Anomaly [99.71407347377455, 99.52463036875771, 142.53161044436973, 99.59289928229033, 99.60682146835232]: Hidden crypto farm in Mexican mountains puts spotlight on cartel funding - reuters.com
2026-09-12 09:45:23,500 - WARNING - OSINT Context for Anomaly [99.71407347377455, 99.52463036875771, 142.53161044436973, 99.59289928229033, 99.60682146835232]: Hunter Biden’s Crypto Offering Plummets Upon Launching - The New York Times
2026-09-12 09:45:23,500 - WARNING - OSINT Context for Anomaly [99.71407347377455, 99.52463036875771, 142.53161044436973, 99.59289928229033, 99.60682146835232]: Reform receives second £36m donation in two days as crypto investor matches record - BBC
2026-09-12 09:45:31,531 - INFO - Processed 20 ticks | Anomalies: 4
2026-09-12 09:45:31,633 - WARNING - OSINT Context for Anomaly [99.71407347377455, 99.52463036875771, 142.53161044436973, 99.59289928229033]: Hidden crypto farm in Mexican mountains puts spotlight on cartel funding - reuters.com
2026-09-12 09:45:31,633 - WARNING - OSINT Context for Anomaly [99.71407347377455, 99.52463036875771, 142.53161044436973, 99.59289928229033]: Hunter Biden’s Crypto Offering Plummets Upon Launching - The New York Times
2026-09-12 09:45:31,633 - WARNING - OSINT Context for Anomaly [99.71407347377455, 99.52463036875771, 142.53161044436973, 99.59289928229033]: Reform receives second £36m donation in two days as crypto investor matches record - BBC
2026-09-12 09:45:39,667 - INFO - Processed 20 ticks | Anomalies: 4
2026-09-12 09:45:39,761 - WARNING - OSINT Context for Anomaly [99.75369549409322, 99.71407347377455, 99.52463036875771, 142.53161044436973]: Hidden crypto farm in Mexican mountains puts spotlight on cartel funding - reuters.com
2026-09-12 09:45:39,762 - WARNING - OSINT Context for Anomaly [99.75369549409322, 99.71407347377455, 99.52463036875771, 142.53161044436973]: Hunter Biden’s Crypto Offering Plummets Upon Launching - The New York Times
2026-09-12 09:45:39,762 - WARNING - OSINT Context for Anomaly [99.75369549409322, 99.71407347377455, 99.52463036875771, 142.53161044436973]: Reform receives second £36m donation in two days as crypto investor matches record - BBC
2026-09-12 09:45:47,793 - INFO - Processed 20 ticks | Anomalies: 4
2026-09-12 09:45:48,249 - WARNING - OSINT Context for Anomaly [133.33336690776554, 99.71407347377455, 99.52463036875771, 142.53161044436973]: Hidden crypto farm in Mexican mountains puts spotlight on cartel funding - reuters.com
2026-09-12 09:45:48,250 - WARNING - OSINT Context for Anomaly [133.33336690776554, 99.71407347377455, 99.52463036875771, 142.53161044436973]: Hunter Biden’s Crypto Offering Plummets Upon Launching - The New York Times
2026-09-12 09:45:48,250 - WARNING - OSINT Context for Anomaly [133.33336690776554, 99.71407347377455, 99.52463036875771, 142.53161044436973]: Reform receives second £36m donation in two days as crypto investor matches record - bbc.com
2026-09-12 09:45:56,282 - INFO - Processed 20 ticks | Anomalies: 4
2026-09-12 09:45:56,382 - WARNING - OSINT Context for Anomaly [135.90944218664728, 133.33336690776554, 99.52463036875771, 142.53161044436973]: Hidden crypto farm in Mexican mountains puts spotlight on cartel funding - reuters.com
2026-09-12 09:45:56,382 - WARNING - OSINT Context for Anomaly [135.90944218664728, 133.33336690776554, 99.52463036875771, 142.53161044436973]: Hunter Biden’s Crypto Offering Plummets Upon Launching - The New York Times
2026-09-12 09:45:56,382 - WARNING - OSINT Context for Anomaly [135.90944218664728, 133.33336690776554, 99.52463036875771, 142.53161044436973]: Reform receives second £36m donation in two days as crypto investor matches record - bbc.com
2026-09-12 09:46:04,413 - INFO - Processed 20 ticks | Anomalies: 3
2026-09-12 09:46:04,513 - WARNING - OSINT Context for Anomaly [135.90944218664728, 133.33336690776554, 142.53161044436973]: Hidden crypto farm in Mexican mountains puts spotlight on cartel funding - reuters.com
2026-09-12 09:46:04,513 - WARNING - OSINT Context for Anomaly [135.90944218664728, 133.33336690776554, 142.53161044436973]: Hunter Biden’s Crypto Offering Plummets Upon Launching - The New York Times
2026-09-12 09:46:04,513 - WARNING - OSINT Context for Anomaly [135.90944218664728, 133.33336690776554, 142.53161044436973]: Reform receives second £36m donation in two days as crypto investor matches record - bbc.com
2026-09-12 09:46:12,545 - INFO - Processed 20 ticks | Anomalies: 2
2026-09-12 09:46:12,639 - WARNING - OSINT Context for Anomaly [135.90944218664728, 133.33336690776554]: Hidden crypto farm in Mexican mountains puts spotlight on cartel funding - reuters.com
2026-09-12 09:46:12,640 - WARNING - OSINT Context for Anomaly [135.90944218664728, 133.33336690776554]: Hunter Biden’s Crypto Offering Plummets Upon Launching - The New York Times
2026-09-12 09:46:12,640 - WARNING - OSINT Context for Anomaly [135.90944218664728, 133.33336690776554]: Reform receives second £36m donation in two days as crypto investor matches record - bbc.com
2026-09-12 09:46:20,669 - INFO - Processed 20 ticks | Anomalies: 2
2026-09-12 09:46:20,763 - WARNING - OSINT Context for Anomaly [135.90944218664728, 133.33336690776554]: Hidden crypto farm in Mexican mountains puts spotlight on cartel funding - reuters.com
2026-09-12 09:46:20,764 - WARNING - OSINT Context for Anomaly [135.90944218664728, 133.33336690776554]: Hunter Biden’s Crypto Offering Plummets Upon Launching - The New York Times
2026-09-12 09:46:20,764 - WARNING - OSINT Context for Anomaly [135.90944218664728, 133.33336690776554]: Reform receives second £36m donation in two days as crypto investor matches record - bbc.com
2026-09-12 09:46:28,795 - INFO - Processed 20 ticks | Anomalies: 2
2026-09-12 09:46:28,902 - WARNING - OSINT Context for Anomaly [135.90944218664728, 133.33336690776554]: Hidden crypto farm in Mexican mountains puts spotlight on cartel funding - reuters.com
2026-09-12 09:46:28,902 - WARNING - OSINT Context for Anomaly [135.90944218664728, 133.33336690776554]: Hunter Biden’s Crypto Offering Plummets Upon Launching - The New York Times
2026-09-12 09:46:28,902 - WARNING - OSINT Context for Anomaly [135.90944218664728, 133.33336690776554]: Reform receives second £36m donation in two days as crypto investor matches record - bbc.com
2026-09-12 09:46:36,934 - INFO - Processed 20 ticks | Anomalies: 2
2026-09-12 09:46:37,033 - WARNING - OSINT Context for Anomaly [135.90944218664728, 133.33336690776554]: Hidden crypto farm in Mexican mountains puts spotlight on cartel funding - reuters.com
2026-09-12 09:46:37,033 - WARNING - OSINT Context for Anomaly [135.90944218664728, 133.33336690776554]: Hunter Biden’s Crypto Offering Plummets Upon Launching - The New York Times
2026-09-12 09:46:37,033 - WARNING - OSINT Context for Anomaly [135.90944218664728, 133.33336690776554]: Reform receives second £36m donation in two days as crypto investor matches record - bbc.com
2026-09-12 09:46:45,068 - INFO - Processed 20 ticks | Anomalies: 2
2026-09-12 09:46:45,195 - WARNING - OSINT Context for Anomaly [135.90944218664728, 133.33336690776554]: Hidden crypto farm in Mexican mountains puts spotlight on cartel funding - reuters.com
2026-09-12 09:46:45,195 - WARNING - OSINT Context for Anomaly [135.90944218664728, 133.33336690776554]: Hunter Biden’s Crypto Offering Plummets Upon Launching - The New York Times
2026-09-12 09:46:45,195 - WARNING - OSINT Context for Anomaly [135.90944218664728, 133.33336690776554]: Reform receives second £36m donation in two days as crypto investor matches record - bbc.com
2026-09-12 09:46:53,227 - INFO - Processed 20 ticks | Anomalies: 2
2026-09-12 09:46:53,331 - WARNING - OSINT Context for Anomaly [135.90944218664728, 133.33336690776554]: Hidden crypto farm in Mexican mountains puts spotlight on cartel funding - reuters.com
2026-09-12 09:46:53,332 - WARNING - OSINT Context for Anomaly [135.90944218664728, 133.33336690776554]: Hunter Biden’s Crypto Offering Plummets Upon Launching - The New York Times
2026-09-12 09:46:53,332 - WARNING - OSINT Context for Anomaly [135.90944218664728, 133.33336690776554]: Reform receives second £36m donation in two days as crypto investor matches record - bbc.com
2026-09-12 09:47:01,360 - INFO - Processed 20 ticks | Anomalies: 2
2026-09-12 09:47:01,448 - WARNING - OSINT Context for Anomaly [135.90944218664728, 133.33336690776554]: Hidden crypto farm in Mexican mountains puts spotlight on cartel funding - reuters.com
2026-09-12 09:47:01,449 - WARNING - OSINT Context for Anomaly [135.90944218664728, 133.33336690776554]: Hunter Biden’s Crypto Offering Plummets Upon Launching - The New York Times
2026-09-12 09:47:01,449 - WARNING - OSINT Context for Anomaly [135.90944218664728, 133.33336690776554]: Reform receives second £36m donation in two days as crypto investor matches record - bbc.com
2026-09-12 09:47:09,481 - INFO - Processed 20 ticks | Anomalies: 2
2026-09-12 09:47:09,577 - WARNING - OSINT Context for Anomaly [135.90944218664728, 133.33336690776554]: Hidden crypto farm in Mexican mountains puts spotlight on cartel funding - reuters.com
2026-09-12 09:47:09,577 - WARNING - OSINT Context for Anomaly [135.90944218664728, 133.33336690776554]: Hunter Biden’s Crypto Offering Plummets Upon Launching - The New York Times
2026-09-12 09:47:09,577 - WARNING - OSINT Context for Anomaly [135.90944218664728, 133.33336690776554]: Reform receives second £36m donation in two days as crypto investor matches record - bbc.com
2026-09-12 09:47:17,608 - INFO - Processed 20 ticks | Anomalies: 3
2026-09-12 09:47:17,712 - WARNING - OSINT Context for Anomaly [154.1763056331178, 135.90944218664728, 133.33336690776554]: Hidden crypto farm in Mexican mountains puts spotlight on cartel funding - reuters.com
2026-09-12 09:47:17,712 - WARNING - OSINT Context for Anomaly [154.1763056331178, 135.90944218664728, 133.33336690776554]: Hunter Biden’s Crypto Offering Plummets Upon Launching - The New York Times
2026-09-12 09:47:17,712 - WARNING - OSINT Context for Anomaly [154.1763056331178, 135.90944218664728, 133.33336690776554]: Reform receives second £36m donation in two days as crypto investor matches record - bbc.com
2026-09-12 09:47:25,747 - INFO - Processed 20 ticks | Anomalies: 3
2026-09-12 09:47:25,846 - WARNING - OSINT Context for Anomaly [154.1763056331178, 135.90944218664728, 133.33336690776554]: Hidden crypto farm in Mexican mountains puts spotlight on cartel funding - reuters.com
2026-09-12 09:47:25,846 - WARNING - OSINT Context for Anomaly [154.1763056331178, 135.90944218664728, 133.33336690776554]: Hunter Biden’s Crypto Offering Plummets Upon Launching - The New York Times
2026-09-12 09:47:25,846 - WARNING - OSINT Context for Anomaly [154.1763056331178, 135.90944218664728, 133.33336690776554]: Reform receives second £36m donation in two days as crypto investor matches record - bbc.com
2026-09-12 09:47:33,879 - INFO - Processed 20 ticks | Anomalies: 3
2026-09-12 09:47:33,988 - WARNING - OSINT Context for Anomaly [154.1763056331178, 135.90944218664728, 133.33336690776554]: Hidden crypto farm in Mexican mountains puts spotlight on cartel funding - reuters.com
2026-09-12 09:47:33,989 - WARNING - OSINT Context for Anomaly [154.1763056331178, 135.90944218664728, 133.33336690776554]: Hunter Biden’s Crypto Offering Plummets Upon Launching - The New York Times
2026-09-12 09:47:33,989 - WARNING - OSINT Context for Anomaly [154.1763056331178, 135.90944218664728, 133.33336690776554]: Reform receives second £36m donation in two days as crypto investor matches record - bbc.com
2026-09-12 09:47:42,019 - INFO - Processed 20 ticks | Anomalies: 3
2026-09-12 09:47:42,123 - WARNING - OSINT Context for Anomaly [154.1763056331178, 135.90944218664728, 133.33336690776554]: Hidden crypto farm in Mexican mountains puts spotlight on cartel funding - reuters.com
2026-09-12 09:47:42,123 - WARNING - OSINT Context for Anomaly [154.1763056331178, 135.90944218664728, 133.33336690776554]: Hunter Biden’s Crypto Offering Plummets Upon Launching - The New York Times
2026-09-12 09:47:42,123 - WARNING - OSINT Context for Anomaly [154.1763056331178, 135.90944218664728, 133.33336690776554]: Reform receives second £36m donation in two days as crypto investor matches record - bbc.com
2026-09-12 09:47:50,155 - INFO - Processed 20 ticks | Anomalies: 3
2026-09-12 09:47:50,671 - WARNING - OSINT Context for Anomaly [154.1763056331178, 135.90944218664728, 133.33336690776554]: Hidden crypto farm in Mexican mountains puts spotlight on cartel funding - reuters.com
2026-09-12 09:47:50,672 - WARNING - OSINT Context for Anomaly [154.1763056331178, 135.90944218664728, 133.33336690776554]: God told them to sell crypto. Their investors lost everything. - MIT Technology Review
2026-09-12 09:47:50,672 - WARNING - OSINT Context for Anomaly [154.1763056331178, 135.90944218664728, 133.33336690776554]: Reform receives second £36m donation in two days as crypto investor matches record - bbc.com
2026-09-12 09:47:58,704 - INFO - Processed 20 ticks | Anomalies: 3
2026-09-12 09:47:58,802 - WARNING - OSINT Context for Anomaly [154.1763056331178, 135.90944218664728, 133.33336690776554]: Hidden crypto farm in Mexican mountains puts spotlight on cartel funding - reuters.com
2026-09-12 09:47:58,802 - WARNING - OSINT Context for Anomaly [154.1763056331178, 135.90944218664728, 133.33336690776554]: God told them to sell crypto. Their investors lost everything. - MIT Technology Review
2026-09-12 09:47:58,802 - WARNING - OSINT Context for Anomaly [154.1763056331178, 135.90944218664728, 133.33336690776554]: Reform receives second £36m donation in two days as crypto investor matches record - bbc.com
2026-09-12 09:48:06,833 - INFO - Processed 20 ticks | Anomalies: 4
2026-09-12 09:48:06,929 - WARNING - OSINT Context for Anomaly [128.95936987063158, 154.1763056331178, 135.90944218664728, 133.33336690776554]: Hidden crypto farm in Mexican mountains puts spotlight on cartel funding - reuters.com
2026-09-12 09:48:06,930 - WARNING - OSINT Context for Anomaly [128.95936987063158, 154.1763056331178, 135.90944218664728, 133.33336690776554]: God told them to sell crypto. Their investors lost everything. - MIT Technology Review
2026-09-12 09:48:06,930 - WARNING - OSINT Context for Anomaly [128.95936987063158, 154.1763056331178, 135.90944218664728, 133.33336690776554]: Reform receives second £36m donation in two days as crypto investor matches record - bbc.com
2026-09-12 09:48:14,960 - INFO - Processed 20 ticks | Anomalies: 4
2026-09-12 09:48:15,055 - WARNING - OSINT Context for Anomaly [128.95936987063158, 154.1763056331178, 135.90944218664728, 133.33336690776554]: Hidden crypto farm in Mexican mountains puts spotlight on cartel funding - reuters.com
2026-09-12 09:48:15,055 - WARNING - OSINT Context for Anomaly [128.95936987063158, 154.1763056331178, 135.90944218664728, 133.33336690776554]: God told them to sell crypto. Their investors lost everything. - MIT Technology Review
2026-09-12 09:48:15,055 - WARNING - OSINT Context for Anomaly [128.95936987063158, 154.1763056331178, 135.90944218664728, 133.33336690776554]: Reform receives second £36m donation in two days as crypto investor matches record - bbc.com
2026-09-12 09:48:23,085 - INFO - Processed 20 ticks | Anomalies: 4
2026-09-12 09:48:23,177 - WARNING - OSINT Context for Anomaly [128.95936987063158, 154.1763056331178, 135.90944218664728, 133.33336690776554]: Hidden crypto farm in Mexican mountains puts spotlight on cartel funding - reuters.com
2026-09-12 09:48:23,178 - WARNING - OSINT Context for Anomaly [128.95936987063158, 154.1763056331178, 135.90944218664728, 133.33336690776554]: God told them to sell crypto. Their investors lost everything. - MIT Technology Review
2026-09-12 09:48:23,178 - WARNING - OSINT Context for Anomaly [128.95936987063158, 154.1763056331178, 135.90944218664728, 133.33336690776554]: Reform receives second £36m donation in two days as crypto investor matches record - bbc.com
2026-09-12 09:48:31,207 - INFO - Processed 20 ticks | Anomalies: 3
2026-09-12 09:48:31,314 - WARNING - OSINT Context for Anomaly [128.95936987063158, 154.1763056331178, 135.90944218664728]: Hidden crypto farm in Mexican mountains puts spotlight on cartel funding - reuters.com
2026-09-12 09:48:31,314 - WARNING - OSINT Context for Anomaly [128.95936987063158, 154.1763056331178, 135.90944218664728]: God told them to sell crypto. Their investors lost everything. - MIT Technology Review
2026-09-12 09:48:31,314 - WARNING - OSINT Context for Anomaly [128.95936987063158, 154.1763056331178, 135.90944218664728]: Reform receives second £36m donation in two days as crypto investor matches record - bbc.com
2026-09-12 09:48:39,344 - INFO - Processed 20 ticks | Anomalies: 2
2026-09-12 09:48:39,434 - WARNING - OSINT Context for Anomaly [128.95936987063158, 154.1763056331178]: Hidden crypto farm in Mexican mountains puts spotlight on cartel funding - reuters.com
2026-09-12 09:48:39,435 - WARNING - OSINT Context for Anomaly [128.95936987063158, 154.1763056331178]: God told them to sell crypto. Their investors lost everything. - MIT Technology Review
2026-09-12 09:48:39,435 - WARNING - OSINT Context for Anomaly [128.95936987063158, 154.1763056331178]: Reform receives second £36m donation in two days as crypto investor matches record - bbc.com
2026-09-12 09:48:47,469 - INFO - Processed 20 ticks | Anomalies: 2
2026-09-12 09:48:47,566 - WARNING - OSINT Context for Anomaly [128.95936987063158, 154.1763056331178]: Hidden crypto farm in Mexican mountains puts spotlight on cartel funding - reuters.com
2026-09-12 09:48:47,566 - WARNING - OSINT Context for Anomaly [128.95936987063158, 154.1763056331178]: God told them to sell crypto. Their investors lost everything. - MIT Technology Review
2026-09-12 09:48:47,566 - WARNING - OSINT Context for Anomaly [128.95936987063158, 154.1763056331178]: Reform receives second £36m donation in two days as crypto investor matches record - bbc.com
2026-09-12 09:48:55,599 - INFO - Processed 20 ticks | Anomalies: 2
2026-09-12 09:48:55,699 - WARNING - OSINT Context for Anomaly [128.95936987063158, 154.1763056331178]: Hidden crypto farm in Mexican mountains puts spotlight on cartel funding - reuters.com
2026-09-12 09:48:55,699 - WARNING - OSINT Context for Anomaly [128.95936987063158, 154.1763056331178]: God told them to sell crypto. Their investors lost everything. - MIT Technology Review
2026-09-12 09:48:55,699 - WARNING - OSINT Context for Anomaly [128.95936987063158, 154.1763056331178]: Reform receives second £36m donation in two days as crypto investor matches record - bbc.com
2026-09-12 09:49:03,728 - INFO - Processed 20 ticks | Anomalies: 2
2026-09-12 09:49:03,836 - WARNING - OSINT Context for Anomaly [128.95936987063158, 154.1763056331178]: Hidden crypto farm in Mexican mountains puts spotlight on cartel funding - reuters.com
2026-09-12 09:49:03,837 - WARNING - OSINT Context for Anomaly [128.95936987063158, 154.1763056331178]: God told them to sell crypto. Their investors lost everything. - MIT Technology Review
2026-09-12 09:49:03,837 - WARNING - OSINT Context for Anomaly [128.95936987063158, 154.1763056331178]: Reform receives second £36m donation in two days as crypto investor matches record - bbc.com
2026-09-12 09:49:11,866 - INFO - Processed 20 ticks | Anomalies: 2
2026-09-12 09:49:11,962 - WARNING - OSINT Context for Anomaly [128.95936987063158, 154.1763056331178]: Hidden crypto farm in Mexican mountains puts spotlight on cartel funding - reuters.com
2026-09-12 09:49:11,963 - WARNING - OSINT Context for Anomaly [128.95936987063158, 154.1763056331178]: God told them to sell crypto. Their investors lost everything. - MIT Technology Review
2026-09-12 09:49:11,963 - WARNING - OSINT Context for Anomaly [128.95936987063158, 154.1763056331178]: Reform receives second £36m donation in two days as crypto investor matches record - bbc.com
2026-09-12 09:49:19,993 - INFO - Processed 20 ticks | Anomalies: 2
2026-09-12 09:49:20,099 - WARNING - OSINT Context for Anomaly [128.95936987063158, 154.1763056331178]: Hidden crypto farm in Mexican mountains puts spotlight on cartel funding - reuters.com
2026-09-12 09:49:20,100 - WARNING - OSINT Context for Anomaly [128.95936987063158, 154.1763056331178]: God told them to sell crypto. Their investors lost everything. - MIT Technology Review
2026-09-12 09:49:20,100 - WARNING - OSINT Context for Anomaly [128.95936987063158, 154.1763056331178]: Reform receives second £36m donation in two days as crypto investor matches record - bbc.com
2026-09-12 09:49:28,133 - INFO - Processed 20 ticks | Anomalies: 3
2026-09-12 09:49:28,234 - WARNING - OSINT Context for Anomaly [138.0037487512481, 128.95936987063158, 154.1763056331178]: Hidden crypto farm in Mexican mountains puts spotlight on cartel funding - reuters.com
2026-09-12 09:49:28,235 - WARNING - OSINT Context for Anomaly [138.0037487512481, 128.95936987063158, 154.1763056331178]: God told them to sell crypto. Their investors lost everything. - MIT Technology Review
2026-09-12 09:49:28,235 - WARNING - OSINT Context for Anomaly [138.0037487512481, 128.95936987063158, 154.1763056331178]: Reform receives second £36m donation in two days as crypto investor matches record - bbc.com
2026-09-12 09:49:36,266 - INFO - Processed 20 ticks | Anomalies: 3
2026-09-12 09:49:36,358 - WARNING - OSINT Context for Anomaly [138.0037487512481, 128.95936987063158, 154.1763056331178]: Hidden crypto farm in Mexican mountains puts spotlight on cartel funding - reuters.com
2026-09-12 09:49:36,358 - WARNING - OSINT Context for Anomaly [138.0037487512481, 128.95936987063158, 154.1763056331178]: God told them to sell crypto. Their investors lost everything. - MIT Technology Review
2026-09-12 09:49:36,358 - WARNING - OSINT Context for Anomaly [138.0037487512481, 128.95936987063158, 154.1763056331178]: Reform receives second £36m donation in two days as crypto investor matches record - bbc.com
2026-09-12 09:49:44,389 - INFO - Processed 20 ticks | Anomalies: 3
2026-09-12 09:49:44,480 - WARNING - OSINT Context for Anomaly [138.0037487512481, 128.95936987063158, 154.1763056331178]: Hidden crypto farm in Mexican mountains puts spotlight on cartel funding - reuters.com
2026-09-12 09:49:44,480 - WARNING - OSINT Context for Anomaly [138.0037487512481, 128.95936987063158, 154.1763056331178]: God told them to sell crypto. Their investors lost everything. - MIT Technology Review
2026-09-12 09:49:44,480 - WARNING - OSINT Context for Anomaly [138.0037487512481, 128.95936987063158, 154.1763056331178]: Reform receives second £36m donation in two days as crypto investor matches record - bbc.com
2026-09-12 09:49:52,516 - INFO - Processed 20 ticks | Anomalies: 4
2026-09-12 09:49:52,947 - WARNING - OSINT Context for Anomaly [145.04404774810206, 138.0037487512481, 128.95936987063158, 154.1763056331178]: Hidden crypto farm in Mexican mountains puts spotlight on cartel funding - reuters.com
2026-09-12 09:49:52,947 - WARNING - OSINT Context for Anomaly [145.04404774810206, 138.0037487512481, 128.95936987063158, 154.1763056331178]: God told them to sell crypto. Their investors lost everything. - MIT Technology Review
2026-09-12 09:49:52,947 - WARNING - OSINT Context for Anomaly [145.04404774810206, 138.0037487512481, 128.95936987063158, 154.1763056331178]: Reform receives second £36m donation in two days as crypto investor matches record - bbc.com
2026-09-12 09:50:00,979 - INFO - Processed 20 ticks | Anomalies: 3
2026-09-12 09:50:01,072 - WARNING - OSINT Context for Anomaly [145.04404774810206, 138.0037487512481, 128.95936987063158]: Hidden crypto farm in Mexican mountains puts spotlight on cartel funding - reuters.com
2026-09-12 09:50:01,072 - WARNING - OSINT Context for Anomaly [145.04404774810206, 138.0037487512481, 128.95936987063158]: God told them to sell crypto. Their investors lost everything. - MIT Technology Review
2026-09-12 09:50:01,072 - WARNING - OSINT Context for Anomaly [145.04404774810206, 138.0037487512481, 128.95936987063158]: Reform receives second £36m donation in two days as crypto investor matches record - bbc.com
2026-09-12 09:50:09,107 - INFO - Processed 20 ticks | Anomalies: 3
2026-09-12 09:50:09,198 - WARNING - OSINT Context for Anomaly [145.04404774810206, 138.0037487512481, 128.95936987063158]: Hidden crypto farm in Mexican mountains puts spotlight on cartel funding - reuters.com
2026-09-12 09:50:09,199 - WARNING - OSINT Context for Anomaly [145.04404774810206, 138.0037487512481, 128.95936987063158]: God told them to sell crypto. Their investors lost everything. - MIT Technology Review
2026-09-12 09:50:09,199 - WARNING - OSINT Context for Anomaly [145.04404774810206, 138.0037487512481, 128.95936987063158]: Reform receives second £36m donation in two days as crypto investor matches record - bbc.com
2026-09-12 09:50:17,234 - INFO - Processed 20 ticks | Anomalies: 3
2026-09-12 09:50:17,330 - WARNING - OSINT Context for Anomaly [145.04404774810206, 138.0037487512481, 128.95936987063158]: Hidden crypto farm in Mexican mountains puts spotlight on cartel funding - reuters.com
2026-09-12 09:50:17,331 - WARNING - OSINT Context for Anomaly [145.04404774810206, 138.0037487512481, 128.95936987063158]: God told them to sell crypto. Their investors lost everything. - MIT Technology Review
2026-09-12 09:50:17,331 - WARNING - OSINT Context for Anomaly [145.04404774810206, 138.0037487512481, 128.95936987063158]: Reform receives second £36m donation in two days as crypto investor matches record - bbc.com
2026-09-12 09:50:25,361 - INFO - Processed 20 ticks | Anomalies: 3
2026-09-12 09:50:25,465 - WARNING - OSINT Context for Anomaly [145.04404774810206, 138.0037487512481, 128.95936987063158]: Hidden crypto farm in Mexican mountains puts spotlight on cartel funding - reuters.com
2026-09-12 09:50:25,466 - WARNING - OSINT Context for Anomaly [145.04404774810206, 138.0037487512481, 128.95936987063158]: God told them to sell crypto. Their investors lost everything. - MIT Technology Review
2026-09-12 09:50:25,466 - WARNING - OSINT Context for Anomaly [145.04404774810206, 138.0037487512481, 128.95936987063158]: Reform receives second £36m donation in two days as crypto investor matches record - bbc.com
2026-09-12 09:50:33,496 - INFO - Processed 20 ticks | Anomalies: 3
2026-09-12 09:50:33,596 - WARNING - OSINT Context for Anomaly [145.04404774810206, 138.0037487512481, 128.95936987063158]: Hidden crypto farm in Mexican mountains puts spotlight on cartel funding - reuters.com
2026-09-12 09:50:33,597 - WARNING - OSINT Context for Anomaly [145.04404774810206, 138.0037487512481, 128.95936987063158]: God told them to sell crypto. Their investors lost everything. - MIT Technology Review
2026-09-12 09:50:33,597 - WARNING - OSINT Context for Anomaly [145.04404774810206, 138.0037487512481, 128.95936987063158]: Reform receives second £36m donation in two days as crypto investor matches record - bbc.com
2026-09-12 09:50:41,627 - INFO - Processed 20 ticks | Anomalies: 3
2026-09-12 09:50:41,725 - WARNING - OSINT Context for Anomaly [145.04404774810206, 138.0037487512481, 128.95936987063158]: Hidden crypto farm in Mexican mountains puts spotlight on cartel funding - reuters.com
2026-09-12 09:50:41,725 - WARNING - OSINT Context for Anomaly [145.04404774810206, 138.0037487512481, 128.95936987063158]: God told them to sell crypto. Their investors lost everything. - MIT Technology Review
2026-09-12 09:50:41,725 - WARNING - OSINT Context for Anomaly [145.04404774810206, 138.0037487512481, 128.95936987063158]: Reform receives second £36m donation in two days as crypto investor matches record - bbc.com
2026-09-12 09:50:49,756 - INFO - Processed 20 ticks | Anomalies: 2
2026-09-12 09:50:49,852 - WARNING - OSINT Context for Anomaly [145.04404774810206, 138.0037487512481]: Hidden crypto farm in Mexican mountains puts spotlight on cartel funding - reuters.com
2026-09-12 09:50:49,852 - WARNING - OSINT Context for Anomaly [145.04404774810206, 138.0037487512481]: God told them to sell crypto. Their investors lost everything. - MIT Technology Review
2026-09-12 09:50:49,852 - WARNING - OSINT Context for Anomaly [145.04404774810206, 138.0037487512481]: Reform receives second £36m donation in two days as crypto investor matches record - bbc.com
2026-09-12 09:50:57,889 - INFO - Processed 20 ticks | Anomalies: 2
2026-09-12 09:50:57,999 - WARNING - OSINT Context for Anomaly [145.04404774810206, 138.0037487512481]: Hidden crypto farm in Mexican mountains puts spotlight on cartel funding - reuters.com
2026-09-12 09:50:58,000 - WARNING - OSINT Context for Anomaly [145.04404774810206, 138.0037487512481]: God told them to sell crypto. Their investors lost everything. - MIT Technology Review
2026-09-12 09:50:58,000 - WARNING - OSINT Context for Anomaly [145.04404774810206, 138.0037487512481]: Reform receives second £36m donation in two days as crypto investor matches record - bbc.com
2026-09-12 09:51:06,030 - INFO - Processed 20 ticks | Anomalies: 2
2026-09-12 09:51:06,125 - WARNING - OSINT Context for Anomaly [145.04404774810206, 138.0037487512481]: Hidden crypto farm in Mexican mountains puts spotlight on cartel funding - reuters.com
2026-09-12 09:51:06,126 - WARNING - OSINT Context for Anomaly [145.04404774810206, 138.0037487512481]: God told them to sell crypto. Their investors lost everything. - MIT Technology Review
2026-09-12 09:51:06,126 - WARNING - OSINT Context for Anomaly [145.04404774810206, 138.0037487512481]: Reform receives second £36m donation in two days as crypto investor matches record - bbc.com
2026-09-12 09:51:14,157 - INFO - Processed 20 ticks | Anomalies: 2
2026-09-12 09:51:14,254 - WARNING - OSINT Context for Anomaly [145.04404774810206, 138.0037487512481]: Hidden crypto farm in Mexican mountains puts spotlight on cartel funding - reuters.com
2026-09-12 09:51:14,254 - WARNING - OSINT Context for Anomaly [145.04404774810206, 138.0037487512481]: God told them to sell crypto. Their investors lost everything. - MIT Technology Review
2026-09-12 09:51:14,254 - WARNING - OSINT Context for Anomaly [145.04404774810206, 138.0037487512481]: Reform receives second £36m donation in two days as crypto investor matches record - bbc.com
2026-09-12 09:51:22,290 - INFO - Processed 20 ticks | Anomalies: 2
2026-09-12 09:51:22,387 - WARNING - OSINT Context for Anomaly [145.04404774810206, 138.0037487512481]: Hidden crypto farm in Mexican mountains puts spotlight on cartel funding - reuters.com
2026-09-12 09:51:22,387 - WARNING - OSINT Context for Anomaly [145.04404774810206, 138.0037487512481]: God told them to sell crypto. Their investors lost everything. - MIT Technology Review
2026-09-12 09:51:22,387 - WARNING - OSINT Context for Anomaly [145.04404774810206, 138.0037487512481]: Reform receives second £36m donation in two days as crypto investor matches record - bbc.com
2026-09-12 09:51:30,420 - INFO - Processed 20 ticks | Anomalies: 2
2026-09-12 09:51:30,513 - WARNING - OSINT Context for Anomaly [145.04404774810206, 138.0037487512481]: Hidden crypto farm in Mexican mountains puts spotlight on cartel funding - reuters.com
2026-09-12 09:51:30,514 - WARNING - OSINT Context for Anomaly [145.04404774810206, 138.0037487512481]: God told them to sell crypto. Their investors lost everything. - MIT Technology Review
2026-09-12 09:51:30,514 - WARNING - OSINT Context for Anomaly [145.04404774810206, 138.0037487512481]: Reform receives second £36m donation in two days as crypto investor matches record - bbc.com
2026-09-12 09:51:38,545 - INFO - Processed 20 ticks | Anomalies: 2
2026-09-12 09:51:38,634 - WARNING - OSINT Context for Anomaly [145.04404774810206, 138.0037487512481]: Hidden crypto farm in Mexican mountains puts spotlight on cartel funding - reuters.com
2026-09-12 09:51:38,634 - WARNING - OSINT Context for Anomaly [145.04404774810206, 138.0037487512481]: God told them to sell crypto. Their investors lost everything. - MIT Technology Review
2026-09-12 09:51:38,634 - WARNING - OSINT Context for Anomaly [145.04404774810206, 138.0037487512481]: Reform receives second £36m donation in two days as crypto investor matches record - bbc.com
2026-09-12 09:51:46,665 - INFO - Processed 20 ticks | Anomalies: 2
2026-09-12 09:51:47,107 - WARNING - OSINT Context for Anomaly [145.04404774810206, 138.0037487512481]: Hidden crypto farm in Mexican mountains puts spotlight on cartel funding - reuters.com
2026-09-12 09:51:47,107 - WARNING - OSINT Context for Anomaly [145.04404774810206, 138.0037487512481]: Hunter Biden’s Crypto Offering Plummets Upon Launching - The New York Times
2026-09-12 09:51:47,108 - WARNING - OSINT Context for Anomaly [145.04404774810206, 138.0037487512481]: Reform receives second £36m donation in two days as crypto investor matches record - bbc.com
2026-09-12 09:51:55,141 - INFO - Processed 20 ticks | Anomalies: 2
2026-09-12 09:51:55,240 - WARNING - OSINT Context for Anomaly [145.04404774810206, 138.0037487512481]: Hidden crypto farm in Mexican mountains puts spotlight on cartel funding - reuters.com
2026-09-12 09:51:55,241 - WARNING - OSINT Context for Anomaly [145.04404774810206, 138.0037487512481]: Hunter Biden’s Crypto Offering Plummets Upon Launching - The New York Times
2026-09-12 09:51:55,241 - WARNING - OSINT Context for Anomaly [145.04404774810206, 138.0037487512481]: Reform receives second £36m donation in two days as crypto investor matches record - bbc.com
2026-09-12 09:52:03,278 - INFO - Processed 20 ticks | Anomalies: 2
2026-09-12 09:52:03,864 - WARNING - OSINT Context for Anomaly [145.04404774810206, 138.0037487512481]: Hidden crypto farm in Mexican mountains puts spotlight on cartel funding - reuters.com
2026-09-12 09:52:03,864 - WARNING - OSINT Context for Anomaly [145.04404774810206, 138.0037487512481]: Hunter Biden’s Crypto Offering Plummets Upon Launching - The New York Times
2026-09-12 09:52:03,864 - WARNING - OSINT Context for Anomaly [145.04404774810206, 138.0037487512481]: Reform receives second £36m donation in two days as crypto investor matches record - bbc.com
2026-09-12 09:52:11,895 - INFO - Processed 20 ticks | Anomalies: 1
2026-09-12 09:52:12,001 - WARNING - OSINT Context for Anomaly [145.04404774810206]: Hidden crypto farm in Mexican mountains puts spotlight on cartel funding - reuters.com
2026-09-12 09:52:12,002 - WARNING - OSINT Context for Anomaly [145.04404774810206]: Hunter Biden’s Crypto Offering Plummets Upon Launching - The New York Times
2026-09-12 09:52:12,002 - WARNING - OSINT Context for Anomaly [145.04404774810206]: Reform receives second £36m donation in two days as crypto investor matches record - bbc.com
2026-09-12 09:52:20,033 - INFO - Processed 20 ticks | Anomalies: 1
2026-09-12 09:52:20,147 - WARNING - OSINT Context for Anomaly [145.04404774810206]: Hidden crypto farm in Mexican mountains puts spotlight on cartel funding - reuters.com
2026-09-12 09:52:20,148 - WARNING - OSINT Context for Anomaly [145.04404774810206]: Hunter Biden’s Crypto Offering Plummets Upon Launching - The New York Times
2026-09-12 09:52:20,148 - WARNING - OSINT Context for Anomaly [145.04404774810206]: Reform receives second £36m donation in two days as crypto investor matches record - bbc.com
2026-09-12 09:52:28,178 - INFO - Processed 20 ticks | Anomalies: 1
2026-09-12 09:52:28,283 - WARNING - OSINT Context for Anomaly [145.04404774810206]: Hidden crypto farm in Mexican mountains puts spotlight on cartel funding - reuters.com
2026-09-12 09:52:28,284 - WARNING - OSINT Context for Anomaly [145.04404774810206]: Hunter Biden’s Crypto Offering Plummets Upon Launching - The New York Times
2026-09-12 09:52:28,284 - WARNING - OSINT Context for Anomaly [145.04404774810206]: Reform receives second £36m donation in two days as crypto investor matches record - bbc.com
2026-09-12 09:52:36,324 - INFO - Processed 20 ticks | Anomalies: 0
2026-09-12 09:52:44,355 - INFO - Processed 20 ticks | Anomalies: 0
2026-09-12 09:52:52,383 - INFO - Processed 20 ticks | Anomalies: 1
2026-09-12 09:52:52,496 - WARNING - OSINT Context for Anomaly [138.5005551565058]: Hidden crypto farm in Mexican mountains puts spotlight on cartel funding - reuters.com
2026-09-12 09:52:52,497 - WARNING - OSINT Context for Anomaly [138.5005551565058]: Hunter Biden’s Crypto Offering Plummets Upon Launching - The New York Times
2026-09-12 09:52:52,497 - WARNING - OSINT Context for Anomaly [138.5005551565058]: Reform receives second £36m donation in two days as crypto investor matches record - bbc.com
2026-09-12 09:53:00,527 - INFO - Processed 20 ticks | Anomalies: 2
2026-09-12 09:53:00,620 - WARNING - OSINT Context for Anomaly [126.25086366302523, 138.5005551565058]: Hidden crypto farm in Mexican mountains puts spotlight on cartel funding - reuters.com
2026-09-12 09:53:00,620 - WARNING - OSINT Context for Anomaly [126.25086366302523, 138.5005551565058]: Hunter Biden’s Crypto Offering Plummets Upon Launching - The New York Times
2026-09-12 09:53:00,621 - WARNING - OSINT Context for Anomaly [126.25086366302523, 138.5005551565058]: Reform receives second £36m donation in two days as crypto investor matches record - bbc.com
2026-09-12 09:53:08,661 - INFO - Processed 20 ticks | Anomalies: 2
2026-09-12 09:53:08,758 - WARNING - OSINT Context for Anomaly [126.25086366302523, 138.5005551565058]: Hidden crypto farm in Mexican mountains puts spotlight on cartel funding - reuters.com
2026-09-12 09:53:08,758 - WARNING - OSINT Context for Anomaly [126.25086366302523, 138.5005551565058]: Hunter Biden’s Crypto Offering Plummets Upon Launching - The New York Times
2026-09-12 09:53:08,758 - WARNING - OSINT Context for Anomaly [126.25086366302523, 138.5005551565058]: Reform receives second £36m donation in two days as crypto investor matches record - bbc.com
2026-09-12 09:53:16,790 - INFO - Processed 20 ticks | Anomalies: 2
2026-09-12 09:53:16,894 - WARNING - OSINT Context for Anomaly [126.25086366302523, 138.5005551565058]: Hidden crypto farm in Mexican mountains puts spotlight on cartel funding - reuters.com
2026-09-12 09:53:16,894 - WARNING - OSINT Context for Anomaly [126.25086366302523, 138.5005551565058]: Hunter Biden’s Crypto Offering Plummets Upon Launching - The New York Times
2026-09-12 09:53:16,894 - WARNING - OSINT Context for Anomaly [126.25086366302523, 138.5005551565058]: Reform receives second £36m donation in two days as crypto investor matches record - bbc.com
2026-09-12 09:53:24,926 - INFO - Processed 20 ticks | Anomalies: 2
2026-09-12 09:53:25,028 - WARNING - OSINT Context for Anomaly [126.25086366302523, 138.5005551565058]: Hidden crypto farm in Mexican mountains puts spotlight on cartel funding - reuters.com
2026-09-12 09:53:25,029 - WARNING - OSINT Context for Anomaly [126.25086366302523, 138.5005551565058]: Hunter Biden’s Crypto Offering Plummets Upon Launching - The New York Times
2026-09-12 09:53:25,029 - WARNING - OSINT Context for Anomaly [126.25086366302523, 138.5005551565058]: Reform receives second £36m donation in two days as crypto investor matches record - bbc.com
2026-09-12 09:53:33,060 - INFO - Processed 20 ticks | Anomalies: 2
2026-09-12 09:53:33,165 - WARNING - OSINT Context for Anomaly [126.25086366302523, 138.5005551565058]: Hidden crypto farm in Mexican mountains puts spotlight on cartel funding - reuters.com
2026-09-12 09:53:33,165 - WARNING - OSINT Context for Anomaly [126.25086366302523, 138.5005551565058]: Hunter Biden’s Crypto Offering Plummets Upon Launching - The New York Times
2026-09-12 09:53:33,165 - WARNING - OSINT Context for Anomaly [126.25086366302523, 138.5005551565058]: Reform receives second £36m donation in two days as crypto investor matches record - bbc.com
2026-09-12 09:53:41,196 - INFO - Processed 20 ticks | Anomalies: 2
2026-09-12 09:53:41,295 - WARNING - OSINT Context for Anomaly [126.25086366302523, 138.5005551565058]: Hidden crypto farm in Mexican mountains puts spotlight on cartel funding - reuters.com
2026-09-12 09:53:41,295 - WARNING - OSINT Context for Anomaly [126.25086366302523, 138.5005551565058]: Hunter Biden’s Crypto Offering Plummets Upon Launching - The New York Times
2026-09-12 09:53:41,296 - WARNING - OSINT Context for Anomaly [126.25086366302523, 138.5005551565058]: Reform receives second £36m donation in two days as crypto investor matches record - bbc.com
2026-09-12 09:53:49,327 - INFO - Processed 20 ticks | Anomalies: 2
2026-09-12 09:53:49,427 - WARNING - OSINT Context for Anomaly [126.25086366302523, 138.5005551565058]: Hidden crypto farm in Mexican mountains puts spotlight on cartel funding - reuters.com
2026-09-12 09:53:49,428 - WARNING - OSINT Context for Anomaly [126.25086366302523, 138.5005551565058]: Hunter Biden’s Crypto Offering Plummets Upon Launching - The New York Times
2026-09-12 09:53:49,428 - WARNING - OSINT Context for Anomaly [126.25086366302523, 138.5005551565058]: Reform receives second £36m donation in two days as crypto investor matches record - bbc.com
2026-09-12 09:53:57,461 - INFO - Processed 20 ticks | Anomalies: 2
2026-09-12 09:53:57,556 - WARNING - OSINT Context for Anomaly [126.25086366302523, 138.5005551565058]: Hidden crypto farm in Mexican mountains puts spotlight on cartel funding - reuters.com
2026-09-12 09:53:57,556 - WARNING - OSINT Context for Anomaly [126.25086366302523, 138.5005551565058]: Hunter Biden’s Crypto Offering Plummets Upon Launching - The New York Times
2026-09-12 09:53:57,556 - WARNING - OSINT Context for Anomaly [126.25086366302523, 138.5005551565058]: Reform receives second £36m donation in two days as crypto investor matches record - bbc.com
2026-09-12 09:54:05,588 - INFO - Processed 20 ticks | Anomalies: 2
2026-09-12 09:54:06,037 - WARNING - OSINT Context for Anomaly [126.25086366302523, 138.5005551565058]: Hidden crypto farm in Mexican mountains puts spotlight on cartel funding - reuters.com
2026-09-12 09:54:06,038 - WARNING - OSINT Context for Anomaly [126.25086366302523, 138.5005551565058]: Hunter Biden’s Crypto Offering Plummets Upon Launching - The New York Times
2026-09-12 09:54:06,038 - WARNING - OSINT Context for Anomaly [126.25086366302523, 138.5005551565058]: Reform receives second £36m donation in two days as crypto investor matches record - bbc.com
2026-09-12 09:54:14,076 - INFO - Processed 20 ticks | Anomalies: 3
2026-09-12 09:54:14,178 - WARNING - OSINT Context for Anomaly [135.6719797777086, 126.25086366302523, 138.5005551565058]: Hidden crypto farm in Mexican mountains puts spotlight on cartel funding - reuters.com
2026-09-12 09:54:14,179 - WARNING - OSINT Context for Anomaly [135.6719797777086, 126.25086366302523, 138.5005551565058]: Hunter Biden’s Crypto Offering Plummets Upon Launching - The New York Times
2026-09-12 09:54:14,179 - WARNING - OSINT Context for Anomaly [135.6719797777086, 126.25086366302523, 138.5005551565058]: Reform receives second £36m donation in two days as crypto investor matches record - bbc.com
2026-09-12 09:54:22,209 - INFO - Processed 20 ticks | Anomalies: 4
2026-09-12 09:54:22,292 - WARNING - OSINT Context for Anomaly [141.43236404989986, 135.6719797777086, 126.25086366302523, 138.5005551565058]: Hidden crypto farm in Mexican mountains puts spotlight on cartel funding - reuters.com
2026-09-12 09:54:22,293 - WARNING - OSINT Context for Anomaly [141.43236404989986, 135.6719797777086, 126.25086366302523, 138.5005551565058]: Hunter Biden’s Crypto Offering Plummets Upon Launching - The New York Times
2026-09-12 09:54:22,293 - WARNING - OSINT Context for Anomaly [141.43236404989986, 135.6719797777086, 126.25086366302523, 138.5005551565058]: Reform receives second £36m donation in two days as crypto investor matches record - bbc.com
2026-09-12 09:54:30,323 - INFO - Processed 20 ticks | Anomalies: 5
2026-09-12 09:54:30,417 - WARNING - OSINT Context for Anomaly [133.57280232817723, 141.43236404989986, 135.6719797777086, 126.25086366302523, 138.5005551565058]: Hidden crypto farm in Mexican mountains puts spotlight on cartel funding - reuters.com
2026-09-12 09:54:30,417 - WARNING - OSINT Context for Anomaly [133.57280232817723, 141.43236404989986, 135.6719797777086, 126.25086366302523, 138.5005551565058]: Hunter Biden’s Crypto Offering Plummets Upon Launching - The New York Times
2026-09-12 09:54:30,417 - WARNING - OSINT Context for Anomaly [133.57280232817723, 141.43236404989986, 135.6719797777086, 126.25086366302523, 138.5005551565058]: Reform receives second £36m donation in two days as crypto investor matches record - bbc.com
2026-09-12 09:54:38,449 - INFO - Processed 20 ticks | Anomalies: 5
2026-09-12 09:54:38,553 - WARNING - OSINT Context for Anomaly [133.57280232817723, 141.43236404989986, 135.6719797777086, 126.25086366302523, 138.5005551565058]: Hidden crypto farm in Mexican mountains puts spotlight on cartel funding - reuters.com
2026-09-12 09:54:38,553 - WARNING - OSINT Context for Anomaly [133.57280232817723, 141.43236404989986, 135.6719797777086, 126.25086366302523, 138.5005551565058]: Hunter Biden’s Crypto Offering Plummets Upon Launching - The New York Times
2026-09-12 09:54:38,554 - WARNING - OSINT Context for Anomaly [133.57280232817723, 141.43236404989986, 135.6719797777086, 126.25086366302523, 138.5005551565058]: Reform receives second £36m donation in two days as crypto investor matches record - bbc.com
2026-09-12 09:54:46,585 - INFO - Processed 20 ticks | Anomalies: 5
2026-09-12 09:54:46,675 - WARNING - OSINT Context for Anomaly [133.57280232817723, 141.43236404989986, 135.6719797777086, 126.25086366302523, 138.5005551565058]: Hidden crypto farm in Mexican mountains puts spotlight on cartel funding - reuters.com
2026-09-12 09:54:46,675 - WARNING - OSINT Context for Anomaly [133.57280232817723, 141.43236404989986, 135.6719797777086, 126.25086366302523, 138.5005551565058]: Hunter Biden’s Crypto Offering Plummets Upon Launching - The New York Times
2026-09-12 09:54:46,675 - WARNING - OSINT Context for Anomaly [133.57280232817723, 141.43236404989986, 135.6719797777086, 126.25086366302523, 138.5005551565058]: Reform receives second £36m donation in two days as crypto investor matches record - bbc.com
2026-09-12 09:54:54,710 - INFO - Processed 20 ticks | Anomalies: 5
2026-09-12 09:54:54,816 - WARNING - OSINT Context for Anomaly [133.57280232817723, 141.43236404989986, 135.6719797777086, 126.25086366302523, 138.5005551565058]: Hidden crypto farm in Mexican mountains puts spotlight on cartel funding - reuters.com
2026-09-12 09:54:54,816 - WARNING - OSINT Context for Anomaly [133.57280232817723, 141.43236404989986, 135.6719797777086, 126.25086366302523, 138.5005551565058]: Hunter Biden’s Crypto Offering Plummets Upon Launching - The New York Times
2026-09-12 09:54:54,816 - WARNING - OSINT Context for Anomaly [133.57280232817723, 141.43236404989986, 135.6719797777086, 126.25086366302523, 138.5005551565058]: Reform receives second £36m donation in two days as crypto investor matches record - bbc.com
2026-09-12 09:55:02,847 - INFO - Processed 20 ticks | Anomalies: 5
2026-09-12 09:55:02,939 - WARNING - OSINT Context for Anomaly [133.57280232817723, 141.43236404989986, 135.6719797777086, 126.25086366302523, 138.5005551565058]: Hidden crypto farm in Mexican mountains puts spotlight on cartel funding - reuters.com
2026-09-12 09:55:02,939 - WARNING - OSINT Context for Anomaly [133.57280232817723, 141.43236404989986, 135.6719797777086, 126.25086366302523, 138.5005551565058]: Hunter Biden’s Crypto Offering Plummets Upon Launching - The New York Times
2026-09-12 09:55:02,939 - WARNING - OSINT Context for Anomaly [133.57280232817723, 141.43236404989986, 135.6719797777086, 126.25086366302523, 138.5005551565058]: Reform receives second £36m donation in two days as crypto investor matches record - bbc.com
2026-09-12 09:55:10,977 - INFO - Processed 20 ticks | Anomalies: 5
2026-09-12 09:55:11,071 - WARNING - OSINT Context for Anomaly [133.57280232817723, 141.43236404989986, 135.6719797777086, 126.25086366302523, 138.5005551565058]: Hidden crypto farm in Mexican mountains puts spotlight on cartel funding - reuters.com
2026-09-12 09:55:11,072 - WARNING - OSINT Context for Anomaly [133.57280232817723, 141.43236404989986, 135.6719797777086, 126.25086366302523, 138.5005551565058]: Hunter Biden’s Crypto Offering Plummets Upon Launching - The New York Times
2026-09-12 09:55:11,072 - WARNING - OSINT Context for Anomaly [133.57280232817723, 141.43236404989986, 135.6719797777086, 126.25086366302523, 138.5005551565058]: Reform receives second £36m donation in two days as crypto investor matches record - bbc.com
2026-09-12 09:55:19,104 - INFO - Processed 20 ticks | Anomalies: 5
2026-09-12 09:55:19,205 - WARNING - OSINT Context for Anomaly [133.57280232817723, 141.43236404989986, 135.6719797777086, 126.25086366302523, 138.5005551565058]: Hidden crypto farm in Mexican mountains puts spotlight on cartel funding - reuters.com
2026-09-12 09:55:19,206 - WARNING - OSINT Context for Anomaly [133.57280232817723, 141.43236404989986, 135.6719797777086, 126.25086366302523, 138.5005551565058]: Hunter Biden’s Crypto Offering Plummets Upon Launching - The New York Times
2026-09-12 09:55:19,206 - WARNING - OSINT Context for Anomaly [133.57280232817723, 141.43236404989986, 135.6719797777086, 126.25086366302523, 138.5005551565058]: Reform receives second £36m donation in two days as crypto investor matches record - bbc.com
2026-09-12 09:55:27,241 - INFO - Processed 20 ticks | Anomalies: 6
2026-09-12 09:55:27,342 - WARNING - OSINT Context for Anomaly [139.59316212427737, 133.57280232817723, 141.43236404989986, 135.6719797777086, 126.25086366302523, 138.5005551565058]: Hidden crypto farm in Mexican mountains puts spotlight on cartel funding - reuters.com
2026-09-12 09:55:27,343 - WARNING - OSINT Context for Anomaly [139.59316212427737, 133.57280232817723, 141.43236404989986, 135.6719797777086, 126.25086366302523, 138.5005551565058]: Hunter Biden’s Crypto Offering Plummets Upon Launching - The New York Times
2026-09-12 09:55:27,343 - WARNING - OSINT Context for Anomaly [139.59316212427737, 133.57280232817723, 141.43236404989986, 135.6719797777086, 126.25086366302523, 138.5005551565058]: Reform receives second £36m donation in two days as crypto investor matches record - bbc.com
2026-09-12 09:55:35,373 - INFO - Processed 20 ticks | Anomalies: 5
2026-09-12 09:55:35,462 - WARNING - OSINT Context for Anomaly [139.59316212427737, 133.57280232817723, 141.43236404989986, 135.6719797777086, 126.25086366302523]: Hidden crypto farm in Mexican mountains puts spotlight on cartel funding - reuters.com
2026-09-12 09:55:35,463 - WARNING - OSINT Context for Anomaly [139.59316212427737, 133.57280232817723, 141.43236404989986, 135.6719797777086, 126.25086366302523]: Hunter Biden’s Crypto Offering Plummets Upon Launching - The New York Times
2026-09-12 09:55:35,463 - WARNING - OSINT Context for Anomaly [139.59316212427737, 133.57280232817723, 141.43236404989986, 135.6719797777086, 126.25086366302523]: Reform receives second £36m donation in two days as crypto investor matches record - bbc.com
2026-09-12 09:55:43,493 - INFO - Processed 20 ticks | Anomalies: 4
2026-09-12 09:55:43,592 - WARNING - OSINT Context for Anomaly [139.59316212427737, 133.57280232817723, 141.43236404989986, 135.6719797777086]: Hidden crypto farm in Mexican mountains puts spotlight on cartel funding - reuters.com
2026-09-12 09:55:43,592 - WARNING - OSINT Context for Anomaly [139.59316212427737, 133.57280232817723, 141.43236404989986, 135.6719797777086]: Hunter Biden’s Crypto Offering Plummets Upon Launching - The New York Times
2026-09-12 09:55:43,592 - WARNING - OSINT Context for Anomaly [139.59316212427737, 133.57280232817723, 141.43236404989986, 135.6719797777086]: Reform receives second £36m donation in two days as crypto investor matches record - bbc.com
2026-09-12 09:55:51,623 - INFO - Processed 20 ticks | Anomalies: 4
2026-09-12 09:55:51,717 - WARNING - OSINT Context for Anomaly [139.59316212427737, 133.57280232817723, 141.43236404989986, 135.6719797777086]: Hidden crypto farm in Mexican mountains puts spotlight on cartel funding - reuters.com
2026-09-12 09:55:51,717 - WARNING - OSINT Context for Anomaly [139.59316212427737, 133.57280232817723, 141.43236404989986, 135.6719797777086]: Hunter Biden’s Crypto Offering Plummets Upon Launching - The New York Times
2026-09-12 09:55:51,717 - WARNING - OSINT Context for Anomaly [139.59316212427737, 133.57280232817723, 141.43236404989986, 135.6719797777086]: Reform receives second £36m donation in two days as crypto investor matches record - bbc.com
2026-09-12 09:55:59,746 - INFO - Processed 20 ticks | Anomalies: 4
2026-09-12 09:55:59,836 - WARNING - OSINT Context for Anomaly [139.59316212427737, 133.57280232817723, 141.43236404989986, 135.6719797777086]: Hidden crypto farm in Mexican mountains puts spotlight on cartel funding - reuters.com
2026-09-12 09:55:59,837 - WARNING - OSINT Context for Anomaly [139.59316212427737, 133.57280232817723, 141.43236404989986, 135.6719797777086]: Hunter Biden’s Crypto Offering Plummets Upon Launching - The New York Times
2026-09-12 09:55:59,837 - WARNING - OSINT Context for Anomaly [139.59316212427737, 133.57280232817723, 141.43236404989986, 135.6719797777086]: Reform receives second £36m donation in two days as crypto investor matches record - bbc.com
2026-09-12 09:56:07,867 - INFO - Processed 20 ticks | Anomalies: 4
2026-09-12 09:56:08,302 - WARNING - OSINT Context for Anomaly [139.59316212427737, 133.57280232817723, 141.43236404989986, 135.6719797777086]: Hidden crypto farm in Mexican mountains puts spotlight on cartel funding - reuters.com
2026-09-12 09:56:08,302 - WARNING - OSINT Context for Anomaly [139.59316212427737, 133.57280232817723, 141.43236404989986, 135.6719797777086]: Hunter Biden’s Crypto Offering Plummets Upon Launching - The New York Times
2026-09-12 09:56:08,303 - WARNING - OSINT Context for Anomaly [139.59316212427737, 133.57280232817723, 141.43236404989986, 135.6719797777086]: Reform receives second £36m donation in two days as crypto investor matches record - BBC
2026-09-12 09:56:16,343 - INFO - Processed 20 ticks | Anomalies: 4
2026-09-12 09:56:16,441 - WARNING - OSINT Context for Anomaly [139.59316212427737, 133.57280232817723, 141.43236404989986, 135.6719797777086]: Hidden crypto farm in Mexican mountains puts spotlight on cartel funding - reuters.com
2026-09-12 09:56:16,441 - WARNING - OSINT Context for Anomaly [139.59316212427737, 133.57280232817723, 141.43236404989986, 135.6719797777086]: Hunter Biden’s Crypto Offering Plummets Upon Launching - The New York Times
2026-09-12 09:56:16,441 - WARNING - OSINT Context for Anomaly [139.59316212427737, 133.57280232817723, 141.43236404989986, 135.6719797777086]: Reform receives second £36m donation in two days as crypto investor matches record - BBC
2026-09-12 09:56:24,473 - INFO - Processed 20 ticks | Anomalies: 4
2026-09-12 09:56:24,583 - WARNING - OSINT Context for Anomaly [139.59316212427737, 133.57280232817723, 141.43236404989986, 135.6719797777086]: Hidden crypto farm in Mexican mountains puts spotlight on cartel funding - reuters.com
2026-09-12 09:56:24,584 - WARNING - OSINT Context for Anomaly [139.59316212427737, 133.57280232817723, 141.43236404989986, 135.6719797777086]: Hunter Biden’s Crypto Offering Plummets Upon Launching - The New York Times
2026-09-12 09:56:24,584 - WARNING - OSINT Context for Anomaly [139.59316212427737, 133.57280232817723, 141.43236404989986, 135.6719797777086]: Reform receives second £36m donation in two days as crypto investor matches record - BBC
2026-09-12 09:56:32,612 - INFO - Processed 20 ticks | Anomalies: 4
2026-09-12 09:56:32,707 - WARNING - OSINT Context for Anomaly [139.59316212427737, 133.57280232817723, 141.43236404989986, 135.6719797777086]: Hidden crypto farm in Mexican mountains puts spotlight on cartel funding - reuters.com
2026-09-12 09:56:32,707 - WARNING - OSINT Context for Anomaly [139.59316212427737, 133.57280232817723, 141.43236404989986, 135.6719797777086]: Hunter Biden’s Crypto Offering Plummets Upon Launching - The New York Times
2026-09-12 09:56:32,707 - WARNING - OSINT Context for Anomaly [139.59316212427737, 133.57280232817723, 141.43236404989986, 135.6719797777086]: Reform receives second £36m donation in two days as crypto investor matches record - BBC
2026-09-12 09:56:40,737 - INFO - Processed 20 ticks | Anomalies: 4
2026-09-12 09:56:40,836 - WARNING - OSINT Context for Anomaly [139.59316212427737, 133.57280232817723, 141.43236404989986, 135.6719797777086]: Hidden crypto farm in Mexican mountains puts spotlight on cartel funding - reuters.com
2026-09-12 09:56:40,836 - WARNING - OSINT Context for Anomaly [139.59316212427737, 133.57280232817723, 141.43236404989986, 135.6719797777086]: Hunter Biden’s Crypto Offering Plummets Upon Launching - The New York Times
2026-09-12 09:56:40,836 - WARNING - OSINT Context for Anomaly [139.59316212427737, 133.57280232817723, 141.43236404989986, 135.6719797777086]: Reform receives second £36m donation in two days as crypto investor matches record - BBC
2026-09-12 09:56:48,870 - INFO - Processed 20 ticks | Anomalies: 4
2026-09-12 09:56:48,968 - WARNING - OSINT Context for Anomaly [139.59316212427737, 133.57280232817723, 141.43236404989986, 135.6719797777086]: Hidden crypto farm in Mexican mountains puts spotlight on cartel funding - reuters.com
2026-09-12 09:56:48,968 - WARNING - OSINT Context for Anomaly [139.59316212427737, 133.57280232817723, 141.43236404989986, 135.6719797777086]: Hunter Biden’s Crypto Offering Plummets Upon Launching - The New York Times
2026-09-12 09:56:48,968 - WARNING - OSINT Context for Anomaly [139.59316212427737, 133.57280232817723, 141.43236404989986, 135.6719797777086]: Reform receives second £36m donation in two days as crypto investor matches record - BBC
2026-09-12 09:56:57,004 - INFO - Processed 20 ticks | Anomalies: 3
2026-09-12 09:56:57,103 - WARNING - OSINT Context for Anomaly [139.59316212427737, 133.57280232817723, 141.43236404989986]: Hidden crypto farm in Mexican mountains puts spotlight on cartel funding - reuters.com
2026-09-12 09:56:57,103 - WARNING - OSINT Context for Anomaly [139.59316212427737, 133.57280232817723, 141.43236404989986]: Hunter Biden’s Crypto Offering Plummets Upon Launching - The New York Times
2026-09-12 09:56:57,104 - WARNING - OSINT Context for Anomaly [139.59316212427737, 133.57280232817723, 141.43236404989986]: Reform receives second £36m donation in two days as crypto investor matches record - BBC
2026-09-12 09:57:05,138 - INFO - Processed 20 ticks | Anomalies: 2
2026-09-12 09:57:05,267 - WARNING - OSINT Context for Anomaly [139.59316212427737, 133.57280232817723]: Hidden crypto farm in Mexican mountains puts spotlight on cartel funding - reuters.com
2026-09-12 09:57:05,268 - WARNING - OSINT Context for Anomaly [139.59316212427737, 133.57280232817723]: Hunter Biden’s Crypto Offering Plummets Upon Launching - The New York Times
2026-09-12 09:57:05,268 - WARNING - OSINT Context for Anomaly [139.59316212427737, 133.57280232817723]: Reform receives second £36m donation in two days as crypto investor matches record - BBC
2026-09-12 09:57:13,299 - INFO - Processed 20 ticks | Anomalies: 1
2026-09-12 09:57:13,820 - WARNING - OSINT Context for Anomaly [139.59316212427737]: Hidden crypto farm in Mexican mountains puts spotlight on cartel funding - reuters.com
2026-09-12 09:57:13,820 - WARNING - OSINT Context for Anomaly [139.59316212427737]: Hunter Biden’s Crypto Offering Plummets Upon Launching - The New York Times
2026-09-12 09:57:13,821 - WARNING - OSINT Context for Anomaly [139.59316212427737]: Reform receives second £36m donation in two days as crypto investor matches record - BBC
2026-09-12 09:57:21,855 - INFO - Processed 20 ticks | Anomalies: 1
2026-09-12 09:57:21,958 - WARNING - OSINT Context for Anomaly [139.59316212427737]: Hidden crypto farm in Mexican mountains puts spotlight on cartel funding - reuters.com
2026-09-12 09:57:21,958 - WARNING - OSINT Context for Anomaly [139.59316212427737]: Hunter Biden’s Crypto Offering Plummets Upon Launching - The New York Times
2026-09-12 09:57:21,958 - WARNING - OSINT Context for Anomaly [139.59316212427737]: Reform receives second £36m donation in two days as crypto investor matches record - BBC
2026-09-12 09:57:29,996 - INFO - Processed 20 ticks | Anomalies: 1
2026-09-12 09:57:30,088 - WARNING - OSINT Context for Anomaly [139.59316212427737]: Hidden crypto farm in Mexican mountains puts spotlight on cartel funding - reuters.com
2026-09-12 09:57:30,088 - WARNING - OSINT Context for Anomaly [139.59316212427737]: Hunter Biden’s Crypto Offering Plummets Upon Launching - The New York Times
2026-09-12 09:57:30,088 - WARNING - OSINT Context for Anomaly [139.59316212427737]: Reform receives second £36m donation in two days as crypto investor matches record - BBC
2026-09-12 09:57:38,118 - INFO - Processed 20 ticks | Anomalies: 1
2026-09-12 09:57:38,219 - WARNING - OSINT Context for Anomaly [139.59316212427737]: Hidden crypto farm in Mexican mountains puts spotlight on cartel funding - reuters.com
2026-09-12 09:57:38,220 - WARNING - OSINT Context for Anomaly [139.59316212427737]: Hunter Biden’s Crypto Offering Plummets Upon Launching - The New York Times
2026-09-12 09:57:38,220 - WARNING - OSINT Context for Anomaly [139.59316212427737]: Reform receives second £36m donation in two days as crypto investor matches record - BBC
2026-09-12 09:57:46,251 - INFO - Processed 20 ticks | Anomalies: 1
2026-09-12 09:57:46,352 - WARNING - OSINT Context for Anomaly [139.59316212427737]: Hidden crypto farm in Mexican mountains puts spotlight on cartel funding - reuters.com
2026-09-12 09:57:46,353 - WARNING - OSINT Context for Anomaly [139.59316212427737]: Hunter Biden’s Crypto Offering Plummets Upon Launching - The New York Times
2026-09-12 09:57:46,353 - WARNING - OSINT Context for Anomaly [139.59316212427737]: Reform receives second £36m donation in two days as crypto investor matches record - BBC
2026-09-12 09:57:54,387 - INFO - Processed 20 ticks | Anomalies: 1
2026-09-12 09:57:54,492 - WARNING - OSINT Context for Anomaly [139.59316212427737]: Hidden crypto farm in Mexican mountains puts spotlight on cartel funding - reuters.com
2026-09-12 09:57:54,492 - WARNING - OSINT Context for Anomaly [139.59316212427737]: Hunter Biden’s Crypto Offering Plummets Upon Launching - The New York Times
2026-09-12 09:57:54,492 - WARNING - OSINT Context for Anomaly [139.59316212427737]: Reform receives second £36m donation in two days as crypto investor matches record - BBC
2026-09-12 09:58:02,522 - INFO - Processed 20 ticks | Anomalies: 1
2026-09-12 09:58:02,623 - WARNING - OSINT Context for Anomaly [139.59316212427737]: Hidden crypto farm in Mexican mountains puts spotlight on cartel funding - reuters.com
2026-09-12 09:58:02,623 - WARNING - OSINT Context for Anomaly [139.59316212427737]: Hunter Biden’s Crypto Offering Plummets Upon Launching - The New York Times
2026-09-12 09:58:02,623 - WARNING - OSINT Context for Anomaly [139.59316212427737]: Reform receives second £36m donation in two days as crypto investor matches record - BBC
2026-09-12 09:58:10,655 - INFO - Processed 20 ticks | Anomalies: 1
2026-09-12 09:58:11,139 - WARNING - OSINT Context for Anomaly [153.080149717724]: Hidden crypto farm in Mexican mountains puts spotlight on cartel funding - reuters.com
2026-09-12 09:58:11,139 - WARNING - OSINT Context for Anomaly [153.080149717724]: Hunter Biden’s Crypto Offering Plummets Upon Launching - The New York Times
2026-09-12 09:58:11,139 - WARNING - OSINT Context for Anomaly [153.080149717724]: Reform receives second £36m donation in two days as crypto investor matches record - BBC
2026-09-12 09:58:19,170 - INFO - Processed 20 ticks | Anomalies: 1
2026-09-12 09:58:19,267 - WARNING - OSINT Context for Anomaly [153.080149717724]: Hidden crypto farm in Mexican mountains puts spotlight on cartel funding - reuters.com
2026-09-12 09:58:19,268 - WARNING - OSINT Context for Anomaly [153.080149717724]: Hunter Biden’s Crypto Offering Plummets Upon Launching - The New York Times
2026-09-12 09:58:19,268 - WARNING - OSINT Context for Anomaly [153.080149717724]: Reform receives second £36m donation in two days as crypto investor matches record - BBC
2026-09-12 09:58:27,311 - INFO - Processed 20 ticks | Anomalies: 1
2026-09-12 09:58:27,415 - WARNING - OSINT Context for Anomaly [153.080149717724]: Hidden crypto farm in Mexican mountains puts spotlight on cartel funding - reuters.com
2026-09-12 09:58:27,415 - WARNING - OSINT Context for Anomaly [153.080149717724]: Hunter Biden’s Crypto Offering Plummets Upon Launching - The New York Times
2026-09-12 09:58:27,415 - WARNING - OSINT Context for Anomaly [153.080149717724]: Reform receives second £36m donation in two days as crypto investor matches record - BBC
2026-09-12 09:58:35,449 - INFO - Processed 20 ticks | Anomalies: 2
2026-09-12 09:58:35,550 - WARNING - OSINT Context for Anomaly [150.29914343493434, 153.080149717724]: Hidden crypto farm in Mexican mountains puts spotlight on cartel funding - reuters.com
2026-09-12 09:58:35,551 - WARNING - OSINT Context for Anomaly [150.29914343493434, 153.080149717724]: Hunter Biden’s Crypto Offering Plummets Upon Launching - The New York Times
2026-09-12 09:58:35,551 - WARNING - OSINT Context for Anomaly [150.29914343493434, 153.080149717724]: Reform receives second £36m donation in two days as crypto investor matches record - BBC
2026-09-12 09:58:43,587 - INFO - Processed 20 ticks | Anomalies: 3
2026-09-12 09:58:43,696 - WARNING - OSINT Context for Anomaly [159.961060595736, 150.29914343493434, 153.080149717724]: Hidden crypto farm in Mexican mountains puts spotlight on cartel funding - reuters.com
2026-09-12 09:58:43,697 - WARNING - OSINT Context for Anomaly [159.961060595736, 150.29914343493434, 153.080149717724]: Hunter Biden’s Crypto Offering Plummets Upon Launching - The New York Times
2026-09-12 09:58:43,697 - WARNING - OSINT Context for Anomaly [159.961060595736, 150.29914343493434, 153.080149717724]: Reform receives second £36m donation in two days as crypto investor matches record - BBC
2026-09-12 09:58:51,726 - INFO - Processed 20 ticks | Anomalies: 3
2026-09-12 09:58:51,832 - WARNING - OSINT Context for Anomaly [159.961060595736, 150.29914343493434, 153.080149717724]: Hidden crypto farm in Mexican mountains puts spotlight on cartel funding - reuters.com
2026-09-12 09:58:51,832 - WARNING - OSINT Context for Anomaly [159.961060595736, 150.29914343493434, 153.080149717724]: Hunter Biden’s Crypto Offering Plummets Upon Launching - The New York Times
2026-09-12 09:58:51,832 - WARNING - OSINT Context for Anomaly [159.961060595736, 150.29914343493434, 153.080149717724]: Reform receives second £36m donation in two days as crypto investor matches record - BBC
2026-09-12 09:58:59,869 - INFO - Processed 20 ticks | Anomalies: 3
2026-09-12 09:58:59,971 - WARNING - OSINT Context for Anomaly [159.961060595736, 150.29914343493434, 153.080149717724]: Hidden crypto farm in Mexican mountains puts spotlight on cartel funding - reuters.com
2026-09-12 09:58:59,972 - WARNING - OSINT Context for Anomaly [159.961060595736, 150.29914343493434, 153.080149717724]: Hunter Biden’s Crypto Offering Plummets Upon Launching - The New York Times
2026-09-12 09:58:59,972 - WARNING - OSINT Context for Anomaly [159.961060595736, 150.29914343493434, 153.080149717724]: Reform receives second £36m donation in two days as crypto investor matches record - BBC
2026-09-12 09:59:08,005 - INFO - Processed 20 ticks | Anomalies: 3
2026-09-12 09:59:08,105 - WARNING - OSINT Context for Anomaly [159.961060595736, 150.29914343493434, 153.080149717724]: Hidden crypto farm in Mexican mountains puts spotlight on cartel funding - reuters.com
2026-09-12 09:59:08,105 - WARNING - OSINT Context for Anomaly [159.961060595736, 150.29914343493434, 153.080149717724]: Hunter Biden’s Crypto Offering Plummets Upon Launching - The New York Times
2026-09-12 09:59:08,105 - WARNING - OSINT Context for Anomaly [159.961060595736, 150.29914343493434, 153.080149717724]: Reform receives second £36m donation in two days as crypto investor matches record - BBC
2026-09-12 09:59:16,138 - INFO - Processed 20 ticks | Anomalies: 3
2026-09-12 09:59:16,244 - WARNING - OSINT Context for Anomaly [159.961060595736, 150.29914343493434, 153.080149717724]: Hidden crypto farm in Mexican mountains puts spotlight on cartel funding - reuters.com
2026-09-12 09:59:16,244 - WARNING - OSINT Context for Anomaly [159.961060595736, 150.29914343493434, 153.080149717724]: Hunter Biden’s Crypto Offering Plummets Upon Launching - The New York Times
2026-09-12 09:59:16,244 - WARNING - OSINT Context for Anomaly [159.961060595736, 150.29914343493434, 153.080149717724]: Reform receives second £36m donation in two days as crypto investor matches record - BBC
2026-09-12 09:59:24,277 - INFO - Processed 20 ticks | Anomalies: 3
2026-09-12 09:59:24,370 - WARNING - OSINT Context for Anomaly [159.961060595736, 150.29914343493434, 153.080149717724]: Hidden crypto farm in Mexican mountains puts spotlight on cartel funding - reuters.com
2026-09-12 09:59:24,371 - WARNING - OSINT Context for Anomaly [159.961060595736, 150.29914343493434, 153.080149717724]: Hunter Biden’s Crypto Offering Plummets Upon Launching - The New York Times
2026-09-12 09:59:24,371 - WARNING - OSINT Context for Anomaly [159.961060595736, 150.29914343493434, 153.080149717724]: Reform receives second £36m donation in two days as crypto investor matches record - BBC
2026-09-12 09:59:32,404 - INFO - Processed 20 ticks | Anomalies: 3
2026-09-12 09:59:32,498 - WARNING - OSINT Context for Anomaly [159.961060595736, 150.29914343493434, 153.080149717724]: Hidden crypto farm in Mexican mountains puts spotlight on cartel funding - reuters.com
2026-09-12 09:59:32,498 - WARNING - OSINT Context for Anomaly [159.961060595736, 150.29914343493434, 153.080149717724]: Hunter Biden’s Crypto Offering Plummets Upon Launching - The New York Times
2026-09-12 09:59:32,498 - WARNING - OSINT Context for Anomaly [159.961060595736, 150.29914343493434, 153.080149717724]: Reform receives second £36m donation in two days as crypto investor matches record - BBC
2026-09-12 09:59:40,532 - INFO - Processed 20 ticks | Anomalies: 4
2026-09-12 09:59:40,639 - WARNING - OSINT Context for Anomaly [154.49074173027435, 159.961060595736, 150.29914343493434, 153.080149717724]: Hidden crypto farm in Mexican mountains puts spotlight on cartel funding - reuters.com
2026-09-12 09:59:40,639 - WARNING - OSINT Context for Anomaly [154.49074173027435, 159.961060595736, 150.29914343493434, 153.080149717724]: Hunter Biden’s Crypto Offering Plummets Upon Launching - The New York Times
2026-09-12 09:59:40,639 - WARNING - OSINT Context for Anomaly [154.49074173027435, 159.961060595736, 150.29914343493434, 153.080149717724]: Reform receives second £36m donation in two days as crypto investor matches record - BBC
2026-09-12 09:59:48,669 - INFO - Processed 20 ticks | Anomalies: 4
2026-09-12 09:59:48,770 - WARNING - OSINT Context for Anomaly [154.49074173027435, 159.961060595736, 150.29914343493434, 153.080149717724]: Hidden crypto farm in Mexican mountains puts spotlight on cartel funding - reuters.com
2026-09-12 09:59:48,770 - WARNING - OSINT Context for Anomaly [154.49074173027435, 159.961060595736, 150.29914343493434, 153.080149717724]: Hunter Biden’s Crypto Offering Plummets Upon Launching - The New York Times
2026-09-12 09:59:48,771 - WARNING - OSINT Context for Anomaly [154.49074173027435, 159.961060595736, 150.29914343493434, 153.080149717724]: Reform receives second £36m donation in two days as crypto investor matches record - BBC
2026-09-12 09:59:56,813 - INFO - Processed 20 ticks | Anomalies: 4
2026-09-12 09:59:56,911 - WARNING - OSINT Context for Anomaly [154.49074173027435, 159.961060595736, 150.29914343493434, 153.080149717724]: Hidden crypto farm in Mexican mountains puts spotlight on cartel funding - reuters.com
2026-09-12 09:59:56,911 - WARNING - OSINT Context for Anomaly [154.49074173027435, 159.961060595736, 150.29914343493434, 153.080149717724]: Hunter Biden’s Crypto Offering Plummets Upon Launching - The New York Times
2026-09-12 09:59:56,911 - WARNING - OSINT Context for Anomaly [154.49074173027435, 159.961060595736, 150.29914343493434, 153.080149717724]: Reform receives second £36m donation in two days as crypto investor matches record - BBC
2026-09-12 10:00:04,945 - INFO - Processed 20 ticks | Anomalies: 4
2026-09-12 10:00:05,033 - WARNING - OSINT Context for Anomaly [154.49074173027435, 159.961060595736, 150.29914343493434, 153.080149717724]: Hidden crypto farm in Mexican mountains puts spotlight on cartel funding - reuters.com
2026-09-12 10:00:05,033 - WARNING - OSINT Context for Anomaly [154.49074173027435, 159.961060595736, 150.29914343493434, 153.080149717724]: Hunter Biden’s Crypto Offering Plummets Upon Launching - The New York Times
2026-09-12 10:00:05,033 - WARNING - OSINT Context for Anomaly [154.49074173027435, 159.961060595736, 150.29914343493434, 153.080149717724]: Reform receives second £36m donation in two days as crypto investor matches record - BBC
2026-09-12 10:00:13,068 - INFO - Processed 20 ticks | Anomalies: 4
2026-09-12 10:00:13,532 - WARNING - OSINT Context for Anomaly [154.49074173027435, 159.961060595736, 150.29914343493434, 153.080149717724]: Hidden crypto farm in Mexican mountains puts spotlight on cartel funding - reuters.com
2026-09-12 10:00:13,532 - WARNING - OSINT Context for Anomaly [154.49074173027435, 159.961060595736, 150.29914343493434, 153.080149717724]: Hunter Biden’s Crypto Offering Plummets Upon Launching - The New York Times
2026-09-12 10:00:13,532 - WARNING - OSINT Context for Anomaly [154.49074173027435, 159.961060595736, 150.29914343493434, 153.080149717724]: Reform receives second £36m donation in two days as crypto investor matches record - BBC
2026-09-12 10:00:21,562 - INFO - Processed 20 ticks | Anomalies: 4
2026-09-12 10:00:21,665 - WARNING - OSINT Context for Anomaly [154.49074173027435, 159.961060595736, 150.29914343493434, 153.080149717724]: Hidden crypto farm in Mexican mountains puts spotlight on cartel funding - reuters.com
2026-09-12 10:00:21,665 - WARNING - OSINT Context for Anomaly [154.49074173027435, 159.961060595736, 150.29914343493434, 153.080149717724]: Hunter Biden’s Crypto Offering Plummets Upon Launching - The New York Times
2026-09-12 10:00:21,665 - WARNING - OSINT Context for Anomaly [154.49074173027435, 159.961060595736, 150.29914343493434, 153.080149717724]: Reform receives second £36m donation in two days as crypto investor matches record - BBC
2026-09-12 10:00:29,701 - INFO - Processed 20 ticks | Anomalies: 4
2026-09-12 10:00:29,805 - WARNING - OSINT Context for Anomaly [154.49074173027435, 159.961060595736, 150.29914343493434, 153.080149717724]: Hidden crypto farm in Mexican mountains puts spotlight on cartel funding - reuters.com
2026-09-12 10:00:29,805 - WARNING - OSINT Context for Anomaly [154.49074173027435, 159.961060595736, 150.29914343493434, 153.080149717724]: Hunter Biden’s Crypto Offering Plummets Upon Launching - The New York Times
2026-09-12 10:00:29,806 - WARNING - OSINT Context for Anomaly [154.49074173027435, 159.961060595736, 150.29914343493434, 153.080149717724]: Reform receives second £36m donation in two days as crypto investor matches record - BBC
2026-09-12 10:00:37,839 - INFO - Processed 20 ticks | Anomalies: 4
2026-09-12 10:00:37,934 - WARNING - OSINT Context for Anomaly [154.49074173027435, 159.961060595736, 150.29914343493434, 153.080149717724]: Hidden crypto farm in Mexican mountains puts spotlight on cartel funding - reuters.com
2026-09-12 10:00:37,934 - WARNING - OSINT Context for Anomaly [154.49074173027435, 159.961060595736, 150.29914343493434, 153.080149717724]: Hunter Biden’s Crypto Offering Plummets Upon Launching - The New York Times
2026-09-12 10:00:37,934 - WARNING - OSINT Context for Anomaly [154.49074173027435, 159.961060595736, 150.29914343493434, 153.080149717724]: Reform receives second £36m donation in two days as crypto investor matches record - BBC
2026-09-12 10:00:45,970 - INFO - Processed 20 ticks | Anomalies: 4
2026-09-12 10:00:46,073 - WARNING - OSINT Context for Anomaly [154.49074173027435, 159.961060595736, 150.29914343493434, 153.080149717724]: Hidden crypto farm in Mexican mountains puts spotlight on cartel funding - reuters.com
2026-09-12 10:00:46,073 - WARNING - OSINT Context for Anomaly [154.49074173027435, 159.961060595736, 150.29914343493434, 153.080149717724]: Hunter Biden’s Crypto Offering Plummets Upon Launching - The New York Times
2026-09-12 10:00:46,074 - WARNING - OSINT Context for Anomaly [154.49074173027435, 159.961060595736, 150.29914343493434, 153.080149717724]: Reform receives second £36m donation in two days as crypto investor matches record - BBC
2026-09-12 10:00:54,104 - INFO - Processed 20 ticks | Anomalies: 3
2026-09-12 10:00:54,205 - WARNING - OSINT Context for Anomaly [154.49074173027435, 159.961060595736, 150.29914343493434]: Hidden crypto farm in Mexican mountains puts spotlight on cartel funding - reuters.com
2026-09-12 10:00:54,205 - WARNING - OSINT Context for Anomaly [154.49074173027435, 159.961060595736, 150.29914343493434]: Hunter Biden’s Crypto Offering Plummets Upon Launching - The New York Times
2026-09-12 10:00:54,206 - WARNING - OSINT Context for Anomaly [154.49074173027435, 159.961060595736, 150.29914343493434]: Reform receives second £36m donation in two days as crypto investor matches record - BBC
2026-09-12 10:01:02,235 - INFO - Processed 20 ticks | Anomalies: 3
2026-09-12 10:01:02,334 - WARNING - OSINT Context for Anomaly [154.49074173027435, 159.961060595736, 150.29914343493434]: Hidden crypto farm in Mexican mountains puts spotlight on cartel funding - reuters.com
2026-09-12 10:01:02,334 - WARNING - OSINT Context for Anomaly [154.49074173027435, 159.961060595736, 150.29914343493434]: Hunter Biden’s Crypto Offering Plummets Upon Launching - The New York Times
2026-09-12 10:01:02,334 - WARNING - OSINT Context for Anomaly [154.49074173027435, 159.961060595736, 150.29914343493434]: Reform receives second £36m donation in two days as crypto investor matches record - BBC
2026-09-12 10:01:10,372 - INFO - Processed 20 ticks | Anomalies: 3
2026-09-12 10:01:10,471 - WARNING - OSINT Context for Anomaly [154.49074173027435, 159.961060595736, 150.29914343493434]: Hidden crypto farm in Mexican mountains puts spotlight on cartel funding - reuters.com
2026-09-12 10:01:10,471 - WARNING - OSINT Context for Anomaly [154.49074173027435, 159.961060595736, 150.29914343493434]: Hunter Biden’s Crypto Offering Plummets Upon Launching - The New York Times
2026-09-12 10:01:10,471 - WARNING - OSINT Context for Anomaly [154.49074173027435, 159.961060595736, 150.29914343493434]: Reform receives second £36m donation in two days as crypto investor matches record - BBC
2026-09-12 10:01:18,511 - INFO - Processed 20 ticks | Anomalies: 2
2026-09-12 10:01:18,603 - WARNING - OSINT Context for Anomaly [154.49074173027435, 159.961060595736]: Hidden crypto farm in Mexican mountains puts spotlight on cartel funding - reuters.com
2026-09-12 10:01:18,603 - WARNING - OSINT Context for Anomaly [154.49074173027435, 159.961060595736]: Hunter Biden’s Crypto Offering Plummets Upon Launching - The New York Times
2026-09-12 10:01:18,603 - WARNING - OSINT Context for Anomaly [154.49074173027435, 159.961060595736]: Reform receives second £36m donation in two days as crypto investor matches record - BBC
2026-09-12 10:01:26,633 - INFO - Processed 20 ticks | Anomalies: 1
2026-09-12 10:01:26,719 - WARNING - OSINT Context for Anomaly [154.49074173027435]: Hidden crypto farm in Mexican mountains puts spotlight on cartel funding - reuters.com
2026-09-12 10:01:26,720 - WARNING - OSINT Context for Anomaly [154.49074173027435]: Hunter Biden’s Crypto Offering Plummets Upon Launching - The New York Times
2026-09-12 10:01:26,720 - WARNING - OSINT Context for Anomaly [154.49074173027435]: Reform receives second £36m donation in two days as crypto investor matches record - BBC
2026-09-12 10:01:34,757 - INFO - Processed 20 ticks | Anomalies: 1
2026-09-12 10:01:34,861 - WARNING - OSINT Context for Anomaly [154.49074173027435]: Hidden crypto farm in Mexican mountains puts spotlight on cartel funding - reuters.com
2026-09-12 10:01:34,861 - WARNING - OSINT Context for Anomaly [154.49074173027435]: Hunter Biden’s Crypto Offering Plummets Upon Launching - The New York Times
2026-09-12 10:01:34,861 - WARNING - OSINT Context for Anomaly [154.49074173027435]: Reform receives second £36m donation in two days as crypto investor matches record - BBC
2026-09-12 10:01:42,893 - INFO - Processed 20 ticks | Anomalies: 1
2026-09-12 10:01:42,983 - WARNING - OSINT Context for Anomaly [154.49074173027435]: Hidden crypto farm in Mexican mountains puts spotlight on cartel funding - reuters.com
2026-09-12 10:01:42,983 - WARNING - OSINT Context for Anomaly [154.49074173027435]: Hunter Biden’s Crypto Offering Plummets Upon Launching - The New York Times
2026-09-12 10:01:42,983 - WARNING - OSINT Context for Anomaly [154.49074173027435]: Reform receives second £36m donation in two days as crypto investor matches record - BBC
2026-09-12 10:01:51,013 - INFO - Processed 20 ticks | Anomalies: 1
2026-09-12 10:01:51,110 - WARNING - OSINT Context for Anomaly [154.49074173027435]: Hidden crypto farm in Mexican mountains puts spotlight on cartel funding - reuters.com
2026-09-12 10:01:51,110 - WARNING - OSINT Context for Anomaly [154.49074173027435]: Hunter Biden’s Crypto Offering Plummets Upon Launching - The New York Times
2026-09-12 10:01:51,110 - WARNING - OSINT Context for Anomaly [154.49074173027435]: Reform receives second £36m donation in two days as crypto investor matches record - BBC
2026-09-12 10:01:59,139 - INFO - Processed 20 ticks | Anomalies: 1
2026-09-12 10:01:59,232 - WARNING - OSINT Context for Anomaly [154.49074173027435]: Hidden crypto farm in Mexican mountains puts spotlight on cartel funding - reuters.com
2026-09-12 10:01:59,233 - WARNING - OSINT Context for Anomaly [154.49074173027435]: Hunter Biden’s Crypto Offering Plummets Upon Launching - The New York Times
2026-09-12 10:01:59,233 - WARNING - OSINT Context for Anomaly [154.49074173027435]: Reform receives second £36m donation in two days as crypto investor matches record - BBC
2026-09-12 10:02:07,268 - INFO - Processed 20 ticks | Anomalies: 1
2026-09-12 10:02:07,401 - WARNING - OSINT Context for Anomaly [154.49074173027435]: Hidden crypto farm in Mexican mountains puts spotlight on cartel funding - reuters.com
2026-09-12 10:02:07,401 - WARNING - OSINT Context for Anomaly [154.49074173027435]: Hunter Biden’s Crypto Offering Plummets Upon Launching - The New York Times
2026-09-12 10:02:07,401 - WARNING - OSINT Context for Anomaly [154.49074173027435]: Reform receives second £36m donation in two days as crypto investor matches record - BBC
2026-09-12 10:02:15,436 - INFO - Processed 20 ticks | Anomalies: 1
2026-09-12 10:02:15,872 - WARNING - OSINT Context for Anomaly [154.49074173027435]: Hidden crypto farm in Mexican mountains puts spotlight on cartel funding - reuters.com
2026-09-12 10:02:15,873 - WARNING - OSINT Context for Anomaly [154.49074173027435]: Hunter Biden’s Crypto Offering Plummets Upon Launching - The New York Times
2026-09-12 10:02:15,873 - WARNING - OSINT Context for Anomaly [154.49074173027435]: Reform receives second £36m donation in two days as crypto investor matches record - BBC
2026-09-12 10:02:23,906 - INFO - Processed 20 ticks | Anomalies: 0
2026-09-12 10:02:31,943 - INFO - Processed 20 ticks | Anomalies: 0
2026-09-12 10:02:39,978 - INFO - Processed 20 ticks | Anomalies: 0
2026-09-12 10:02:48,010 - INFO - Processed 20 ticks | Anomalies: 1
2026-09-12 10:02:48,105 - WARNING - OSINT Context for Anomaly [139.73587907212232]: Hidden crypto farm in Mexican mountains puts spotlight on cartel funding - reuters.com
2026-09-12 10:02:48,106 - WARNING - OSINT Context for Anomaly [139.73587907212232]: Hunter Biden’s Crypto Offering Plummets Upon Launching - The New York Times
2026-09-12 10:02:48,106 - WARNING - OSINT Context for Anomaly [139.73587907212232]: Reform receives second £36m donation in two days as crypto investor matches record - BBC
2026-09-12 10:02:56,139 - INFO - Processed 20 ticks | Anomalies: 1
2026-09-12 10:02:56,223 - WARNING - OSINT Context for Anomaly [139.73587907212232]: Hidden crypto farm in Mexican mountains puts spotlight on cartel funding - reuters.com
2026-09-12 10:02:56,224 - WARNING - OSINT Context for Anomaly [139.73587907212232]: Hunter Biden’s Crypto Offering Plummets Upon Launching - The New York Times
2026-09-12 10:02:56,224 - WARNING - OSINT Context for Anomaly [139.73587907212232]: Reform receives second £36m donation in two days as crypto investor matches record - BBC
2026-09-12 10:03:04,261 - INFO - Processed 20 ticks | Anomalies: 1
2026-09-12 10:03:04,356 - WARNING - OSINT Context for Anomaly [139.73587907212232]: Hidden crypto farm in Mexican mountains puts spotlight on cartel funding - reuters.com
2026-09-12 10:03:04,357 - WARNING - OSINT Context for Anomaly [139.73587907212232]: Hunter Biden’s Crypto Offering Plummets Upon Launching - The New York Times
2026-09-12 10:03:04,357 - WARNING - OSINT Context for Anomaly [139.73587907212232]: Reform receives second £36m donation in two days as crypto investor matches record - BBC
2026-09-12 10:03:12,386 - INFO - Processed 20 ticks | Anomalies: 1
2026-09-12 10:03:12,481 - WARNING - OSINT Context for Anomaly [139.73587907212232]: Hidden crypto farm in Mexican mountains puts spotlight on cartel funding - reuters.com
2026-09-12 10:03:12,482 - WARNING - OSINT Context for Anomaly [139.73587907212232]: Hunter Biden’s Crypto Offering Plummets Upon Launching - The New York Times
2026-09-12 10:03:12,482 - WARNING - OSINT Context for Anomaly [139.73587907212232]: Reform receives second £36m donation in two days as crypto investor matches record - BBC
2026-09-12 10:03:20,512 - INFO - Processed 20 ticks | Anomalies: 1
2026-09-12 10:03:20,615 - WARNING - OSINT Context for Anomaly [139.73587907212232]: Hidden crypto farm in Mexican mountains puts spotlight on cartel funding - reuters.com
2026-09-12 10:03:20,616 - WARNING - OSINT Context for Anomaly [139.73587907212232]: Hunter Biden’s Crypto Offering Plummets Upon Launching - The New York Times
2026-09-12 10:03:20,616 - WARNING - OSINT Context for Anomaly [139.73587907212232]: Reform receives second £36m donation in two days as crypto investor matches record - BBC
2026-09-12 10:03:28,646 - INFO - Processed 20 ticks | Anomalies: 1
2026-09-12 10:03:28,743 - WARNING - OSINT Context for Anomaly [139.73587907212232]: Hidden crypto farm in Mexican mountains puts spotlight on cartel funding - reuters.com
2026-09-12 10:03:28,744 - WARNING - OSINT Context for Anomaly [139.73587907212232]: Hunter Biden’s Crypto Offering Plummets Upon Launching - The New York Times
2026-09-12 10:03:28,744 - WARNING - OSINT Context for Anomaly [139.73587907212232]: Reform receives second £36m donation in two days as crypto investor matches record - BBC
2026-09-12 10:03:36,774 - INFO - Processed 20 ticks | Anomalies: 1
2026-09-12 10:03:36,871 - WARNING - OSINT Context for Anomaly [139.73587907212232]: Hidden crypto farm in Mexican mountains puts spotlight on cartel funding - reuters.com
2026-09-12 10:03:36,871 - WARNING - OSINT Context for Anomaly [139.73587907212232]: Hunter Biden’s Crypto Offering Plummets Upon Launching - The New York Times
2026-09-12 10:03:36,871 - WARNING - OSINT Context for Anomaly [139.73587907212232]: Reform receives second £36m donation in two days as crypto investor matches record - BBC
2026-09-12 10:03:44,904 - INFO - Processed 20 ticks | Anomalies: 1
2026-09-12 10:03:45,007 - WARNING - OSINT Context for Anomaly [139.73587907212232]: Hidden crypto farm in Mexican mountains puts spotlight on cartel funding - reuters.com
2026-09-12 10:03:45,008 - WARNING - OSINT Context for Anomaly [139.73587907212232]: Hunter Biden’s Crypto Offering Plummets Upon Launching - The New York Times
2026-09-12 10:03:45,008 - WARNING - OSINT Context for Anomaly [139.73587907212232]: Reform receives second £36m donation in two days as crypto investor matches record - BBC
2026-09-12 10:03:53,038 - INFO - Processed 20 ticks | Anomalies: 2
2026-09-12 10:03:53,122 - WARNING - OSINT Context for Anomaly [145.46582763477755, 139.73587907212232]: Hidden crypto farm in Mexican mountains puts spotlight on cartel funding - reuters.com
2026-09-12 10:03:53,122 - WARNING - OSINT Context for Anomaly [145.46582763477755, 139.73587907212232]: Hunter Biden’s Crypto Offering Plummets Upon Launching - The New York Times
2026-09-12 10:03:53,122 - WARNING - OSINT Context for Anomaly [145.46582763477755, 139.73587907212232]: Reform receives second £36m donation in two days as crypto investor matches record - BBC
2026-09-12 10:04:01,153 - INFO - Processed 20 ticks | Anomalies: 2
2026-09-12 10:04:01,243 - WARNING - OSINT Context for Anomaly [145.46582763477755, 139.73587907212232]: Hidden crypto farm in Mexican mountains puts spotlight on cartel funding - reuters.com
2026-09-12 10:04:01,244 - WARNING - OSINT Context for Anomaly [145.46582763477755, 139.73587907212232]: Hunter Biden’s Crypto Offering Plummets Upon Launching - The New York Times
2026-09-12 10:04:01,244 - WARNING - OSINT Context for Anomaly [145.46582763477755, 139.73587907212232]: Reform receives second £36m donation in two days as crypto investor matches record - BBC
2026-09-12 10:04:09,274 - INFO - Processed 20 ticks | Anomalies: 2
2026-09-12 10:04:09,375 - WARNING - OSINT Context for Anomaly [145.46582763477755, 139.73587907212232]: Hidden crypto farm in Mexican mountains puts spotlight on cartel funding - reuters.com
2026-09-12 10:04:09,375 - WARNING - OSINT Context for Anomaly [145.46582763477755, 139.73587907212232]: Hunter Biden’s Crypto Offering Plummets Upon Launching - The New York Times
2026-09-12 10:04:09,375 - WARNING - OSINT Context for Anomaly [145.46582763477755, 139.73587907212232]: Reform receives second £36m donation in two days as crypto investor matches record - BBC
2026-09-12 10:04:17,404 - INFO - Processed 20 ticks | Anomalies: 2
2026-09-12 10:04:17,797 - WARNING - OSINT Context for Anomaly [145.46582763477755, 139.73587907212232]: Hidden crypto farm in Mexican mountains puts spotlight on cartel funding - reuters.com
2026-09-12 10:04:17,797 - WARNING - OSINT Context for Anomaly [145.46582763477755, 139.73587907212232]: Hunter Biden’s Crypto Offering Plummets Upon Launching - The New York Times
2026-09-12 10:04:17,798 - WARNING - OSINT Context for Anomaly [145.46582763477755, 139.73587907212232]: Reform receives second £36m donation in two days as crypto investor matches record - BBC
2026-09-12 10:04:25,829 - INFO - Processed 20 ticks | Anomalies: 2
2026-09-12 10:04:25,923 - WARNING - OSINT Context for Anomaly [145.46582763477755, 139.73587907212232]: Hidden crypto farm in Mexican mountains puts spotlight on cartel funding - reuters.com
2026-09-12 10:04:25,924 - WARNING - OSINT Context for Anomaly [145.46582763477755, 139.73587907212232]: Hunter Biden’s Crypto Offering Plummets Upon Launching - The New York Times
2026-09-12 10:04:25,924 - WARNING - OSINT Context for Anomaly [145.46582763477755, 139.73587907212232]: Reform receives second £36m donation in two days as crypto investor matches record - BBC
